window_end,target_time,y,basket_return_next,model,y_pred
2023-06-30 23:00:00+00:00,2023-07-03 23:00:00+00:00,0.09909681602721804,0.004874108261366944,zero_change,0.0
2023-07-03 23:00:00+00:00,2023-07-04 23:00:00+00:00,-0.46589859363730457,0.0018817138499776518,zero_change,0.0
2023-07-04 23:00:00+00:00,2023-07-05 23:00:00+00:00,-2.7796603930414556,-0.027481444648436416,zero_change,0.0
2023-07-05 23:00:00+00:00,2023-07-06 23:00:00+00:00,0.9438094023532675,-0.017914418960217966,zero_change,0.0
2023-07-06 23:00:00+00:00,2023-07-07 23:00:00+00:00,1.0994697268219404,-0.00452155792067741,zero_change,0.0
2023-07-07 23:00:00+00:00,2023-07-10 23:00:00+00:00,0.09754194677337513,-0.005407975200174236,zero_change,0.0
2023-07-10 23:00:00+00:00,2023-07-11 23:00:00+00:00,1.2510711057026127,0.009282187331107049,zero_change,0.0
2023-07-11 23:00:00+00:00,2023-07-12 23:00:00+00:00,0.5313651560799122,0.014391820143215694,zero_change,0.0
2023-07-12 23:00:00+00:00,2023-07-13 23:00:00+00:00,0.25331926735136,0.01639902104419389,zero_change,0.0
2023-07-13 23:00:00+00:00,2023-07-14 23:00:00+00:00,-2.3590507603165123,-0.01036949587951754,zero_change,0.0
2023-07-14 23:00:00+00:00,2023-07-17 23:00:00+00:00,0.6320277974685539,-0.0009763142906332338,zero_change,0.0
2023-07-17 23:00:00+00:00,2023-07-18 23:00:00+00:00,-0.07861991957261855,-0.0013946067059967175,zero_change,0.0
2023-07-18 23:00:00+00:00,2023-07-19 23:00:00+00:00,0.3659666449678321,0.0017061373790585826,zero_change,0.0
2023-07-19 23:00:00+00:00,2023-07-20 23:00:00+00:00,-0.5004287874759809,-0.006686301145567348,zero_change,0.0
2023-07-20 23:00:00+00:00,2023-07-21 23:00:00+00:00,0.982666070842994,0.005137589121756495,zero_change,0.0
2023-07-21 23:00:00+00:00,2023-07-24 23:00:00+00:00,0.04777434862220098,0.007864484405030658,zero_change,0.0
2023-07-24 23:00:00+00:00,2023-07-25 23:00:00+00:00,-0.4937859535205661,0.0026144443118582563,zero_change,0.0
2023-07-25 23:00:00+00:00,2023-07-26 23:00:00+00:00,0.9608576009407895,0.01134488793452025,zero_change,0.0
2023-07-26 23:00:00+00:00,2023-07-27 23:00:00+00:00,-2.4919501340902794,-0.017790880183693025,zero_change,0.0
2023-07-27 23:00:00+00:00,2023-07-28 23:00:00+00:00,-0.6313881735852909,-0.023139792864366703,zero_change,0.0
2023-07-28 23:00:00+00:00,2023-07-31 23:00:00+00:00,1.7303245205268378,-0.0018770695285891745,zero_change,0.0
2023-07-31 23:00:00+00:00,2023-08-01 23:00:00+00:00,-0.7440712500913771,-0.009975511393071373,zero_change,0.0
2023-08-01 23:00:00+00:00,2023-08-02 23:00:00+00:00,-1.0307817190635498,-0.02099263003378495,zero_change,0.0
2023-08-02 23:00:00+00:00,2023-08-03 23:00:00+00:00,1.5134555770834617,-0.004598800003617887,zero_change,0.0
2023-08-03 23:00:00+00:00,2023-08-04 23:00:00+00:00,1.4604470438684818,0.009590556853158815,zero_change,0.0
2023-08-04 23:00:00+00:00,2023-08-07 23:00:00+00:00,-1.4060338933717675,-0.006018085384303692,zero_change,0.0
2023-08-07 23:00:00+00:00,2023-08-08 23:00:00+00:00,1.199281569830319,0.007286770357886426,zero_change,0.0
2023-08-08 23:00:00+00:00,2023-08-09 23:00:00+00:00,-1.1214716944878278,-0.0055905531829725215,zero_change,0.0
2023-08-09 23:00:00+00:00,2023-08-10 23:00:00+00:00,-0.2829055480734056,-0.011558806279905137,zero_change,0.0
2023-08-10 23:00:00+00:00,2023-08-11 23:00:00+00:00,0.5212413756101026,-0.0024651033082681503,zero_change,0.0
2023-08-11 23:00:00+00:00,2023-08-14 23:00:00+00:00,-0.7474193430053082,-0.010027039397738175,zero_change,0.0
2023-08-14 23:00:00+00:00,2023-08-15 23:00:00+00:00,-1.1173707549767358,-0.021495004152898897,zero_change,0.0
2023-08-15 23:00:00+00:00,2023-08-16 23:00:00+00:00,2.68741177906527,0.006852411865921548,zero_change,0.0
2023-08-16 23:00:00+00:00,2023-08-17 23:00:00+00:00,-2.9924681493638876,-0.026520481036997917,zero_change,0.0
2023-08-17 23:00:00+00:00,2023-08-18 23:00:00+00:00,2.688704944298233,0.0021324821669317933,zero_change,0.0
2023-08-18 23:00:00+00:00,2023-08-21 23:00:00+00:00,-0.46523541655618017,-0.0022472994900108443,zero_change,0.0
2023-08-21 23:00:00+00:00,2023-08-22 23:00:00+00:00,1.1510294112268233,0.011859321333414947,zero_change,0.0
2023-08-22 23:00:00+00:00,2023-08-23 23:00:00+00:00,0.7383088141273548,0.01856042131912121,zero_change,0.0
2023-08-23 23:00:00+00:00,2023-08-24 23:00:00+00:00,-0.2989271598424932,0.016968570817714017,zero_change,0.0
2023-08-24 23:00:00+00:00,2023-08-25 23:00:00+00:00,-0.9987156112852262,0.0034790057202582236,zero_change,0.0
2023-08-25 23:00:00+00:00,2023-08-28 23:00:00+00:00,-0.2579281785137518,0.0023759335401294453,zero_change,0.0
2023-08-28 23:00:00+00:00,2023-08-29 23:00:00+00:00,1.1497724490971337,0.01355838278318239,zero_change,0.0
2023-08-29 23:00:00+00:00,2023-08-30 23:00:00+00:00,-10.508651422573223,-0.10186491757201528,zero_change,0.0
2023-08-30 23:00:00+00:00,2023-08-31 23:00:00+00:00,9.728880347095762,0.006334096891097615,zero_change,0.0
2023-08-31 23:00:00+00:00,2023-09-01 23:00:00+00:00,0.01585294768222678,0.009855941643447596,zero_change,0.0
2023-09-01 23:00:00+00:00,2023-09-04 23:00:00+00:00,-2.237706587314992,-0.018329735286361122,zero_change,0.0
2023-09-04 23:00:00+00:00,2023-09-05 23:00:00+00:00,-1.6351716011328312,-0.03728243299099594,zero_change,0.0
2023-09-05 23:00:00+00:00,2023-09-06 23:00:00+00:00,2.551966672234518,-0.009759753851797785,zero_change,0.0
2023-09-06 23:00:00+00:00,2023-09-07 23:00:00+00:00,0.2184437232922386,-0.009192240353067605,zero_change,0.0
2023-09-07 23:00:00+00:00,2023-09-08 23:00:00+00:00,1.2962344159171284,0.006670048131453967,zero_change,0.0
2023-09-08 23:00:00+00:00,2023-09-11 23:00:00+00:00,-1.541323732055778,-0.0077431959288096035,zero_change,0.0
2023-09-11 23:00:00+00:00,2023-09-12 23:00:00+00:00,-0.365416124916475,-0.012954517792704425,zero_change,0.0
2023-09-12 23:00:00+00:00,2023-09-13 23:00:00+00:00,2.4547311496497053,0.017635412783872085,zero_change,0.0
2023-09-13 23:00:00+00:00,2023-09-14 23:00:00+00:00,1.970261767408183,0.03652905279407096,zero_change,0.0
2023-09-14 23:00:00+00:00,2023-09-15 23:00:00+00:00,-3.9721292796520933,-0.00866683982475663,zero_change,0.0
2023-09-15 23:00:00+00:00,2023-09-18 23:00:00+00:00,0.541505169212682,-0.0011269234641432023,zero_change,0.0
2023-09-18 23:00:00+00:00,2023-09-19 23:00:00+00:00,0.35138037944238637,0.001764869031644281,zero_change,0.0
2023-09-19 23:00:00+00:00,2023-09-20 23:00:00+00:00,1.2989761502071695,0.015963592822706013,zero_change,0.0
2023-09-20 23:00:00+00:00,2023-09-21 23:00:00+00:00,-3.539601464491641,-0.02083231251287865,zero_change,0.0
2023-09-21 23:00:00+00:00,2023-09-22 23:00:00+00:00,1.2180566296987574,-0.008855094659395478,zero_change,0.0
2023-09-22 23:00:00+00:00,2023-09-25 23:00:00+00:00,-1.8610371194461468,-0.027921230823582128,zero_change,0.0
2023-09-25 23:00:00+00:00,2023-09-26 23:00:00+00:00,1.8457479189791912,-0.012600718380372166,zero_change,0.0
2023-09-26 23:00:00+00:00,2023-09-27 23:00:00+00:00,0.2641577144214037,-0.0035478699695188024,zero_change,0.0
2023-09-27 23:00:00+00:00,2023-09-28 23:00:00+00:00,0.3303043316426424,-0.0010190630814550239,zero_change,0.0
2023-09-28 23:00:00+00:00,2023-09-29 23:00:00+00:00,1.3034320036358529,0.012453968866808905,zero_change,0.0
2023-09-29 23:00:00+00:00,2023-10-02 23:00:00+00:00,-4.927931457980027,-0.04076138826857029,zero_change,0.0
2023-10-02 23:00:00+00:00,2023-10-03 23:00:00+00:00,-1.7962779543084562,-0.06069804572202125,zero_change,0.0
2023-10-03 23:00:00+00:00,2023-10-04 23:00:00+00:00,5.838060956438902,9.821875184268877e-05,zero_change,0.0
2023-10-04 23:00:00+00:00,2023-10-05 23:00:00+00:00,0.729939972303883,0.007869733406515263,zero_change,0.0
2023-10-05 23:00:00+00:00,2023-10-06 23:00:00+00:00,-1.2934050388992862,-0.003945322909809144,zero_change,0.0
2023-10-06 23:00:00+00:00,2023-10-09 23:00:00+00:00,1.7934941497625003,0.015937763216708013,zero_change,0.0
2023-10-09 23:00:00+00:00,2023-10-10 23:00:00+00:00,3.0233066556118295,0.04900592881345823,zero_change,0.0
2023-10-10 23:00:00+00:00,2023-10-11 23:00:00+00:00,-3.524387283894635,0.008992888684578872,zero_change,0.0
2023-10-11 23:00:00+00:00,2023-10-12 23:00:00+00:00,-2.3610750731700505,-0.01487473038284883,zero_change,0.0
2023-10-12 23:00:00+00:00,2023-10-13 23:00:00+00:00,-1.5270835936471352,-0.032763268700496714,zero_change,0.0
2023-10-13 23:00:00+00:00,2023-10-16 23:00:00+00:00,2.328332363701813,-0.0075863467691355,zero_change,0.0
2023-10-16 23:00:00+00:00,2023-10-17 23:00:00+00:00,1.28314550919643,0.007347491274735465,zero_change,0.0
2023-10-17 23:00:00+00:00,2023-10-18 23:00:00+00:00,-1.9736713172406959,-0.015209111569514292,zero_change,0.0
2023-10-18 23:00:00+00:00,2023-10-19 23:00:00+00:00,1.3128691761508187,-0.0007521382505950158,zero_change,0.0
2023-10-19 23:00:00+00:00,2023-10-20 23:00:00+00:00,-0.33228985612542794,-0.0019445450690208442,zero_change,0.0
2023-10-20 23:00:00+00:00,2023-10-23 23:00:00+00:00,-0.4074090679931937,-0.008636817200200316,zero_change,0.0
2023-10-23 23:00:00+00:00,2023-10-24 23:00:00+00:00,4.169378403504558,0.039580998031844096,zero_change,0.0
2023-10-24 23:00:00+00:00,2023-10-25 23:00:00+00:00,-3.454552164665807,-0.0032717845803528155,zero_change,0.0
2023-10-25 23:00:00+00:00,2023-10-26 23:00:00+00:00,0.9259822522220476,0.014009623714062888,zero_change,0.0
2023-10-26 23:00:00+00:00,2023-10-27 23:00:00+00:00,-0.5308551428354265,0.0029668122539084057,zero_change,0.0
2023-10-27 23:00:00+00:00,2023-10-30 23:00:00+00:00,-1.6062733689252375,-0.015444026106954025,zero_change,0.0
2023-10-30 23:00:00+00:00,2023-10-31 23:00:00+00:00,3.1186332686611653,0.020163926756527496,zero_change,0.0
2023-10-31 23:00:00+00:00,2023-11-01 23:00:00+00:00,-8.668846514557941,-0.07594134981310705,zero_change,0.0
2023-11-01 23:00:00+00:00,2023-11-02 23:00:00+00:00,10.43398305696287,0.0398845142566886,zero_change,0.0
2023-11-02 23:00:00+00:00,2023-11-03 23:00:00+00:00,-1.0387665741117575,0.02941826069014449,zero_change,0.0
2023-11-03 23:00:00+00:00,2023-11-06 23:00:00+00:00,-3.521027281322895,-0.008546216232655588,zero_change,0.0
2023-11-06 23:00:00+00:00,2023-11-07 23:00:00+00:00,-0.6766583578977743,-0.018332384931272882,zero_change,0.0
2023-11-07 23:00:00+00:00,2023-11-08 23:00:00+00:00,1.9746474546029305,0.009239790083787423,zero_change,0.0
2023-11-08 23:00:00+00:00,2023-11-09 23:00:00+00:00,0.9677586886333002,0.011870690479815458,zero_change,0.0
2023-11-09 23:00:00+00:00,2023-11-10 23:00:00+00:00,-0.9387279066471004,0.003938112827737752,zero_change,0.0
2023-11-10 23:00:00+00:00,2023-11-13 23:00:00+00:00,-0.2450882969121168,0.001346797930668141,zero_change,0.0
2023-11-13 23:00:00+00:00,2023-11-14 23:00:00+00:00,3.5019600338526997,0.04006248511339531,zero_change,0.0
2023-11-14 23:00:00+00:00,2023-11-15 23:00:00+00:00,-3.7984358761844392,-0.000549242031755819,zero_change,0.0
2023-11-15 23:00:00+00:00,2023-11-16 23:00:00+00:00,0.4418126055210414,0.0007055399752230563,zero_change,0.0
2023-11-16 23:00:00+00:00,2023-11-17 23:00:00+00:00,0.8107498807806336,0.012945951501180882,zero_change,0.0
2023-11-17 23:00:00+00:00,2023-11-20 23:00:00+00:00,-0.13513690206897655,0.011001891979972454,zero_change,0.0
2023-11-20 23:00:00+00:00,2023-11-21 23:00:00+00:00,-2.9486698232871014,-0.02148144833549965,zero_change,0.0
2023-11-21 23:00:00+00:00,2023-11-22 23:00:00+00:00,2.2057902226640964,0.0016403986015597878,zero_change,0.0
2023-11-22 23:00:00+00:00,2023-11-23 23:00:00+00:00,-0.3200670068812753,-0.002473649680771024,zero_change,0.0
2023-11-23 23:00:00+00:00,2023-11-24 23:00:00+00:00,-1.0911501853986725,-0.01364694296436111,zero_change,0.0
2023-11-24 23:00:00+00:00,2023-11-27 23:00:00+00:00,2.869693264546754,0.019220544047317642,zero_change,0.0
2023-11-27 23:00:00+00:00,2023-11-28 23:00:00+00:00,-1.9624109277795003,-0.004081050137681327,zero_change,0.0
2023-11-28 23:00:00+00:00,2023-11-29 23:00:00+00:00,2.298896302510195,0.024180628118675246,zero_change,0.0
2023-11-29 23:00:00+00:00,2023-11-30 23:00:00+00:00,-0.1872060498534749,0.021665524861888746,zero_change,0.0
2023-11-30 23:00:00+00:00,2023-12-01 23:00:00+00:00,-1.4749600398704092,0.0029949598848803705,zero_change,0.0
2023-12-01 23:00:00+00:00,2023-12-04 23:00:00+00:00,-0.04568284762981445,0.0022596106357090358,zero_change,0.0
2023-12-04 23:00:00+00:00,2023-12-05 23:00:00+00:00,1.6646983830525,0.021838944046754103,zero_change,0.0
2023-12-05 23:00:00+00:00,2023-12-06 23:00:00+00:00,-0.3764328381990212,0.017081430542849982,zero_change,0.0
2023-12-06 23:00:00+00:00,2023-12-07 23:00:00+00:00,-1.7857477017509533,-0.003850671215287862,zero_change,0.0
2023-12-07 23:00:00+00:00,2023-12-08 23:00:00+00:00,-0.32048218388577204,-0.005626619292248749,zero_change,0.0
2023-12-08 23:00:00+00:00,2023-12-11 23:00:00+00:00,-1.0888045459210245,-0.017312230689619394,zero_change,0.0
2023-12-11 23:00:00+00:00,2023-12-12 23:00:00+00:00,0.30972786463947277,-0.014627172901116777,zero_change,0.0
2023-12-12 23:00:00+00:00,2023-12-13 23:00:00+00:00,2.665662398672165,0.014663657044643445,zero_change,0.0
2023-12-13 23:00:00+00:00,2023-12-14 23:00:00+00:00,2.901565324318237,0.04881015075253094,zero_change,0.0
2023-12-14 23:00:00+00:00,2023-12-15 23:00:00+00:00,-3.636785627739769,0.007703198349635079,zero_change,0.0
2023-12-15 23:00:00+00:00,2023-12-18 23:00:00+00:00,-2.3200458717927193,-0.017950689580301524,zero_change,0.0
2023-12-18 23:00:00+00:00,2023-12-19 23:00:00+00:00,2.101063302631097,0.0035731253184379244,zero_change,0.0
2023-12-19 23:00:00+00:00,2023-12-20 23:00:00+00:00,0.6439700378113881,0.013633710135809182,zero_change,0.0
2023-12-20 23:00:00+00:00,2023-12-21 23:00:00+00:00,-0.7227275793950543,0.003869228719287048,zero_change,0.0
2023-12-21 23:00:00+00:00,2023-12-22 23:00:00+00:00,0.3169563894494805,0.006905335813139505,zero_change,0.0
2023-12-22 23:00:00+00:00,2023-12-27 23:00:00+00:00,0.6897441702391572,0.017613717422371656,zero_change,0.0
2023-12-27 23:00:00+00:00,2023-12-28 23:00:00+00:00,-0.9772893951861185,0.005572773609207698,zero_change,0.0
2023-12-28 23:00:00+00:00,2023-12-29 23:00:00+00:00,-0.41338940721020323,-0.0009736218675632683,zero_change,0.0
2023-06-30 23:00:00+00:00,2023-07-03 23:00:00+00:00,0.09909681602721804,0.004874108261366944,previous_pc1_change,-2.5162775282229237
2023-07-03 23:00:00+00:00,2023-07-04 23:00:00+00:00,-0.46589859363730457,0.0018817138499776518,previous_pc1_change,1.428218706605556
2023-07-04 23:00:00+00:00,2023-07-05 23:00:00+00:00,-2.7796603930414556,-0.027481444648436416,previous_pc1_change,0.09909681602721804
2023-07-05 23:00:00+00:00,2023-07-06 23:00:00+00:00,0.9438094023532675,-0.017914418960217966,previous_pc1_change,-0.46589859363730457
2023-07-06 23:00:00+00:00,2023-07-07 23:00:00+00:00,1.0994697268219404,-0.00452155792067741,previous_pc1_change,-2.7796603930414556
2023-07-07 23:00:00+00:00,2023-07-10 23:00:00+00:00,0.09754194677337513,-0.005407975200174236,previous_pc1_change,0.9438094023532675
2023-07-10 23:00:00+00:00,2023-07-11 23:00:00+00:00,1.2510711057026127,0.009282187331107049,previous_pc1_change,1.0994697268219404
2023-07-11 23:00:00+00:00,2023-07-12 23:00:00+00:00,0.5313651560799122,0.014391820143215694,previous_pc1_change,0.09754194677337513
2023-07-12 23:00:00+00:00,2023-07-13 23:00:00+00:00,0.25331926735136,0.01639902104419389,previous_pc1_change,1.2510711057026127
2023-07-13 23:00:00+00:00,2023-07-14 23:00:00+00:00,-2.3590507603165123,-0.01036949587951754,previous_pc1_change,0.5313651560799122
2023-07-14 23:00:00+00:00,2023-07-17 23:00:00+00:00,0.6320277974685539,-0.0009763142906332338,previous_pc1_change,0.25331926735136
2023-07-17 23:00:00+00:00,2023-07-18 23:00:00+00:00,-0.07861991957261855,-0.0013946067059967175,previous_pc1_change,-2.3590507603165123
2023-07-18 23:00:00+00:00,2023-07-19 23:00:00+00:00,0.3659666449678321,0.0017061373790585826,previous_pc1_change,0.6320277974685539
2023-07-19 23:00:00+00:00,2023-07-20 23:00:00+00:00,-0.5004287874759809,-0.006686301145567348,previous_pc1_change,-0.07861991957261855
2023-07-20 23:00:00+00:00,2023-07-21 23:00:00+00:00,0.982666070842994,0.005137589121756495,previous_pc1_change,0.3659666449678321
2023-07-21 23:00:00+00:00,2023-07-24 23:00:00+00:00,0.04777434862220098,0.007864484405030658,previous_pc1_change,-0.5004287874759809
2023-07-24 23:00:00+00:00,2023-07-25 23:00:00+00:00,-0.4937859535205661,0.0026144443118582563,previous_pc1_change,0.982666070842994
2023-07-25 23:00:00+00:00,2023-07-26 23:00:00+00:00,0.9608576009407895,0.01134488793452025,previous_pc1_change,0.04777434862220098
2023-07-26 23:00:00+00:00,2023-07-27 23:00:00+00:00,-2.4919501340902794,-0.017790880183693025,previous_pc1_change,-0.4937859535205661
2023-07-27 23:00:00+00:00,2023-07-28 23:00:00+00:00,-0.6313881735852909,-0.023139792864366703,previous_pc1_change,0.9608576009407895
2023-07-28 23:00:00+00:00,2023-07-31 23:00:00+00:00,1.7303245205268378,-0.0018770695285891745,previous_pc1_change,-2.4919501340902794
2023-07-31 23:00:00+00:00,2023-08-01 23:00:00+00:00,-0.7440712500913771,-0.009975511393071373,previous_pc1_change,-0.6313881735852909
2023-08-01 23:00:00+00:00,2023-08-02 23:00:00+00:00,-1.0307817190635498,-0.02099263003378495,previous_pc1_change,1.7303245205268378
2023-08-02 23:00:00+00:00,2023-08-03 23:00:00+00:00,1.5134555770834617,-0.004598800003617887,previous_pc1_change,-0.7440712500913771
2023-08-03 23:00:00+00:00,2023-08-04 23:00:00+00:00,1.4604470438684818,0.009590556853158815,previous_pc1_change,-1.0307817190635498
2023-08-04 23:00:00+00:00,2023-08-07 23:00:00+00:00,-1.4060338933717675,-0.006018085384303692,previous_pc1_change,1.5134555770834617
2023-08-07 23:00:00+00:00,2023-08-08 23:00:00+00:00,1.199281569830319,0.007286770357886426,previous_pc1_change,1.4604470438684818
2023-08-08 23:00:00+00:00,2023-08-09 23:00:00+00:00,-1.1214716944878278,-0.0055905531829725215,previous_pc1_change,-1.4060338933717675
2023-08-09 23:00:00+00:00,2023-08-10 23:00:00+00:00,-0.2829055480734056,-0.011558806279905137,previous_pc1_change,1.199281569830319
2023-08-10 23:00:00+00:00,2023-08-11 23:00:00+00:00,0.5212413756101026,-0.0024651033082681503,previous_pc1_change,-1.1214716944878278
2023-08-11 23:00:00+00:00,2023-08-14 23:00:00+00:00,-0.7474193430053082,-0.010027039397738175,previous_pc1_change,-0.2829055480734056
2023-08-14 23:00:00+00:00,2023-08-15 23:00:00+00:00,-1.1173707549767358,-0.021495004152898897,previous_pc1_change,0.5212413756101026
2023-08-15 23:00:00+00:00,2023-08-16 23:00:00+00:00,2.68741177906527,0.006852411865921548,previous_pc1_change,-0.7474193430053082
2023-08-16 23:00:00+00:00,2023-08-17 23:00:00+00:00,-2.9924681493638876,-0.026520481036997917,previous_pc1_change,-1.1173707549767358
2023-08-17 23:00:00+00:00,2023-08-18 23:00:00+00:00,2.688704944298233,0.0021324821669317933,previous_pc1_change,2.68741177906527
2023-08-18 23:00:00+00:00,2023-08-21 23:00:00+00:00,-0.46523541655618017,-0.0022472994900108443,previous_pc1_change,-2.9924681493638876
2023-08-21 23:00:00+00:00,2023-08-22 23:00:00+00:00,1.1510294112268233,0.011859321333414947,previous_pc1_change,2.688704944298233
2023-08-22 23:00:00+00:00,2023-08-23 23:00:00+00:00,0.7383088141273548,0.01856042131912121,previous_pc1_change,-0.46523541655618017
2023-08-23 23:00:00+00:00,2023-08-24 23:00:00+00:00,-0.2989271598424932,0.016968570817714017,previous_pc1_change,1.1510294112268233
2023-08-24 23:00:00+00:00,2023-08-25 23:00:00+00:00,-0.9987156112852262,0.0034790057202582236,previous_pc1_change,0.7383088141273548
2023-08-25 23:00:00+00:00,2023-08-28 23:00:00+00:00,-0.2579281785137518,0.0023759335401294453,previous_pc1_change,-0.2989271598424932
2023-08-28 23:00:00+00:00,2023-08-29 23:00:00+00:00,1.1497724490971337,0.01355838278318239,previous_pc1_change,-0.9987156112852262
2023-08-29 23:00:00+00:00,2023-08-30 23:00:00+00:00,-10.508651422573223,-0.10186491757201528,previous_pc1_change,-0.2579281785137518
2023-08-30 23:00:00+00:00,2023-08-31 23:00:00+00:00,9.728880347095762,0.006334096891097615,previous_pc1_change,1.1497724490971337
2023-08-31 23:00:00+00:00,2023-09-01 23:00:00+00:00,0.01585294768222678,0.009855941643447596,previous_pc1_change,-10.508651422573223
2023-09-01 23:00:00+00:00,2023-09-04 23:00:00+00:00,-2.237706587314992,-0.018329735286361122,previous_pc1_change,9.728880347095762
2023-09-04 23:00:00+00:00,2023-09-05 23:00:00+00:00,-1.6351716011328312,-0.03728243299099594,previous_pc1_change,0.01585294768222678
2023-09-05 23:00:00+00:00,2023-09-06 23:00:00+00:00,2.551966672234518,-0.009759753851797785,previous_pc1_change,-2.237706587314992
2023-09-06 23:00:00+00:00,2023-09-07 23:00:00+00:00,0.2184437232922386,-0.009192240353067605,previous_pc1_change,-1.6351716011328312
2023-09-07 23:00:00+00:00,2023-09-08 23:00:00+00:00,1.2962344159171284,0.006670048131453967,previous_pc1_change,2.551966672234518
2023-09-08 23:00:00+00:00,2023-09-11 23:00:00+00:00,-1.541323732055778,-0.0077431959288096035,previous_pc1_change,0.2184437232922386
2023-09-11 23:00:00+00:00,2023-09-12 23:00:00+00:00,-0.365416124916475,-0.012954517792704425,previous_pc1_change,1.2962344159171284
2023-09-12 23:00:00+00:00,2023-09-13 23:00:00+00:00,2.4547311496497053,0.017635412783872085,previous_pc1_change,-1.541323732055778
2023-09-13 23:00:00+00:00,2023-09-14 23:00:00+00:00,1.970261767408183,0.03652905279407096,previous_pc1_change,-0.365416124916475
2023-09-14 23:00:00+00:00,2023-09-15 23:00:00+00:00,-3.9721292796520933,-0.00866683982475663,previous_pc1_change,2.4547311496497053
2023-09-15 23:00:00+00:00,2023-09-18 23:00:00+00:00,0.541505169212682,-0.0011269234641432023,previous_pc1_change,1.970261767408183
2023-09-18 23:00:00+00:00,2023-09-19 23:00:00+00:00,0.35138037944238637,0.001764869031644281,previous_pc1_change,-3.9721292796520933
2023-09-19 23:00:00+00:00,2023-09-20 23:00:00+00:00,1.2989761502071695,0.015963592822706013,previous_pc1_change,0.541505169212682
2023-09-20 23:00:00+00:00,2023-09-21 23:00:00+00:00,-3.539601464491641,-0.02083231251287865,previous_pc1_change,0.35138037944238637
2023-09-21 23:00:00+00:00,2023-09-22 23:00:00+00:00,1.2180566296987574,-0.008855094659395478,previous_pc1_change,1.2989761502071695
2023-09-22 23:00:00+00:00,2023-09-25 23:00:00+00:00,-1.8610371194461468,-0.027921230823582128,previous_pc1_change,-3.539601464491641
2023-09-25 23:00:00+00:00,2023-09-26 23:00:00+00:00,1.8457479189791912,-0.012600718380372166,previous_pc1_change,1.2180566296987574
2023-09-26 23:00:00+00:00,2023-09-27 23:00:00+00:00,0.2641577144214037,-0.0035478699695188024,previous_pc1_change,-1.8610371194461468
2023-09-27 23:00:00+00:00,2023-09-28 23:00:00+00:00,0.3303043316426424,-0.0010190630814550239,previous_pc1_change,1.8457479189791912
2023-09-28 23:00:00+00:00,2023-09-29 23:00:00+00:00,1.3034320036358529,0.012453968866808905,previous_pc1_change,0.2641577144214037
2023-09-29 23:00:00+00:00,2023-10-02 23:00:00+00:00,-4.927931457980027,-0.04076138826857029,previous_pc1_change,0.3303043316426424
2023-10-02 23:00:00+00:00,2023-10-03 23:00:00+00:00,-1.7962779543084562,-0.06069804572202125,previous_pc1_change,1.3034320036358529
2023-10-03 23:00:00+00:00,2023-10-04 23:00:00+00:00,5.838060956438902,9.821875184268877e-05,previous_pc1_change,-4.927931457980027
2023-10-04 23:00:00+00:00,2023-10-05 23:00:00+00:00,0.729939972303883,0.007869733406515263,previous_pc1_change,-1.7962779543084562
2023-10-05 23:00:00+00:00,2023-10-06 23:00:00+00:00,-1.2934050388992862,-0.003945322909809144,previous_pc1_change,5.838060956438902
2023-10-06 23:00:00+00:00,2023-10-09 23:00:00+00:00,1.7934941497625003,0.015937763216708013,previous_pc1_change,0.729939972303883
2023-10-09 23:00:00+00:00,2023-10-10 23:00:00+00:00,3.0233066556118295,0.04900592881345823,previous_pc1_change,-1.2934050388992862
2023-10-10 23:00:00+00:00,2023-10-11 23:00:00+00:00,-3.524387283894635,0.008992888684578872,previous_pc1_change,1.7934941497625003
2023-10-11 23:00:00+00:00,2023-10-12 23:00:00+00:00,-2.3610750731700505,-0.01487473038284883,previous_pc1_change,3.0233066556118295
2023-10-12 23:00:00+00:00,2023-10-13 23:00:00+00:00,-1.5270835936471352,-0.032763268700496714,previous_pc1_change,-3.524387283894635
2023-10-13 23:00:00+00:00,2023-10-16 23:00:00+00:00,2.328332363701813,-0.0075863467691355,previous_pc1_change,-2.3610750731700505
2023-10-16 23:00:00+00:00,2023-10-17 23:00:00+00:00,1.28314550919643,0.007347491274735465,previous_pc1_change,-1.5270835936471352
2023-10-17 23:00:00+00:00,2023-10-18 23:00:00+00:00,-1.9736713172406959,-0.015209111569514292,previous_pc1_change,2.328332363701813
2023-10-18 23:00:00+00:00,2023-10-19 23:00:00+00:00,1.3128691761508187,-0.0007521382505950158,previous_pc1_change,1.28314550919643
2023-10-19 23:00:00+00:00,2023-10-20 23:00:00+00:00,-0.33228985612542794,-0.0019445450690208442,previous_pc1_change,-1.9736713172406959
2023-10-20 23:00:00+00:00,2023-10-23 23:00:00+00:00,-0.4074090679931937,-0.008636817200200316,previous_pc1_change,1.3128691761508187
2023-10-23 23:00:00+00:00,2023-10-24 23:00:00+00:00,4.169378403504558,0.039580998031844096,previous_pc1_change,-0.33228985612542794
2023-10-24 23:00:00+00:00,2023-10-25 23:00:00+00:00,-3.454552164665807,-0.0032717845803528155,previous_pc1_change,-0.4074090679931937
2023-10-25 23:00:00+00:00,2023-10-26 23:00:00+00:00,0.9259822522220476,0.014009623714062888,previous_pc1_change,4.169378403504558
2023-10-26 23:00:00+00:00,2023-10-27 23:00:00+00:00,-0.5308551428354265,0.0029668122539084057,previous_pc1_change,-3.454552164665807
2023-10-27 23:00:00+00:00,2023-10-30 23:00:00+00:00,-1.6062733689252375,-0.015444026106954025,previous_pc1_change,0.9259822522220476
2023-10-30 23:00:00+00:00,2023-10-31 23:00:00+00:00,3.1186332686611653,0.020163926756527496,previous_pc1_change,-0.5308551428354265
2023-10-31 23:00:00+00:00,2023-11-01 23:00:00+00:00,-8.668846514557941,-0.07594134981310705,previous_pc1_change,-1.6062733689252375
2023-11-01 23:00:00+00:00,2023-11-02 23:00:00+00:00,10.43398305696287,0.0398845142566886,previous_pc1_change,3.1186332686611653
2023-11-02 23:00:00+00:00,2023-11-03 23:00:00+00:00,-1.0387665741117575,0.02941826069014449,previous_pc1_change,-8.668846514557941
2023-11-03 23:00:00+00:00,2023-11-06 23:00:00+00:00,-3.521027281322895,-0.008546216232655588,previous_pc1_change,10.43398305696287
2023-11-06 23:00:00+00:00,2023-11-07 23:00:00+00:00,-0.6766583578977743,-0.018332384931272882,previous_pc1_change,-1.0387665741117575
2023-11-07 23:00:00+00:00,2023-11-08 23:00:00+00:00,1.9746474546029305,0.009239790083787423,previous_pc1_change,-3.521027281322895
2023-11-08 23:00:00+00:00,2023-11-09 23:00:00+00:00,0.9677586886333002,0.011870690479815458,previous_pc1_change,-0.6766583578977743
2023-11-09 23:00:00+00:00,2023-11-10 23:00:00+00:00,-0.9387279066471004,0.003938112827737752,previous_pc1_change,1.9746474546029305
2023-11-10 23:00:00+00:00,2023-11-13 23:00:00+00:00,-0.2450882969121168,0.001346797930668141,previous_pc1_change,0.9677586886333002
2023-11-13 23:00:00+00:00,2023-11-14 23:00:00+00:00,3.5019600338526997,0.04006248511339531,previous_pc1_change,-0.9387279066471004
2023-11-14 23:00:00+00:00,2023-11-15 23:00:00+00:00,-3.7984358761844392,-0.000549242031755819,previous_pc1_change,-0.2450882969121168
2023-11-15 23:00:00+00:00,2023-11-16 23:00:00+00:00,0.4418126055210414,0.0007055399752230563,previous_pc1_change,3.5019600338526997
2023-11-16 23:00:00+00:00,2023-11-17 23:00:00+00:00,0.8107498807806336,0.012945951501180882,previous_pc1_change,-3.7984358761844392
2023-11-17 23:00:00+00:00,2023-11-20 23:00:00+00:00,-0.13513690206897655,0.011001891979972454,previous_pc1_change,0.4418126055210414
2023-11-20 23:00:00+00:00,2023-11-21 23:00:00+00:00,-2.9486698232871014,-0.02148144833549965,previous_pc1_change,0.8107498807806336
2023-11-21 23:00:00+00:00,2023-11-22 23:00:00+00:00,2.2057902226640964,0.0016403986015597878,previous_pc1_change,-0.13513690206897655
2023-11-22 23:00:00+00:00,2023-11-23 23:00:00+00:00,-0.3200670068812753,-0.002473649680771024,previous_pc1_change,-2.9486698232871014
2023-11-23 23:00:00+00:00,2023-11-24 23:00:00+00:00,-1.0911501853986725,-0.01364694296436111,previous_pc1_change,2.2057902226640964
2023-11-24 23:00:00+00:00,2023-11-27 23:00:00+00:00,2.869693264546754,0.019220544047317642,previous_pc1_change,-0.3200670068812753
2023-11-27 23:00:00+00:00,2023-11-28 23:00:00+00:00,-1.9624109277795003,-0.004081050137681327,previous_pc1_change,-1.0911501853986725
2023-11-28 23:00:00+00:00,2023-11-29 23:00:00+00:00,2.298896302510195,0.024180628118675246,previous_pc1_change,2.869693264546754
2023-11-29 23:00:00+00:00,2023-11-30 23:00:00+00:00,-0.1872060498534749,0.021665524861888746,previous_pc1_change,-1.9624109277795003
2023-11-30 23:00:00+00:00,2023-12-01 23:00:00+00:00,-1.4749600398704092,0.0029949598848803705,previous_pc1_change,2.298896302510195
2023-12-01 23:00:00+00:00,2023-12-04 23:00:00+00:00,-0.04568284762981445,0.0022596106357090358,previous_pc1_change,-0.1872060498534749
2023-12-04 23:00:00+00:00,2023-12-05 23:00:00+00:00,1.6646983830525,0.021838944046754103,previous_pc1_change,-1.4749600398704092
2023-12-05 23:00:00+00:00,2023-12-06 23:00:00+00:00,-0.3764328381990212,0.017081430542849982,previous_pc1_change,-0.04568284762981445
2023-12-06 23:00:00+00:00,2023-12-07 23:00:00+00:00,-1.7857477017509533,-0.003850671215287862,previous_pc1_change,1.6646983830525
2023-12-07 23:00:00+00:00,2023-12-08 23:00:00+00:00,-0.32048218388577204,-0.005626619292248749,previous_pc1_change,-0.3764328381990212
2023-12-08 23:00:00+00:00,2023-12-11 23:00:00+00:00,-1.0888045459210245,-0.017312230689619394,previous_pc1_change,-1.7857477017509533
2023-12-11 23:00:00+00:00,2023-12-12 23:00:00+00:00,0.30972786463947277,-0.014627172901116777,previous_pc1_change,-0.32048218388577204
2023-12-12 23:00:00+00:00,2023-12-13 23:00:00+00:00,2.665662398672165,0.014663657044643445,previous_pc1_change,-1.0888045459210245
2023-12-13 23:00:00+00:00,2023-12-14 23:00:00+00:00,2.901565324318237,0.04881015075253094,previous_pc1_change,0.30972786463947277
2023-12-14 23:00:00+00:00,2023-12-15 23:00:00+00:00,-3.636785627739769,0.007703198349635079,previous_pc1_change,2.665662398672165
2023-12-15 23:00:00+00:00,2023-12-18 23:00:00+00:00,-2.3200458717927193,-0.017950689580301524,previous_pc1_change,2.901565324318237
2023-12-18 23:00:00+00:00,2023-12-19 23:00:00+00:00,2.101063302631097,0.0035731253184379244,previous_pc1_change,-3.636785627739769
2023-12-19 23:00:00+00:00,2023-12-20 23:00:00+00:00,0.6439700378113881,0.013633710135809182,previous_pc1_change,-2.3200458717927193
2023-12-20 23:00:00+00:00,2023-12-21 23:00:00+00:00,-0.7227275793950543,0.003869228719287048,previous_pc1_change,2.101063302631097
2023-12-21 23:00:00+00:00,2023-12-22 23:00:00+00:00,0.3169563894494805,0.006905335813139505,previous_pc1_change,0.6439700378113881
2023-12-22 23:00:00+00:00,2023-12-27 23:00:00+00:00,0.6897441702391572,0.017613717422371656,previous_pc1_change,-0.7227275793950543
2023-12-27 23:00:00+00:00,2023-12-28 23:00:00+00:00,-0.9772893951861185,0.005572773609207698,previous_pc1_change,0.3169563894494805
2023-12-28 23:00:00+00:00,2023-12-29 23:00:00+00:00,-0.41338940721020323,-0.0009736218675632683,previous_pc1_change,0.6897441702391572
2023-06-30 23:00:00+00:00,2023-07-03 23:00:00+00:00,0.09909681602721804,0.004874108261366944,rolling5_mean,-0.17631913310957265
2023-07-03 23:00:00+00:00,2023-07-04 23:00:00+00:00,-0.46589859363730457,0.0018817138499776518,rolling5_mean,0.605602072661487
2023-07-04 23:00:00+00:00,2023-07-05 23:00:00+00:00,-2.7796603930414556,-0.027481444648436416,rolling5_mean,0.13517041549525177
2023-07-05 23:00:00+00:00,2023-07-06 23:00:00+00:00,0.9438094023532675,-0.017914418960217966,rolling5_mean,0.05253379408397322
2023-07-06 23:00:00+00:00,2023-07-07 23:00:00+00:00,1.0994697268219404,-0.00452155792067741,rolling5_mean,-0.8469041984537823
2023-07-07 23:00:00+00:00,2023-07-10 23:00:00+00:00,0.09754194677337513,-0.005407975200174236,rolling5_mean,-0.154886812338544
2023-07-10 23:00:00+00:00,2023-07-11 23:00:00+00:00,1.2510711057026127,0.009282187331107049,rolling5_mean,-0.22063660829526716
2023-07-11 23:00:00+00:00,2023-07-12 23:00:00+00:00,0.5313651560799122,0.014391820143215694,rolling5_mean,-0.22094758214603574
2023-07-12 23:00:00+00:00,2023-07-13 23:00:00+00:00,0.25331926735136,0.01639902104419389,rolling5_mean,0.12244635772194772
2023-07-13 23:00:00+00:00,2023-07-14 23:00:00+00:00,-2.3590507603165123,-0.01036949587951754,rolling5_mean,0.7846514675462213
2023-07-14 23:00:00+00:00,2023-07-17 23:00:00+00:00,0.6320277974685539,-0.0009763142906332338,rolling5_mean,0.6465534405458399
2023-07-17 23:00:00+00:00,2023-07-18 23:00:00+00:00,-0.07861991957261855,-0.0013946067059967175,rolling5_mean,-0.045150656881850715
2023-07-18 23:00:00+00:00,2023-07-19 23:00:00+00:00,0.3659666449678321,0.0017061373790585826,rolling5_mean,0.06174651325718503
2023-07-19 23:00:00+00:00,2023-07-20 23:00:00+00:00,-0.5004287874759809,-0.006686301145567348,rolling5_mean,-0.20419169179786123
2023-07-20 23:00:00+00:00,2023-07-21 23:00:00+00:00,0.982666070842994,0.005137589121756495,rolling5_mean,-0.23727139402027725
2023-07-21 23:00:00+00:00,2023-07-24 23:00:00+00:00,0.04777434862220098,0.007864484405030658,rolling5_mean,-0.38802100498574543
2023-07-24 23:00:00+00:00,2023-07-25 23:00:00+00:00,-0.4937859535205661,0.0026144443118582563,rolling5_mean,0.28032236124615584
2023-07-25 23:00:00+00:00,2023-07-26 23:00:00+00:00,0.9608576009407895,0.01134488793452025,rolling5_mean,0.16347167147688527
2023-07-26 23:00:00+00:00,2023-07-27 23:00:00+00:00,-2.4919501340902794,-0.017790880183693025,rolling5_mean,0.08043846468729574
2023-07-27 23:00:00+00:00,2023-07-28 23:00:00+00:00,-0.6313881735852909,-0.023139792864366703,rolling5_mean,0.19941665588188723
2023-07-28 23:00:00+00:00,2023-07-31 23:00:00+00:00,1.7303245205268378,-0.0018770695285891745,rolling5_mean,-0.19888761344097244
2023-07-31 23:00:00+00:00,2023-08-01 23:00:00+00:00,-0.7440712500913771,-0.009975511393071373,rolling5_mean,-0.5216984623266294
2023-08-01 23:00:00+00:00,2023-08-02 23:00:00+00:00,-1.0307817190635498,-0.02099263003378495,rolling5_mean,-0.18518842794570206
2023-08-02 23:00:00+00:00,2023-08-03 23:00:00+00:00,1.5134555770834617,-0.004598800003617887,rolling5_mean,-0.2352454872598643
2023-08-03 23:00:00+00:00,2023-08-04 23:00:00+00:00,1.4604470438684818,0.009590556853158815,rolling5_mean,-0.6335733512607321
2023-08-04 23:00:00+00:00,2023-08-07 23:00:00+00:00,-1.4060338933717675,-0.006018085384303692,rolling5_mean,0.16750779097401608
2023-08-07 23:00:00+00:00,2023-08-08 23:00:00+00:00,1.199281569830319,0.007286770357886426,rolling5_mean,0.5858748344647706
2023-08-08 23:00:00+00:00,2023-08-09 23:00:00+00:00,-1.1214716944878278,-0.0055905531829725215,rolling5_mean,-0.041396848314950455
2023-08-09 23:00:00+00:00,2023-08-10 23:00:00+00:00,-0.2829055480734056,-0.011558806279905137,rolling5_mean,0.34727371566938875
2023-08-10 23:00:00+00:00,2023-08-11 23:00:00+00:00,0.5212413756101026,-0.0024651033082681503,rolling5_mean,0.32913572058453316
2023-08-11 23:00:00+00:00,2023-08-14 23:00:00+00:00,-0.7474193430053082,-0.010027039397738175,rolling5_mean,-0.030136504446840306
2023-08-14 23:00:00+00:00,2023-08-15 23:00:00+00:00,-1.1173707549767358,-0.021495004152898897,rolling5_mean,-0.21797763809851617
2023-08-15 23:00:00+00:00,2023-08-16 23:00:00+00:00,2.68741177906527,0.006852411865921548,rolling5_mean,-0.08625472802522424
2023-08-16 23:00:00+00:00,2023-08-17 23:00:00+00:00,-2.9924681493638876,-0.026520481036997917,rolling5_mean,-0.5495851929866352
2023-08-17 23:00:00+00:00,2023-08-18 23:00:00+00:00,2.688704944298233,0.0021324821669317933,rolling5_mean,0.21219150172398438
2023-08-18 23:00:00+00:00,2023-08-21 23:00:00+00:00,-0.46523541655618017,-0.0022472994900108443,rolling5_mean,-0.329721018534112
2023-08-21 23:00:00+00:00,2023-08-22 23:00:00+00:00,1.1510294112268233,0.011859321333414947,rolling5_mean,0.10377169520351401
2023-08-22 23:00:00+00:00,2023-08-23 23:00:00+00:00,0.7383088141273548,0.01856042131912121,rolling5_mean,0.16020848049333966
2023-08-23 23:00:00+00:00,2023-08-24 23:00:00+00:00,-0.2989271598424932,0.016968570817714017,rolling5_mean,0.6138885137340514
2023-08-24 23:00:00+00:00,2023-08-25 23:00:00+00:00,-0.9987156112852262,0.0034790057202582236,rolling5_mean,0.22406792074646842
2023-08-25 23:00:00+00:00,2023-08-28 23:00:00+00:00,-0.2579281785137518,0.0023759335401294453,rolling5_mean,0.7627761186507473
2023-08-28 23:00:00+00:00,2023-08-29 23:00:00+00:00,1.1497724490971337,0.01355838278318239,rolling5_mean,0.025292007534055427
2023-08-29 23:00:00+00:00,2023-08-30 23:00:00+00:00,-10.508651422573223,-0.10186491757201528,rolling5_mean,0.0667534551425411
2023-08-30 23:00:00+00:00,2023-08-31 23:00:00+00:00,9.728880347095762,0.006334096891097615,rolling5_mean,0.06650206271660317
2023-08-31 23:00:00+00:00,2023-09-01 23:00:00+00:00,0.01585294768222678,0.009855941643447596,rolling5_mean,-2.1828899846235124
2023-09-01 23:00:00+00:00,2023-09-04 23:00:00+00:00,-2.237706587314992,-0.018329735286361122,rolling5_mean,-0.17732848323586126
2023-09-04 23:00:00+00:00,2023-09-05 23:00:00+00:00,-1.6351716011328312,-0.03728243299099594,rolling5_mean,0.025585228557629215
2023-09-05 23:00:00+00:00,2023-09-06 23:00:00+00:00,2.551966672234518,-0.009759753851797785,rolling5_mean,-0.3703704532026188
2023-09-06 23:00:00+00:00,2023-09-07 23:00:00+00:00,0.2184437232922386,-0.009192240353067605,rolling5_mean,-0.9273592632486117
2023-09-07 23:00:00+00:00,2023-09-08 23:00:00+00:00,1.2962344159171284,0.006670048131453967,rolling5_mean,1.6847643557129366
2023-09-08 23:00:00+00:00,2023-09-11 23:00:00+00:00,-1.541323732055778,-0.0077431959288096035,rolling5_mean,-0.2173229690477682
2023-09-11 23:00:00+00:00,2023-09-12 23:00:00+00:00,-0.365416124916475,-0.012954517792704425,rolling5_mean,0.03875332459921212
2023-09-12 23:00:00+00:00,2023-09-13 23:00:00+00:00,2.4547311496497053,0.017635412783872085,rolling5_mean,0.17802989565105493
2023-09-13 23:00:00+00:00,2023-09-14 23:00:00+00:00,1.970261767408183,0.03652905279407096,rolling5_mean,0.4319809908943261
2023-09-14 23:00:00+00:00,2023-09-15 23:00:00+00:00,-3.9721292796520933,-0.00866683982475663,rolling5_mean,0.4125338863773636
2023-09-15 23:00:00+00:00,2023-09-18 23:00:00+00:00,0.541505169212682,-0.0011269234641432023,rolling5_mean,0.7628974952005525
2023-09-18 23:00:00+00:00,2023-09-19 23:00:00+00:00,0.35138037944238637,0.001764869031644281,rolling5_mean,-0.2907752439132919
2023-09-19 23:00:00+00:00,2023-09-20 23:00:00+00:00,1.2989761502071695,0.015963592822706013,rolling5_mean,0.1257905363404001
2023-09-20 23:00:00+00:00,2023-09-21 23:00:00+00:00,-3.539601464491641,-0.02083231251287865,rolling5_mean,0.2691498372121724
2023-09-21 23:00:00+00:00,2023-09-22 23:00:00+00:00,1.2180566296987574,-0.008855094659395478,rolling5_mean,0.03799883732366523
2023-09-22 23:00:00+00:00,2023-09-25 23:00:00+00:00,-1.8610371194461468,-0.027921230823582128,rolling5_mean,-1.0639738090562996
2023-09-25 23:00:00+00:00,2023-09-26 23:00:00+00:00,1.8457479189791912,-0.012600718380372166,rolling5_mean,-0.025936627186129435
2023-09-26 23:00:00+00:00,2023-09-27 23:00:00+00:00,0.2641577144214037,-0.0035478699695188024,rolling5_mean,-0.5064450849178952
2023-09-27 23:00:00+00:00,2023-09-28 23:00:00+00:00,0.3303043316426424,-0.0010190630814550239,rolling5_mean,-0.2075715770105342
2023-09-28 23:00:00+00:00,2023-09-29 23:00:00+00:00,1.3034320036358529,0.012453968866808905,rolling5_mean,-0.41453526416768743
2023-09-29 23:00:00+00:00,2023-10-02 23:00:00+00:00,-4.927931457980027,-0.04076138826857029,rolling5_mean,0.3594458950591692
2023-10-02 23:00:00+00:00,2023-10-03 23:00:00+00:00,-1.7962779543084562,-0.06069804572202125,rolling5_mean,0.3765209698465883
2023-10-03 23:00:00+00:00,2023-10-04 23:00:00+00:00,5.838060956438902,9.821875184268877e-05,rolling5_mean,-0.2368578978601878
2023-10-04 23:00:00+00:00,2023-10-05 23:00:00+00:00,0.729939972303883,0.007869733406515263,rolling5_mean,-0.9652630725177171
2023-10-05 23:00:00+00:00,2023-10-06 23:00:00+00:00,-1.2934050388992862,-0.003945322909809144,rolling5_mean,0.14951757588578243
2023-10-06 23:00:00+00:00,2023-10-09 23:00:00+00:00,1.7934941497625003,0.015937763216708013,rolling5_mean,0.22944470401803058
2023-10-09 23:00:00+00:00,2023-10-10 23:00:00+00:00,3.0233066556118295,0.04900592881345823,rolling5_mean,-0.28992270448899726
2023-10-10 23:00:00+00:00,2023-10-11 23:00:00+00:00,-3.524387283894635,0.008992888684578872,rolling5_mean,1.0543624170595083
2023-10-11 23:00:00+00:00,2023-10-12 23:00:00+00:00,-2.3610750731700505,-0.01487473038284883,rolling5_mean,2.0182793390435654
2023-10-12 23:00:00+00:00,2023-10-13 23:00:00+00:00,-1.5270835936471352,-0.032763268700496714,rolling5_mean,0.14578969097685804
2023-10-13 23:00:00+00:00,2023-10-16 23:00:00+00:00,2.328332363701813,-0.0075863467691355,rolling5_mean,-0.4724133181179287
2023-10-16 23:00:00+00:00,2023-10-17 23:00:00+00:00,1.28314550919643,0.007347491274735465,rolling5_mean,-0.5191490290674985
2023-10-17 23:00:00+00:00,2023-10-18 23:00:00+00:00,-1.9736713172406959,-0.015209111569514292,rolling5_mean,-0.41218138627963585
2023-10-18 23:00:00+00:00,2023-10-19 23:00:00+00:00,1.3128691761508187,-0.0007521382505950158,rolling5_mean,-0.7602136155627157
2023-10-19 23:00:00+00:00,2023-10-20 23:00:00+00:00,-0.33228985612542794,-0.0019445450690208442,rolling5_mean,-0.450070422231928
2023-10-20 23:00:00+00:00,2023-10-23 23:00:00+00:00,-0.4074090679931937,-0.008636817200200316,rolling5_mean,0.28471842763224586
2023-10-23 23:00:00+00:00,2023-10-24 23:00:00+00:00,4.169378403504558,0.039580998031844096,rolling5_mean,0.5236771751365874
2023-10-24 23:00:00+00:00,2023-10-25 23:00:00+00:00,-3.454552164665807,-0.0032717845803528155,rolling5_mean,-0.023471111202414064
2023-10-25 23:00:00+00:00,2023-10-26 23:00:00+00:00,0.9259822522220476,0.014009623714062888,rolling5_mean,0.5537754676592115
2023-10-26 23:00:00+00:00,2023-10-27 23:00:00+00:00,-0.5308551428354265,0.0029668122539084057,rolling5_mean,0.25759929817418925
2023-10-27 23:00:00+00:00,2023-10-30 23:00:00+00:00,-1.6062733689252375,-0.015444026106954025,rolling5_mean,0.18022191338843513
2023-10-30 23:00:00+00:00,2023-10-31 23:00:00+00:00,3.1186332686611653,0.020163926756527496,rolling5_mean,0.14050885604643543
2023-10-31 23:00:00+00:00,2023-11-01 23:00:00+00:00,-8.668846514557941,-0.07594134981310705,rolling5_mean,-0.09926400413997336
2023-11-01 23:00:00+00:00,2023-11-02 23:00:00+00:00,10.43398305696287,0.0398845142566886,rolling5_mean,-0.3094130311086518
2023-11-02 23:00:00+00:00,2023-11-03 23:00:00+00:00,-1.0387665741117575,0.02941826069014449,rolling5_mean,-1.3522719010870787
2023-11-03 23:00:00+00:00,2023-11-06 23:00:00+00:00,-3.521027281322895,-0.008546216232655588,rolling5_mean,0.5493282598610858
2023-11-06 23:00:00+00:00,2023-11-07 23:00:00+00:00,-0.6766583578977743,-0.018332384931272882,rolling5_mean,0.44774597360581947
2023-11-07 23:00:00+00:00,2023-11-08 23:00:00+00:00,1.9746474546029305,0.009239790083787423,rolling5_mean,0.06479519112628793
2023-11-08 23:00:00+00:00,2023-11-09 23:00:00+00:00,0.9677586886333002,0.011870690479815458,rolling5_mean,-0.6942631341855
2023-11-09 23:00:00+00:00,2023-11-10 23:00:00+00:00,-0.9387279066471004,0.003938112827737752,rolling5_mean,1.4344356596466743
2023-11-10 23:00:00+00:00,2023-11-13 23:00:00+00:00,-0.2450882969121168,0.001346797930668141,rolling5_mean,-0.4588092140192395
2023-11-13 23:00:00+00:00,2023-11-14 23:00:00+00:00,3.5019600338526997,0.04006248511339531,rolling5_mean,-0.438801480526308
2023-11-14 23:00:00+00:00,2023-11-15 23:00:00+00:00,-3.7984358761844392,-0.000549242031755819,rolling5_mean,0.21638631635584757
2023-11-15 23:00:00+00:00,2023-11-16 23:00:00+00:00,0.4418126055210414,0.0007055399752230563,rolling5_mean,1.0521099947059425
2023-11-16 23:00:00+00:00,2023-11-17 23:00:00+00:00,0.8107498807806336,0.012945951501180882,rolling5_mean,-0.10250667145153151
2023-11-17 23:00:00+00:00,2023-11-20 23:00:00+00:00,-0.13513690206897655,0.011001891979972454,rolling5_mean,-0.20769588807398326
2023-11-20 23:00:00+00:00,2023-11-21 23:00:00+00:00,-2.9486698232871014,-0.02148144833549965,rolling5_mean,0.14219966941156353
2023-11-21 23:00:00+00:00,2023-11-22 23:00:00+00:00,2.2057902226640964,0.0016403986015597878,rolling5_mean,0.16418994838019157
2023-11-22 23:00:00+00:00,2023-11-23 23:00:00+00:00,-0.3200670068812753,-0.002473649680771024,rolling5_mean,-1.1259360230477686
2023-11-23 23:00:00+00:00,2023-11-24 23:00:00+00:00,-1.0911501853986725,-0.01364694296436111,rolling5_mean,0.07490919672193855
2023-11-24 23:00:00+00:00,2023-11-27 23:00:00+00:00,2.869693264546754,0.019220544047317642,rolling5_mean,-0.0774667257585248
2023-11-27 23:00:00+00:00,2023-11-28 23:00:00+00:00,-1.9624109277795003,-0.004081050137681327,rolling5_mean,-0.457846738994386
2023-11-28 23:00:00+00:00,2023-11-29 23:00:00+00:00,2.298896302510195,0.024180628118675246,rolling5_mean,0.1431192943287601
2023-11-29 23:00:00+00:00,2023-11-30 23:00:00+00:00,-0.1872060498534749,0.021665524861888746,rolling5_mean,0.34037107343028034
2023-11-30 23:00:00+00:00,2023-12-01 23:00:00+00:00,-1.4749600398704092,0.0029949598848803705,rolling5_mean,0.35899228939950006
2023-12-01 23:00:00+00:00,2023-12-04 23:00:00+00:00,-0.04568284762981445,0.0022596106357090358,rolling5_mean,0.3855644808050601
2023-12-04 23:00:00+00:00,2023-12-05 23:00:00+00:00,1.6646983830525,0.021838944046754103,rolling5_mean,0.30880250991071284
2023-12-05 23:00:00+00:00,2023-12-06 23:00:00+00:00,-0.3764328381990212,0.017081430542849982,rolling5_mean,-0.27427271252460084
2023-12-06 23:00:00+00:00,2023-12-07 23:00:00+00:00,-1.7857477017509533,-0.003850671215287862,rolling5_mean,0.45114914964179925
2023-12-07 23:00:00+00:00,2023-12-08 23:00:00+00:00,-0.32048218388577204,-0.005626619292248749,rolling5_mean,-0.08391667850004407
2023-12-08 23:00:00+00:00,2023-12-11 23:00:00+00:00,-1.0888045459210245,-0.017312230689619394,rolling5_mean,-0.4036250088795398
2023-12-11 23:00:00+00:00,2023-12-12 23:00:00+00:00,0.30972786463947277,-0.014627172901116777,rolling5_mean,-0.17272943768261234
2023-12-12 23:00:00+00:00,2023-12-13 23:00:00+00:00,2.665662398672165,0.014663657044643445,rolling5_mean,-0.38135377734085435
2023-12-13 23:00:00+00:00,2023-12-14 23:00:00+00:00,2.901565324318237,0.04881015075253094,rolling5_mean,-0.6523478810234599
2023-12-14 23:00:00+00:00,2023-12-15 23:00:00+00:00,-3.636785627739769,0.007703198349635079,rolling5_mean,-0.04392883364922264
2023-12-15 23:00:00+00:00,2023-12-18 23:00:00+00:00,-2.3200458717927193,-0.017950689580301524,rolling5_mean,0.8935337715646154
2023-12-18 23:00:00+00:00,2023-12-19 23:00:00+00:00,2.101063302631097,0.0035731253184379244,rolling5_mean,0.23027308279381592
2023-12-19 23:00:00+00:00,2023-12-20 23:00:00+00:00,0.6439700378113881,0.013633710135809182,rolling5_mean,-0.015975182380522934
2023-12-20 23:00:00+00:00,2023-12-21 23:00:00+00:00,-0.7227275793950543,0.003869228719287048,rolling5_mean,0.3422919052178019
2023-12-21 23:00:00+00:00,2023-12-22 23:00:00+00:00,0.3169563894494805,0.006905335813139505,rolling5_mean,-0.06204656695435344
2023-12-22 23:00:00+00:00,2023-12-27 23:00:00+00:00,0.6897441702391572,0.017613717422371656,rolling5_mean,-0.7869051476970117
2023-12-27 23:00:00+00:00,2023-12-28 23:00:00+00:00,-0.9772893951861185,0.005572773609207698,rolling5_mean,0.0038432557408382474
2023-12-28 23:00:00+00:00,2023-12-29 23:00:00+00:00,-0.41338940721020323,-0.0009736218675632683,rolling5_mean,0.6058012641472136
2023-06-30 23:00:00+00:00,2023-07-03 23:00:00+00:00,0.09909681602721804,0.004874108261366944,ridge_full,-0.1817511279355043
2023-07-03 23:00:00+00:00,2023-07-04 23:00:00+00:00,-0.46589859363730457,0.0018817138499776518,ridge_full,-0.28180071676347745
2023-07-04 23:00:00+00:00,2023-07-05 23:00:00+00:00,-2.7796603930414556,-0.027481444648436416,ridge_full,0.09245728032807114
2023-07-05 23:00:00+00:00,2023-07-06 23:00:00+00:00,0.9438094023532675,-0.017914418960217966,ridge_full,-0.024618055254143928
2023-07-06 23:00:00+00:00,2023-07-07 23:00:00+00:00,1.0994697268219404,-0.00452155792067741,ridge_full,0.218296578125879
2023-07-07 23:00:00+00:00,2023-07-10 23:00:00+00:00,0.09754194677337513,-0.005407975200174236,ridge_full,-0.2466265887890115
2023-07-10 23:00:00+00:00,2023-07-11 23:00:00+00:00,1.2510711057026127,0.009282187331107049,ridge_full,0.22372890383892985
2023-07-11 23:00:00+00:00,2023-07-12 23:00:00+00:00,0.5313651560799122,0.014391820143215694,ridge_full,0.05408151161548881
2023-07-12 23:00:00+00:00,2023-07-13 23:00:00+00:00,0.25331926735136,0.01639902104419389,ridge_full,0.038062313417862745
2023-07-13 23:00:00+00:00,2023-07-14 23:00:00+00:00,-2.3590507603165123,-0.01036949587951754,ridge_full,-0.5317022291098477
2023-07-14 23:00:00+00:00,2023-07-17 23:00:00+00:00,0.6320277974685539,-0.0009763142906332338,ridge_full,-0.38477049380393913
2023-07-17 23:00:00+00:00,2023-07-18 23:00:00+00:00,-0.07861991957261855,-0.0013946067059967175,ridge_full,0.0005161189181896869
2023-07-18 23:00:00+00:00,2023-07-19 23:00:00+00:00,0.3659666449678321,0.0017061373790585826,ridge_full,0.3903399430598582
2023-07-19 23:00:00+00:00,2023-07-20 23:00:00+00:00,-0.5004287874759809,-0.006686301145567348,ridge_full,0.08561679314420602
2023-07-20 23:00:00+00:00,2023-07-21 23:00:00+00:00,0.982666070842994,0.005137589121756495,ridge_full,0.23078242934526627
2023-07-21 23:00:00+00:00,2023-07-24 23:00:00+00:00,0.04777434862220098,0.007864484405030658,ridge_full,0.2554035890309257
2023-07-24 23:00:00+00:00,2023-07-25 23:00:00+00:00,-0.4937859535205661,0.0026144443118582563,ridge_full,-0.0839453613057456
2023-07-25 23:00:00+00:00,2023-07-26 23:00:00+00:00,0.9608576009407895,0.01134488793452025,ridge_full,-0.10106293627961487
2023-07-26 23:00:00+00:00,2023-07-27 23:00:00+00:00,-2.4919501340902794,-0.017790880183693025,ridge_full,-0.09287870310610076
2023-07-27 23:00:00+00:00,2023-07-28 23:00:00+00:00,-0.6313881735852909,-0.023139792864366703,ridge_full,0.2214782150565896
2023-07-28 23:00:00+00:00,2023-07-31 23:00:00+00:00,1.7303245205268378,-0.0018770695285891745,ridge_full,0.0031302148729679125
2023-07-31 23:00:00+00:00,2023-08-01 23:00:00+00:00,-0.7440712500913771,-0.009975511393071373,ridge_full,0.19781437658726042
2023-08-01 23:00:00+00:00,2023-08-02 23:00:00+00:00,-1.0307817190635498,-0.02099263003378495,ridge_full,0.14074188459989012
2023-08-02 23:00:00+00:00,2023-08-03 23:00:00+00:00,1.5134555770834617,-0.004598800003617887,ridge_full,-0.07770464865511208
2023-08-03 23:00:00+00:00,2023-08-04 23:00:00+00:00,1.4604470438684818,0.009590556853158815,ridge_full,0.36231493738840315
2023-08-04 23:00:00+00:00,2023-08-07 23:00:00+00:00,-1.4060338933717675,-0.006018085384303692,ridge_full,0.020092861108675017
2023-08-07 23:00:00+00:00,2023-08-08 23:00:00+00:00,1.199281569830319,0.007286770357886426,ridge_full,-0.28041003912431267
2023-08-08 23:00:00+00:00,2023-08-09 23:00:00+00:00,-1.1214716944878278,-0.0055905531829725215,ridge_full,-0.023931611102042248
2023-08-09 23:00:00+00:00,2023-08-10 23:00:00+00:00,-0.2829055480734056,-0.011558806279905137,ridge_full,-0.048672315124166865
2023-08-10 23:00:00+00:00,2023-08-11 23:00:00+00:00,0.5212413756101026,-0.0024651033082681503,ridge_full,-0.1484992648550077
2023-08-11 23:00:00+00:00,2023-08-14 23:00:00+00:00,-0.7474193430053082,-0.010027039397738175,ridge_full,0.2003514376011009
2023-08-14 23:00:00+00:00,2023-08-15 23:00:00+00:00,-1.1173707549767358,-0.021495004152898897,ridge_full,0.3687666895372893
2023-08-15 23:00:00+00:00,2023-08-16 23:00:00+00:00,2.68741177906527,0.006852411865921548,ridge_full,-0.08336038847409734
2023-08-16 23:00:00+00:00,2023-08-17 23:00:00+00:00,-2.9924681493638876,-0.026520481036997917,ridge_full,0.03336333988962785
2023-08-17 23:00:00+00:00,2023-08-18 23:00:00+00:00,2.688704944298233,0.0021324821669317933,ridge_full,0.019894045774006636
2023-08-18 23:00:00+00:00,2023-08-21 23:00:00+00:00,-0.46523541655618017,-0.0022472994900108443,ridge_full,-0.39000208167026346
2023-08-21 23:00:00+00:00,2023-08-22 23:00:00+00:00,1.1510294112268233,0.011859321333414947,ridge_full,0.1618448616076028
2023-08-22 23:00:00+00:00,2023-08-23 23:00:00+00:00,0.7383088141273548,0.01856042131912121,ridge_full,-0.06088730124096034
2023-08-23 23:00:00+00:00,2023-08-24 23:00:00+00:00,-0.2989271598424932,0.016968570817714017,ridge_full,-0.26590971270489816
2023-08-24 23:00:00+00:00,2023-08-25 23:00:00+00:00,-0.9987156112852262,0.0034790057202582236,ridge_full,0.14505675533584883
2023-08-25 23:00:00+00:00,2023-08-28 23:00:00+00:00,-0.2579281785137518,0.0023759335401294453,ridge_full,-0.35290910865974573
2023-08-28 23:00:00+00:00,2023-08-29 23:00:00+00:00,1.1497724490971337,0.01355838278318239,ridge_full,0.04240121675029088
2023-08-29 23:00:00+00:00,2023-08-30 23:00:00+00:00,-10.508651422573223,-0.10186491757201528,ridge_full,0.010897917901185772
2023-08-30 23:00:00+00:00,2023-08-31 23:00:00+00:00,9.728880347095762,0.006334096891097615,ridge_full,0.16185465210185934
2023-08-31 23:00:00+00:00,2023-09-01 23:00:00+00:00,0.01585294768222678,0.009855941643447596,ridge_full,-0.24210656558884736
2023-09-01 23:00:00+00:00,2023-09-04 23:00:00+00:00,-2.237706587314992,-0.018329735286361122,ridge_full,0.8087684371136213
2023-09-04 23:00:00+00:00,2023-09-05 23:00:00+00:00,-1.6351716011328312,-0.03728243299099594,ridge_full,-0.16983138904591594
2023-09-05 23:00:00+00:00,2023-09-06 23:00:00+00:00,2.551966672234518,-0.009759753851797785,ridge_full,-0.14880808723766925
2023-09-06 23:00:00+00:00,2023-09-07 23:00:00+00:00,0.2184437232922386,-0.009192240353067605,ridge_full,-0.0223537806032253
2023-09-07 23:00:00+00:00,2023-09-08 23:00:00+00:00,1.2962344159171284,0.006670048131453967,ridge_full,-1.3678098174297137
2023-09-08 23:00:00+00:00,2023-09-11 23:00:00+00:00,-1.541323732055778,-0.0077431959288096035,ridge_full,0.1325175146058829
2023-09-11 23:00:00+00:00,2023-09-12 23:00:00+00:00,-0.365416124916475,-0.012954517792704425,ridge_full,0.17569860756355227
2023-09-12 23:00:00+00:00,2023-09-13 23:00:00+00:00,2.4547311496497053,0.017635412783872085,ridge_full,-0.5324077752360171
2023-09-13 23:00:00+00:00,2023-09-14 23:00:00+00:00,1.970261767408183,0.03652905279407096,ridge_full,-0.6220253066339607
2023-09-14 23:00:00+00:00,2023-09-15 23:00:00+00:00,-3.9721292796520933,-0.00866683982475663,ridge_full,-0.2212009988680953
2023-09-15 23:00:00+00:00,2023-09-18 23:00:00+00:00,0.541505169212682,-0.0011269234641432023,ridge_full,-0.14379243847764878
2023-09-18 23:00:00+00:00,2023-09-19 23:00:00+00:00,0.35138037944238637,0.001764869031644281,ridge_full,-0.1485866198282137
2023-09-19 23:00:00+00:00,2023-09-20 23:00:00+00:00,1.2989761502071695,0.015963592822706013,ridge_full,-0.12838423026793688
2023-09-20 23:00:00+00:00,2023-09-21 23:00:00+00:00,-3.539601464491641,-0.02083231251287865,ridge_full,-0.1149588212738611
2023-09-21 23:00:00+00:00,2023-09-22 23:00:00+00:00,1.2180566296987574,-0.008855094659395478,ridge_full,0.27400096299546506
2023-09-22 23:00:00+00:00,2023-09-25 23:00:00+00:00,-1.8610371194461468,-0.027921230823582128,ridge_full,0.20257376092343654
2023-09-25 23:00:00+00:00,2023-09-26 23:00:00+00:00,1.8457479189791912,-0.012600718380372166,ridge_full,0.03533019654680697
2023-09-26 23:00:00+00:00,2023-09-27 23:00:00+00:00,0.2641577144214037,-0.0035478699695188024,ridge_full,-0.02701232137159397
2023-09-27 23:00:00+00:00,2023-09-28 23:00:00+00:00,0.3303043316426424,-0.0010190630814550239,ridge_full,0.3335730266081341
2023-09-28 23:00:00+00:00,2023-09-29 23:00:00+00:00,1.3034320036358529,0.012453968866808905,ridge_full,0.4027294489480988
2023-09-29 23:00:00+00:00,2023-10-02 23:00:00+00:00,-4.927931457980027,-0.04076138826857029,ridge_full,-0.29977381269775216
2023-10-02 23:00:00+00:00,2023-10-03 23:00:00+00:00,-1.7962779543084562,-0.06069804572202125,ridge_full,-0.011291448666650689
2023-10-03 23:00:00+00:00,2023-10-04 23:00:00+00:00,5.838060956438902,9.821875184268877e-05,ridge_full,-0.7627776242943475
2023-10-04 23:00:00+00:00,2023-10-05 23:00:00+00:00,0.729939972303883,0.007869733406515263,ridge_full,-0.24653736611608512
2023-10-05 23:00:00+00:00,2023-10-06 23:00:00+00:00,-1.2934050388992862,-0.003945322909809144,ridge_full,0.3681615766464076
2023-10-06 23:00:00+00:00,2023-10-09 23:00:00+00:00,1.7934941497625003,0.015937763216708013,ridge_full,0.11562196639427387
2023-10-09 23:00:00+00:00,2023-10-10 23:00:00+00:00,3.0233066556118295,0.04900592881345823,ridge_full,0.2522008164849602
2023-10-10 23:00:00+00:00,2023-10-11 23:00:00+00:00,-3.524387283894635,0.008992888684578872,ridge_full,-0.48582266422616593
2023-10-11 23:00:00+00:00,2023-10-12 23:00:00+00:00,-2.3610750731700505,-0.01487473038284883,ridge_full,-0.759021494163343
2023-10-12 23:00:00+00:00,2023-10-13 23:00:00+00:00,-1.5270835936471352,-0.032763268700496714,ridge_full,-0.08861184508001574
2023-10-13 23:00:00+00:00,2023-10-16 23:00:00+00:00,2.328332363701813,-0.0075863467691355,ridge_full,0.0550946126298615
2023-10-16 23:00:00+00:00,2023-10-17 23:00:00+00:00,1.28314550919643,0.007347491274735465,ridge_full,-0.2518389508358476
2023-10-17 23:00:00+00:00,2023-10-18 23:00:00+00:00,-1.9736713172406959,-0.015209111569514292,ridge_full,0.17649051369747581
2023-10-18 23:00:00+00:00,2023-10-19 23:00:00+00:00,1.3128691761508187,-0.0007521382505950158,ridge_full,0.5382389214509952
2023-10-19 23:00:00+00:00,2023-10-20 23:00:00+00:00,-0.33228985612542794,-0.0019445450690208442,ridge_full,-0.07892403036265744
2023-10-20 23:00:00+00:00,2023-10-23 23:00:00+00:00,-0.4074090679931937,-0.008636817200200316,ridge_full,-0.43817647239339674
2023-10-23 23:00:00+00:00,2023-10-24 23:00:00+00:00,4.169378403504558,0.039580998031844096,ridge_full,-0.5223761807555961
2023-10-24 23:00:00+00:00,2023-10-25 23:00:00+00:00,-3.454552164665807,-0.0032717845803528155,ridge_full,-0.12501185163727685
2023-10-25 23:00:00+00:00,2023-10-26 23:00:00+00:00,0.9259822522220476,0.014009623714062888,ridge_full,0.08528937126878293
2023-10-26 23:00:00+00:00,2023-10-27 23:00:00+00:00,-0.5308551428354265,0.0029668122539084057,ridge_full,-0.45876557558965847
2023-10-27 23:00:00+00:00,2023-10-30 23:00:00+00:00,-1.6062733689252375,-0.015444026106954025,ridge_full,-0.399307480450826
2023-10-30 23:00:00+00:00,2023-10-31 23:00:00+00:00,3.1186332686611653,0.020163926756527496,ridge_full,-0.024578343224161914
2023-10-31 23:00:00+00:00,2023-11-01 23:00:00+00:00,-8.668846514557941,-0.07594134981310705,ridge_full,-0.3772823633387945
2023-11-01 23:00:00+00:00,2023-11-02 23:00:00+00:00,10.43398305696287,0.0398845142566886,ridge_full,0.34703384940311954
2023-11-02 23:00:00+00:00,2023-11-03 23:00:00+00:00,-1.0387665741117575,0.02941826069014449,ridge_full,-0.9358375668390113
2023-11-03 23:00:00+00:00,2023-11-06 23:00:00+00:00,-3.521027281322895,-0.008546216232655588,ridge_full,0.6077219882856997
2023-11-06 23:00:00+00:00,2023-11-07 23:00:00+00:00,-0.6766583578977743,-0.018332384931272882,ridge_full,0.04258407972245783
2023-11-07 23:00:00+00:00,2023-11-08 23:00:00+00:00,1.9746474546029305,0.009239790083787423,ridge_full,-0.44025066141972435
2023-11-08 23:00:00+00:00,2023-11-09 23:00:00+00:00,0.9677586886333002,0.011870690479815458,ridge_full,0.3053845617247063
2023-11-09 23:00:00+00:00,2023-11-10 23:00:00+00:00,-0.9387279066471004,0.003938112827737752,ridge_full,-1.3207723553798623
2023-11-10 23:00:00+00:00,2023-11-13 23:00:00+00:00,-0.2450882969121168,0.001346797930668141,ridge_full,0.5726591580531907
2023-11-13 23:00:00+00:00,2023-11-14 23:00:00+00:00,3.5019600338526997,0.04006248511339531,ridge_full,0.040033450594612316
2023-11-14 23:00:00+00:00,2023-11-15 23:00:00+00:00,-3.7984358761844392,-0.000549242031755819,ridge_full,-0.32999494062062135
2023-11-15 23:00:00+00:00,2023-11-16 23:00:00+00:00,0.4418126055210414,0.0007055399752230563,ridge_full,-0.2360900351649256
2023-11-16 23:00:00+00:00,2023-11-17 23:00:00+00:00,0.8107498807806336,0.012945951501180882,ridge_full,-0.2987746075544013
2023-11-17 23:00:00+00:00,2023-11-20 23:00:00+00:00,-0.13513690206897655,0.011001891979972454,ridge_full,0.14849484907490934
2023-11-20 23:00:00+00:00,2023-11-21 23:00:00+00:00,-2.9486698232871014,-0.02148144833549965,ridge_full,0.11109777224392982
2023-11-21 23:00:00+00:00,2023-11-22 23:00:00+00:00,2.2057902226640964,0.0016403986015597878,ridge_full,-0.06894155008456149
2023-11-22 23:00:00+00:00,2023-11-23 23:00:00+00:00,-0.3200670068812753,-0.002473649680771024,ridge_full,0.45655352575882047
2023-11-23 23:00:00+00:00,2023-11-24 23:00:00+00:00,-1.0911501853986725,-0.01364694296436111,ridge_full,0.15459961061208466
2023-11-24 23:00:00+00:00,2023-11-27 23:00:00+00:00,2.869693264546754,0.019220544047317642,ridge_full,0.039192719499621595
2023-11-27 23:00:00+00:00,2023-11-28 23:00:00+00:00,-1.9624109277795003,-0.004081050137681327,ridge_full,-0.2253172358956988
2023-11-28 23:00:00+00:00,2023-11-29 23:00:00+00:00,2.298896302510195,0.024180628118675246,ridge_full,0.12847529797572166
2023-11-29 23:00:00+00:00,2023-11-30 23:00:00+00:00,-0.1872060498534749,0.021665524861888746,ridge_full,-0.48251403077130456
2023-11-30 23:00:00+00:00,2023-12-01 23:00:00+00:00,-1.4749600398704092,0.0029949598848803705,ridge_full,0.10236949327831053
2023-12-01 23:00:00+00:00,2023-12-04 23:00:00+00:00,-0.04568284762981445,0.0022596106357090358,ridge_full,-0.07886760294855272
2023-12-04 23:00:00+00:00,2023-12-05 23:00:00+00:00,1.6646983830525,0.021838944046754103,ridge_full,-0.20917598890730416
2023-12-05 23:00:00+00:00,2023-12-06 23:00:00+00:00,-0.3764328381990212,0.017081430542849982,ridge_full,0.4177030517563617
2023-12-06 23:00:00+00:00,2023-12-07 23:00:00+00:00,-1.7857477017509533,-0.003850671215287862,ridge_full,0.22195024733384222
2023-12-07 23:00:00+00:00,2023-12-08 23:00:00+00:00,-0.32048218388577204,-0.005626619292248749,ridge_full,0.5197059243235305
2023-12-08 23:00:00+00:00,2023-12-11 23:00:00+00:00,-1.0888045459210245,-0.017312230689619394,ridge_full,0.5378885265051242
2023-12-11 23:00:00+00:00,2023-12-12 23:00:00+00:00,0.30972786463947277,-0.014627172901116777,ridge_full,0.131732396242753
2023-12-12 23:00:00+00:00,2023-12-13 23:00:00+00:00,2.665662398672165,0.014663657044643445,ridge_full,-0.1579592135565855
2023-12-13 23:00:00+00:00,2023-12-14 23:00:00+00:00,2.901565324318237,0.04881015075253094,ridge_full,0.2550866866356273
2023-12-14 23:00:00+00:00,2023-12-15 23:00:00+00:00,-3.636785627739769,0.007703198349635079,ridge_full,0.4936073097931084
2023-12-15 23:00:00+00:00,2023-12-18 23:00:00+00:00,-2.3200458717927193,-0.017950689580301524,ridge_full,0.13186919427555266
2023-12-18 23:00:00+00:00,2023-12-19 23:00:00+00:00,2.101063302631097,0.0035731253184379244,ridge_full,-0.33505083895256005
2023-12-19 23:00:00+00:00,2023-12-20 23:00:00+00:00,0.6439700378113881,0.013633710135809182,ridge_full,-0.35297426815446525
2023-12-20 23:00:00+00:00,2023-12-21 23:00:00+00:00,-0.7227275793950543,0.003869228719287048,ridge_full,-0.028217316132068904
2023-12-21 23:00:00+00:00,2023-12-22 23:00:00+00:00,0.3169563894494805,0.006905335813139505,ridge_full,0.2180754313688087
2023-12-22 23:00:00+00:00,2023-12-27 23:00:00+00:00,0.6897441702391572,0.017613717422371656,ridge_full,0.634830922926087
2023-12-27 23:00:00+00:00,2023-12-28 23:00:00+00:00,-0.9772893951861185,0.005572773609207698,ridge_full,-0.010972458755462322
2023-12-28 23:00:00+00:00,2023-12-29 23:00:00+00:00,-0.41338940721020323,-0.0009736218675632683,ridge_full,-0.4263087960862
2023-06-30 23:00:00+00:00,2023-07-03 23:00:00+00:00,0.09909681602721804,0.004874108261366944,ridge_finance_only,-0.1972789667034771
2023-07-03 23:00:00+00:00,2023-07-04 23:00:00+00:00,-0.46589859363730457,0.0018817138499776518,ridge_finance_only,-0.32028285958251806
2023-07-04 23:00:00+00:00,2023-07-05 23:00:00+00:00,-2.7796603930414556,-0.027481444648436416,ridge_finance_only,-0.01855869561947759
2023-07-05 23:00:00+00:00,2023-07-06 23:00:00+00:00,0.9438094023532675,-0.017914418960217966,ridge_finance_only,-0.09122745039909055
2023-07-06 23:00:00+00:00,2023-07-07 23:00:00+00:00,1.0994697268219404,-0.00452155792067741,ridge_finance_only,0.1226689164654388
2023-07-07 23:00:00+00:00,2023-07-10 23:00:00+00:00,0.09754194677337513,-0.005407975200174236,ridge_finance_only,-0.04653917577907467
2023-07-10 23:00:00+00:00,2023-07-11 23:00:00+00:00,1.2510711057026127,0.009282187331107049,ridge_finance_only,0.13176827121237264
2023-07-11 23:00:00+00:00,2023-07-12 23:00:00+00:00,0.5313651560799122,0.014391820143215694,ridge_finance_only,0.11107381342864155
2023-07-12 23:00:00+00:00,2023-07-13 23:00:00+00:00,0.25331926735136,0.01639902104419389,ridge_finance_only,0.04151811616138337
2023-07-13 23:00:00+00:00,2023-07-14 23:00:00+00:00,-2.3590507603165123,-0.01036949587951754,ridge_finance_only,-0.4500312275523999
2023-07-14 23:00:00+00:00,2023-07-17 23:00:00+00:00,0.6320277974685539,-0.0009763142906332338,ridge_finance_only,-0.2809361086927636
2023-07-17 23:00:00+00:00,2023-07-18 23:00:00+00:00,-0.07861991957261855,-0.0013946067059967175,ridge_finance_only,-0.17667397761375875
2023-07-18 23:00:00+00:00,2023-07-19 23:00:00+00:00,0.3659666449678321,0.0017061373790585826,ridge_finance_only,-0.05122372805355813
2023-07-19 23:00:00+00:00,2023-07-20 23:00:00+00:00,-0.5004287874759809,-0.006686301145567348,ridge_finance_only,0.03573937653670563
2023-07-20 23:00:00+00:00,2023-07-21 23:00:00+00:00,0.982666070842994,0.005137589121756495,ridge_finance_only,0.17779336192937026
2023-07-21 23:00:00+00:00,2023-07-24 23:00:00+00:00,0.04777434862220098,0.007864484405030658,ridge_finance_only,0.20283126126581552
2023-07-24 23:00:00+00:00,2023-07-25 23:00:00+00:00,-0.4937859535205661,0.0026144443118582563,ridge_finance_only,-0.08838583025253546
2023-07-25 23:00:00+00:00,2023-07-26 23:00:00+00:00,0.9608576009407895,0.01134488793452025,ridge_finance_only,-0.06107940252709851
2023-07-26 23:00:00+00:00,2023-07-27 23:00:00+00:00,-2.4919501340902794,-0.017790880183693025,ridge_finance_only,-0.12174470682554801
2023-07-27 23:00:00+00:00,2023-07-28 23:00:00+00:00,-0.6313881735852909,-0.023139792864366703,ridge_finance_only,0.09724686707249479
2023-07-28 23:00:00+00:00,2023-07-31 23:00:00+00:00,1.7303245205268378,-0.0018770695285891745,ridge_finance_only,-0.15945805768629367
2023-07-31 23:00:00+00:00,2023-08-01 23:00:00+00:00,-0.7440712500913771,-0.009975511393071373,ridge_finance_only,0.11727789331972788
2023-08-01 23:00:00+00:00,2023-08-02 23:00:00+00:00,-1.0307817190635498,-0.02099263003378495,ridge_finance_only,0.17363127697621608
2023-08-02 23:00:00+00:00,2023-08-03 23:00:00+00:00,1.5134555770834617,-0.004598800003617887,ridge_finance_only,-0.020428618113401863
2023-08-03 23:00:00+00:00,2023-08-04 23:00:00+00:00,1.4604470438684818,0.009590556853158815,ridge_finance_only,0.12296762484906128
2023-08-04 23:00:00+00:00,2023-08-07 23:00:00+00:00,-1.4060338933717675,-0.006018085384303692,ridge_finance_only,-0.1074628765332274
2023-08-07 23:00:00+00:00,2023-08-08 23:00:00+00:00,1.199281569830319,0.007286770357886426,ridge_finance_only,-0.22250067163545012
2023-08-08 23:00:00+00:00,2023-08-09 23:00:00+00:00,-1.1214716944878278,-0.0055905531829725215,ridge_finance_only,-0.11635269920526575
2023-08-09 23:00:00+00:00,2023-08-10 23:00:00+00:00,-0.2829055480734056,-0.011558806279905137,ridge_finance_only,-0.10711258989893545
2023-08-10 23:00:00+00:00,2023-08-11 23:00:00+00:00,0.5212413756101026,-0.0024651033082681503,ridge_finance_only,-0.33551274499802963
2023-08-11 23:00:00+00:00,2023-08-14 23:00:00+00:00,-0.7474193430053082,-0.010027039397738175,ridge_finance_only,0.003320942096772159
2023-08-14 23:00:00+00:00,2023-08-15 23:00:00+00:00,-1.1173707549767358,-0.021495004152898897,ridge_finance_only,0.18540043612527599
2023-08-15 23:00:00+00:00,2023-08-16 23:00:00+00:00,2.68741177906527,0.006852411865921548,ridge_finance_only,-0.12333786166737565
2023-08-16 23:00:00+00:00,2023-08-17 23:00:00+00:00,-2.9924681493638876,-0.026520481036997917,ridge_finance_only,0.08940361179057194
2023-08-17 23:00:00+00:00,2023-08-18 23:00:00+00:00,2.688704944298233,0.0021324821669317933,ridge_finance_only,0.08024852397637292
2023-08-18 23:00:00+00:00,2023-08-21 23:00:00+00:00,-0.46523541655618017,-0.0022472994900108443,ridge_finance_only,-0.2123569690115069
2023-08-21 23:00:00+00:00,2023-08-22 23:00:00+00:00,1.1510294112268233,0.011859321333414947,ridge_finance_only,0.19137042293224407
2023-08-22 23:00:00+00:00,2023-08-23 23:00:00+00:00,0.7383088141273548,0.01856042131912121,ridge_finance_only,-0.13203092740590783
2023-08-23 23:00:00+00:00,2023-08-24 23:00:00+00:00,-0.2989271598424932,0.016968570817714017,ridge_finance_only,-0.3235183322851237
2023-08-24 23:00:00+00:00,2023-08-25 23:00:00+00:00,-0.9987156112852262,0.0034790057202582236,ridge_finance_only,0.0754512117750268
2023-08-25 23:00:00+00:00,2023-08-28 23:00:00+00:00,-0.2579281785137518,0.0023759335401294453,ridge_finance_only,-0.4447748022193902
2023-08-28 23:00:00+00:00,2023-08-29 23:00:00+00:00,1.1497724490971337,0.01355838278318239,ridge_finance_only,-0.012482409565838973
2023-08-29 23:00:00+00:00,2023-08-30 23:00:00+00:00,-10.508651422573223,-0.10186491757201528,ridge_finance_only,-0.08286499731670491
2023-08-30 23:00:00+00:00,2023-08-31 23:00:00+00:00,9.728880347095762,0.006334096891097615,ridge_finance_only,0.156864612667501
2023-08-31 23:00:00+00:00,2023-09-01 23:00:00+00:00,0.01585294768222678,0.009855941643447596,ridge_finance_only,-0.27316357597263685
2023-09-01 23:00:00+00:00,2023-09-04 23:00:00+00:00,-2.237706587314992,-0.018329735286361122,ridge_finance_only,0.8958929426820929
2023-09-04 23:00:00+00:00,2023-09-05 23:00:00+00:00,-1.6351716011328312,-0.03728243299099594,ridge_finance_only,-0.059352638188945275
2023-09-05 23:00:00+00:00,2023-09-06 23:00:00+00:00,2.551966672234518,-0.009759753851797785,ridge_finance_only,-0.0710859085171037
2023-09-06 23:00:00+00:00,2023-09-07 23:00:00+00:00,0.2184437232922386,-0.009192240353067605,ridge_finance_only,0.1922883681253844
2023-09-07 23:00:00+00:00,2023-09-08 23:00:00+00:00,1.2962344159171284,0.006670048131453967,ridge_finance_only,-1.150732433276448
2023-09-08 23:00:00+00:00,2023-09-11 23:00:00+00:00,-1.541323732055778,-0.0077431959288096035,ridge_finance_only,0.1788282548692391
2023-09-11 23:00:00+00:00,2023-09-12 23:00:00+00:00,-0.365416124916475,-0.012954517792704425,ridge_finance_only,0.23751969683502486
2023-09-12 23:00:00+00:00,2023-09-13 23:00:00+00:00,2.4547311496497053,0.017635412783872085,ridge_finance_only,-0.3494488097810603
2023-09-13 23:00:00+00:00,2023-09-14 23:00:00+00:00,1.970261767408183,0.03652905279407096,ridge_finance_only,-0.49518848647319497
2023-09-14 23:00:00+00:00,2023-09-15 23:00:00+00:00,-3.9721292796520933,-0.00866683982475663,ridge_finance_only,-0.10382378424010244
2023-09-15 23:00:00+00:00,2023-09-18 23:00:00+00:00,0.541505169212682,-0.0011269234641432023,ridge_finance_only,-0.0933906712860688
2023-09-18 23:00:00+00:00,2023-09-19 23:00:00+00:00,0.35138037944238637,0.001764869031644281,ridge_finance_only,-0.15001684782575503
2023-09-19 23:00:00+00:00,2023-09-20 23:00:00+00:00,1.2989761502071695,0.015963592822706013,ridge_finance_only,-0.09007895018097418
2023-09-20 23:00:00+00:00,2023-09-21 23:00:00+00:00,-3.539601464491641,-0.02083231251287865,ridge_finance_only,-0.16777446247394232
2023-09-21 23:00:00+00:00,2023-09-22 23:00:00+00:00,1.2180566296987574,-0.008855094659395478,ridge_finance_only,0.24560485755559283
2023-09-22 23:00:00+00:00,2023-09-25 23:00:00+00:00,-1.8610371194461468,-0.027921230823582128,ridge_finance_only,0.29784657635869755
2023-09-25 23:00:00+00:00,2023-09-26 23:00:00+00:00,1.8457479189791912,-0.012600718380372166,ridge_finance_only,-0.0008345583025499294
2023-09-26 23:00:00+00:00,2023-09-27 23:00:00+00:00,0.2641577144214037,-0.0035478699695188024,ridge_finance_only,-0.12755724827592255
2023-09-27 23:00:00+00:00,2023-09-28 23:00:00+00:00,0.3303043316426424,-0.0010190630814550239,ridge_finance_only,0.3137261201267715
2023-09-28 23:00:00+00:00,2023-09-29 23:00:00+00:00,1.3034320036358529,0.012453968866808905,ridge_finance_only,0.20234124128293154
2023-09-29 23:00:00+00:00,2023-10-02 23:00:00+00:00,-4.927931457980027,-0.04076138826857029,ridge_finance_only,-0.33685557844947855
2023-10-02 23:00:00+00:00,2023-10-03 23:00:00+00:00,-1.7962779543084562,-0.06069804572202125,ridge_finance_only,-0.09130789647067095
2023-10-03 23:00:00+00:00,2023-10-04 23:00:00+00:00,5.838060956438902,9.821875184268877e-05,ridge_finance_only,-0.647141387467804
2023-10-04 23:00:00+00:00,2023-10-05 23:00:00+00:00,0.729939972303883,0.007869733406515263,ridge_finance_only,-0.1035682236403513
2023-10-05 23:00:00+00:00,2023-10-06 23:00:00+00:00,-1.2934050388992862,-0.003945322909809144,ridge_finance_only,0.3434225469659539
2023-10-06 23:00:00+00:00,2023-10-09 23:00:00+00:00,1.7934941497625003,0.015937763216708013,ridge_finance_only,0.05079212708324618
2023-10-09 23:00:00+00:00,2023-10-10 23:00:00+00:00,3.0233066556118295,0.04900592881345823,ridge_finance_only,0.0483941018775554
2023-10-10 23:00:00+00:00,2023-10-11 23:00:00+00:00,-3.524387283894635,0.008992888684578872,ridge_finance_only,-0.5423571797809525
2023-10-11 23:00:00+00:00,2023-10-12 23:00:00+00:00,-2.3610750731700505,-0.01487473038284883,ridge_finance_only,-0.8163606087298722
2023-10-12 23:00:00+00:00,2023-10-13 23:00:00+00:00,-1.5270835936471352,-0.032763268700496714,ridge_finance_only,-0.24597161631386474
2023-10-13 23:00:00+00:00,2023-10-16 23:00:00+00:00,2.328332363701813,-0.0075863467691355,ridge_finance_only,-0.056918392771302076
2023-10-16 23:00:00+00:00,2023-10-17 23:00:00+00:00,1.28314550919643,0.007347491274735465,ridge_finance_only,-0.15341444941557306
2023-10-17 23:00:00+00:00,2023-10-18 23:00:00+00:00,-1.9736713172406959,-0.015209111569514292,ridge_finance_only,0.41863012972052266
2023-10-18 23:00:00+00:00,2023-10-19 23:00:00+00:00,1.3128691761508187,-0.0007521382505950158,ridge_finance_only,0.7519978666018238
2023-10-19 23:00:00+00:00,2023-10-20 23:00:00+00:00,-0.33228985612542794,-0.0019445450690208442,ridge_finance_only,0.07530906361459093
2023-10-20 23:00:00+00:00,2023-10-23 23:00:00+00:00,-0.4074090679931937,-0.008636817200200316,ridge_finance_only,-0.12494883604128318
2023-10-23 23:00:00+00:00,2023-10-24 23:00:00+00:00,4.169378403504558,0.039580998031844096,ridge_finance_only,-0.5576346148593249
2023-10-24 23:00:00+00:00,2023-10-25 23:00:00+00:00,-3.454552164665807,-0.0032717845803528155,ridge_finance_only,-0.07637188662137055
2023-10-25 23:00:00+00:00,2023-10-26 23:00:00+00:00,0.9259822522220476,0.014009623714062888,ridge_finance_only,0.19425386576557283
2023-10-26 23:00:00+00:00,2023-10-27 23:00:00+00:00,-0.5308551428354265,0.0029668122539084057,ridge_finance_only,-0.3748670855348776
2023-10-27 23:00:00+00:00,2023-10-30 23:00:00+00:00,-1.6062733689252375,-0.015444026106954025,ridge_finance_only,-0.17640614374972333
2023-10-30 23:00:00+00:00,2023-10-31 23:00:00+00:00,3.1186332686611653,0.020163926756527496,ridge_finance_only,0.033930881892588825
2023-10-31 23:00:00+00:00,2023-11-01 23:00:00+00:00,-8.668846514557941,-0.07594134981310705,ridge_finance_only,-0.16888963282778682
2023-11-01 23:00:00+00:00,2023-11-02 23:00:00+00:00,10.43398305696287,0.0398845142566886,ridge_finance_only,0.6780703285973677
2023-11-02 23:00:00+00:00,2023-11-03 23:00:00+00:00,-1.0387665741117575,0.02941826069014449,ridge_finance_only,-0.5793017776305206
2023-11-03 23:00:00+00:00,2023-11-06 23:00:00+00:00,-3.521027281322895,-0.008546216232655588,ridge_finance_only,0.7261782235151463
2023-11-06 23:00:00+00:00,2023-11-07 23:00:00+00:00,-0.6766583578977743,-0.018332384931272882,ridge_finance_only,-0.04889825644671537
2023-11-07 23:00:00+00:00,2023-11-08 23:00:00+00:00,1.9746474546029305,0.009239790083787423,ridge_finance_only,-0.471983548398334
2023-11-08 23:00:00+00:00,2023-11-09 23:00:00+00:00,0.9677586886333002,0.011870690479815458,ridge_finance_only,0.31834876792539385
2023-11-09 23:00:00+00:00,2023-11-10 23:00:00+00:00,-0.9387279066471004,0.003938112827737752,ridge_finance_only,-1.1716928049573219
2023-11-10 23:00:00+00:00,2023-11-13 23:00:00+00:00,-0.2450882969121168,0.001346797930668141,ridge_finance_only,0.6444277809488739
2023-11-13 23:00:00+00:00,2023-11-14 23:00:00+00:00,3.5019600338526997,0.04006248511339531,ridge_finance_only,0.3351702494558474
2023-11-14 23:00:00+00:00,2023-11-15 23:00:00+00:00,-3.7984358761844392,-0.000549242031755819,ridge_finance_only,-0.18574629962801936
2023-11-15 23:00:00+00:00,2023-11-16 23:00:00+00:00,0.4418126055210414,0.0007055399752230563,ridge_finance_only,-0.10589065269840736
2023-11-16 23:00:00+00:00,2023-11-17 23:00:00+00:00,0.8107498807806336,0.012945951501180882,ridge_finance_only,-0.21717043928865956
2023-11-17 23:00:00+00:00,2023-11-20 23:00:00+00:00,-0.13513690206897655,0.011001891979972454,ridge_finance_only,0.2280660194022058
2023-11-20 23:00:00+00:00,2023-11-21 23:00:00+00:00,-2.9486698232871014,-0.02148144833549965,ridge_finance_only,0.027831576837472345
2023-11-21 23:00:00+00:00,2023-11-22 23:00:00+00:00,2.2057902226640964,0.0016403986015597878,ridge_finance_only,-0.045356236225104776
2023-11-22 23:00:00+00:00,2023-11-23 23:00:00+00:00,-0.3200670068812753,-0.002473649680771024,ridge_finance_only,0.3674279421564094
2023-11-23 23:00:00+00:00,2023-11-24 23:00:00+00:00,-1.0911501853986725,-0.01364694296436111,ridge_finance_only,0.13672296471043668
2023-11-24 23:00:00+00:00,2023-11-27 23:00:00+00:00,2.869693264546754,0.019220544047317642,ridge_finance_only,0.06998128365057411
2023-11-27 23:00:00+00:00,2023-11-28 23:00:00+00:00,-1.9624109277795003,-0.004081050137681327,ridge_finance_only,0.08337170653232162
2023-11-28 23:00:00+00:00,2023-11-29 23:00:00+00:00,2.298896302510195,0.024180628118675246,ridge_finance_only,0.2597599837835154
2023-11-29 23:00:00+00:00,2023-11-30 23:00:00+00:00,-0.1872060498534749,0.021665524861888746,ridge_finance_only,-0.4010717205909066
2023-11-30 23:00:00+00:00,2023-12-01 23:00:00+00:00,-1.4749600398704092,0.0029949598848803705,ridge_finance_only,0.06543194639547914
2023-12-01 23:00:00+00:00,2023-12-04 23:00:00+00:00,-0.04568284762981445,0.0022596106357090358,ridge_finance_only,-0.14055916277279992
2023-12-04 23:00:00+00:00,2023-12-05 23:00:00+00:00,1.6646983830525,0.021838944046754103,ridge_finance_only,-0.28233747983617324
2023-12-05 23:00:00+00:00,2023-12-06 23:00:00+00:00,-0.3764328381990212,0.017081430542849982,ridge_finance_only,0.25661599022616693
2023-12-06 23:00:00+00:00,2023-12-07 23:00:00+00:00,-1.7857477017509533,-0.003850671215287862,ridge_finance_only,0.025554204588932945
2023-12-07 23:00:00+00:00,2023-12-08 23:00:00+00:00,-0.32048218388577204,-0.005626619292248749,ridge_finance_only,0.2488473415101445
2023-12-08 23:00:00+00:00,2023-12-11 23:00:00+00:00,-1.0888045459210245,-0.017312230689619394,ridge_finance_only,0.1977478869664941
2023-12-11 23:00:00+00:00,2023-12-12 23:00:00+00:00,0.30972786463947277,-0.014627172901116777,ridge_finance_only,-0.001029404970801274
2023-12-12 23:00:00+00:00,2023-12-13 23:00:00+00:00,2.665662398672165,0.014663657044643445,ridge_finance_only,-0.02258339523918297
2023-12-13 23:00:00+00:00,2023-12-14 23:00:00+00:00,2.901565324318237,0.04881015075253094,ridge_finance_only,0.36712418215086473
2023-12-14 23:00:00+00:00,2023-12-15 23:00:00+00:00,-3.636785627739769,0.007703198349635079,ridge_finance_only,0.4141236466461819
2023-12-15 23:00:00+00:00,2023-12-18 23:00:00+00:00,-2.3200458717927193,-0.017950689580301524,ridge_finance_only,0.028647403112994584
2023-12-18 23:00:00+00:00,2023-12-19 23:00:00+00:00,2.101063302631097,0.0035731253184379244,ridge_finance_only,-0.33829130797708995
2023-12-19 23:00:00+00:00,2023-12-20 23:00:00+00:00,0.6439700378113881,0.013633710135809182,ridge_finance_only,-0.39881702773468264
2023-12-20 23:00:00+00:00,2023-12-21 23:00:00+00:00,-0.7227275793950543,0.003869228719287048,ridge_finance_only,-0.06261497496384728
2023-12-21 23:00:00+00:00,2023-12-22 23:00:00+00:00,0.3169563894494805,0.006905335813139505,ridge_finance_only,0.17687172462017636
2023-12-22 23:00:00+00:00,2023-12-27 23:00:00+00:00,0.6897441702391572,0.017613717422371656,ridge_finance_only,0.5674585859221204
2023-12-27 23:00:00+00:00,2023-12-28 23:00:00+00:00,-0.9772893951861185,0.005572773609207698,ridge_finance_only,0.09259721522449188
2023-12-28 23:00:00+00:00,2023-12-29 23:00:00+00:00,-0.41338940721020323,-0.0009736218675632683,ridge_finance_only,-0.3449312041910328
2023-06-30 23:00:00+00:00,2023-07-03 23:00:00+00:00,0.09909681602721804,0.004874108261366944,ridge_weather_only,0.017736439113242783
2023-07-03 23:00:00+00:00,2023-07-04 23:00:00+00:00,-0.46589859363730457,0.0018817138499776518,ridge_weather_only,0.01691054272355509
2023-07-04 23:00:00+00:00,2023-07-05 23:00:00+00:00,-2.7796603930414556,-0.027481444648436416,ridge_weather_only,0.022877261401527085
2023-07-05 23:00:00+00:00,2023-07-06 23:00:00+00:00,0.9438094023532675,-0.017914418960217966,ridge_weather_only,0.025000671163256785
2023-07-06 23:00:00+00:00,2023-07-07 23:00:00+00:00,1.0994697268219404,-0.00452155792067741,ridge_weather_only,0.044434784510919825
2023-07-07 23:00:00+00:00,2023-07-10 23:00:00+00:00,0.09754194677337513,-0.005407975200174236,ridge_weather_only,-0.2294181419366082
2023-07-10 23:00:00+00:00,2023-07-11 23:00:00+00:00,1.2510711057026127,0.009282187331107049,ridge_weather_only,0.04353618715783068
2023-07-11 23:00:00+00:00,2023-07-12 23:00:00+00:00,0.5313651560799122,0.014391820143215694,ridge_weather_only,-0.12949381081819306
2023-07-12 23:00:00+00:00,2023-07-13 23:00:00+00:00,0.25331926735136,0.01639902104419389,ridge_weather_only,-0.049014253484637824
2023-07-13 23:00:00+00:00,2023-07-14 23:00:00+00:00,-2.3590507603165123,-0.01036949587951754,ridge_weather_only,-0.11665836656118088
2023-07-14 23:00:00+00:00,2023-07-17 23:00:00+00:00,0.6320277974685539,-0.0009763142906332338,ridge_weather_only,-0.0716918018717901
2023-07-17 23:00:00+00:00,2023-07-18 23:00:00+00:00,-0.07861991957261855,-0.0013946067059967175,ridge_weather_only,0.07914235353066267
2023-07-18 23:00:00+00:00,2023-07-19 23:00:00+00:00,0.3659666449678321,0.0017061373790585826,ridge_weather_only,0.3608129523396952
2023-07-19 23:00:00+00:00,2023-07-20 23:00:00+00:00,-0.5004287874759809,-0.006686301145567348,ridge_weather_only,-0.06529670654754531
2023-07-20 23:00:00+00:00,2023-07-21 23:00:00+00:00,0.982666070842994,0.005137589121756495,ridge_weather_only,-0.08972791264297621
2023-07-21 23:00:00+00:00,2023-07-24 23:00:00+00:00,0.04777434862220098,0.007864484405030658,ridge_weather_only,-0.1449101574167279
2023-07-24 23:00:00+00:00,2023-07-25 23:00:00+00:00,-0.4937859535205661,0.0026144443118582563,ridge_weather_only,0.03441364617543964
2023-07-25 23:00:00+00:00,2023-07-26 23:00:00+00:00,0.9608576009407895,0.01134488793452025,ridge_weather_only,-0.05653134771050296
2023-07-26 23:00:00+00:00,2023-07-27 23:00:00+00:00,-2.4919501340902794,-0.017790880183693025,ridge_weather_only,-0.01978130874695959
2023-07-27 23:00:00+00:00,2023-07-28 23:00:00+00:00,-0.6313881735852909,-0.023139792864366703,ridge_weather_only,-0.025788213721440217
2023-07-28 23:00:00+00:00,2023-07-31 23:00:00+00:00,1.7303245205268378,-0.0018770695285891745,ridge_weather_only,0.10592071401356033
2023-07-31 23:00:00+00:00,2023-08-01 23:00:00+00:00,-0.7440712500913771,-0.009975511393071373,ridge_weather_only,0.11148082143887354
2023-08-01 23:00:00+00:00,2023-08-02 23:00:00+00:00,-1.0307817190635498,-0.02099263003378495,ridge_weather_only,-0.06696412124366936
2023-08-02 23:00:00+00:00,2023-08-03 23:00:00+00:00,1.5134555770834617,-0.004598800003617887,ridge_weather_only,0.02427418891720859
2023-08-03 23:00:00+00:00,2023-08-04 23:00:00+00:00,1.4604470438684818,0.009590556853158815,ridge_weather_only,0.2727122654565346
2023-08-04 23:00:00+00:00,2023-08-07 23:00:00+00:00,-1.4060338933717675,-0.006018085384303692,ridge_weather_only,0.09994883874100056
2023-08-07 23:00:00+00:00,2023-08-08 23:00:00+00:00,1.199281569830319,0.007286770357886426,ridge_weather_only,0.04677051628092256
2023-08-08 23:00:00+00:00,2023-08-09 23:00:00+00:00,-1.1214716944878278,-0.0055905531829725215,ridge_weather_only,0.12382237225294458
2023-08-09 23:00:00+00:00,2023-08-10 23:00:00+00:00,-0.2829055480734056,-0.011558806279905137,ridge_weather_only,0.053905228267638466
2023-08-10 23:00:00+00:00,2023-08-11 23:00:00+00:00,0.5212413756101026,-0.0024651033082681503,ridge_weather_only,0.11481654403961113
2023-08-11 23:00:00+00:00,2023-08-14 23:00:00+00:00,-0.7474193430053082,-0.010027039397738175,ridge_weather_only,0.08967359223312062
2023-08-14 23:00:00+00:00,2023-08-15 23:00:00+00:00,-1.1173707549767358,-0.021495004152898897,ridge_weather_only,0.19397224354729803
2023-08-15 23:00:00+00:00,2023-08-16 23:00:00+00:00,2.68741177906527,0.006852411865921548,ridge_weather_only,0.10681126249624988
2023-08-16 23:00:00+00:00,2023-08-17 23:00:00+00:00,-2.9924681493638876,-0.026520481036997917,ridge_weather_only,-0.0016938483015362382
2023-08-17 23:00:00+00:00,2023-08-18 23:00:00+00:00,2.688704944298233,0.0021324821669317933,ridge_weather_only,-0.039971627516448435
2023-08-18 23:00:00+00:00,2023-08-21 23:00:00+00:00,-0.46523541655618017,-0.0022472994900108443,ridge_weather_only,-0.11659954822421484
2023-08-21 23:00:00+00:00,2023-08-22 23:00:00+00:00,1.1510294112268233,0.011859321333414947,ridge_weather_only,-0.04003174824360997
2023-08-22 23:00:00+00:00,2023-08-23 23:00:00+00:00,0.7383088141273548,0.01856042131912121,ridge_weather_only,0.06321134749699163
2023-08-23 23:00:00+00:00,2023-08-24 23:00:00+00:00,-0.2989271598424932,0.016968570817714017,ridge_weather_only,0.04536073258125259
2023-08-24 23:00:00+00:00,2023-08-25 23:00:00+00:00,-0.9987156112852262,0.0034790057202582236,ridge_weather_only,0.011926526481399594
2023-08-25 23:00:00+00:00,2023-08-28 23:00:00+00:00,-0.2579281785137518,0.0023759335401294453,ridge_weather_only,0.05611896565433916
2023-08-28 23:00:00+00:00,2023-08-29 23:00:00+00:00,1.1497724490971337,0.01355838278318239,ridge_weather_only,0.017010399105978027
2023-08-29 23:00:00+00:00,2023-08-30 23:00:00+00:00,-10.508651422573223,-0.10186491757201528,ridge_weather_only,0.08617538178118882
2023-08-30 23:00:00+00:00,2023-08-31 23:00:00+00:00,9.728880347095762,0.006334096891097615,ridge_weather_only,-0.05460940572439126
2023-08-31 23:00:00+00:00,2023-09-01 23:00:00+00:00,0.01585294768222678,0.009855941643447596,ridge_weather_only,0.11902837386581537
2023-09-01 23:00:00+00:00,2023-09-04 23:00:00+00:00,-2.237706587314992,-0.018329735286361122,ridge_weather_only,-0.024849166202011268
2023-09-04 23:00:00+00:00,2023-09-05 23:00:00+00:00,-1.6351716011328312,-0.03728243299099594,ridge_weather_only,-0.06673451982749046
2023-09-05 23:00:00+00:00,2023-09-06 23:00:00+00:00,2.551966672234518,-0.009759753851797785,ridge_weather_only,-0.057805484917077626
2023-09-06 23:00:00+00:00,2023-09-07 23:00:00+00:00,0.2184437232922386,-0.009192240353067605,ridge_weather_only,-0.2339035018149912
2023-09-07 23:00:00+00:00,2023-09-08 23:00:00+00:00,1.2962344159171284,0.006670048131453967,ridge_weather_only,-0.1860469462747632
2023-09-08 23:00:00+00:00,2023-09-11 23:00:00+00:00,-1.541323732055778,-0.0077431959288096035,ridge_weather_only,-0.11783701584555346
2023-09-11 23:00:00+00:00,2023-09-12 23:00:00+00:00,-0.365416124916475,-0.012954517792704425,ridge_weather_only,-0.02400463174753026
2023-09-12 23:00:00+00:00,2023-09-13 23:00:00+00:00,2.4547311496497053,0.017635412783872085,ridge_weather_only,-0.07921407892908065
2023-09-13 23:00:00+00:00,2023-09-14 23:00:00+00:00,1.970261767408183,0.03652905279407096,ridge_weather_only,-0.07010956875691633
2023-09-14 23:00:00+00:00,2023-09-15 23:00:00+00:00,-3.9721292796520933,-0.00866683982475663,ridge_weather_only,-0.09860951341055729
2023-09-15 23:00:00+00:00,2023-09-18 23:00:00+00:00,0.541505169212682,-0.0011269234641432023,ridge_weather_only,-0.09304936035932349
2023-09-18 23:00:00+00:00,2023-09-19 23:00:00+00:00,0.35138037944238637,0.001764869031644281,ridge_weather_only,0.07563505576679165
2023-09-19 23:00:00+00:00,2023-09-20 23:00:00+00:00,1.2989761502071695,0.015963592822706013,ridge_weather_only,-0.004909735737627159
2023-09-20 23:00:00+00:00,2023-09-21 23:00:00+00:00,-3.539601464491641,-0.02083231251287865,ridge_weather_only,0.059825936687451634
2023-09-21 23:00:00+00:00,2023-09-22 23:00:00+00:00,1.2180566296987574,-0.008855094659395478,ridge_weather_only,-0.00335957986664219
2023-09-22 23:00:00+00:00,2023-09-25 23:00:00+00:00,-1.8610371194461468,-0.027921230823582128,ridge_weather_only,-0.15681567305498734
2023-09-25 23:00:00+00:00,2023-09-26 23:00:00+00:00,1.8457479189791912,-0.012600718380372166,ridge_weather_only,0.004143622908582875
2023-09-26 23:00:00+00:00,2023-09-27 23:00:00+00:00,0.2641577144214037,-0.0035478699695188024,ridge_weather_only,0.06349377727616105
2023-09-27 23:00:00+00:00,2023-09-28 23:00:00+00:00,0.3303043316426424,-0.0010190630814550239,ridge_weather_only,0.030801479234464496
2023-09-28 23:00:00+00:00,2023-09-29 23:00:00+00:00,1.3034320036358529,0.012453968866808905,ridge_weather_only,0.12220874595354873
2023-09-29 23:00:00+00:00,2023-10-02 23:00:00+00:00,-4.927931457980027,-0.04076138826857029,ridge_weather_only,0.1164857939417142
2023-10-02 23:00:00+00:00,2023-10-03 23:00:00+00:00,-1.7962779543084562,-0.06069804572202125,ridge_weather_only,0.11094624997118176
2023-10-03 23:00:00+00:00,2023-10-04 23:00:00+00:00,5.838060956438902,9.821875184268877e-05,ridge_weather_only,0.04393111372060948
2023-10-04 23:00:00+00:00,2023-10-05 23:00:00+00:00,0.729939972303883,0.007869733406515263,ridge_weather_only,-0.048137181887310664
2023-10-05 23:00:00+00:00,2023-10-06 23:00:00+00:00,-1.2934050388992862,-0.003945322909809144,ridge_weather_only,0.012669928421742527
2023-10-06 23:00:00+00:00,2023-10-09 23:00:00+00:00,1.7934941497625003,0.015937763216708013,ridge_weather_only,0.0990945798400051
2023-10-09 23:00:00+00:00,2023-10-10 23:00:00+00:00,3.0233066556118295,0.04900592881345823,ridge_weather_only,0.08955421768271017
2023-10-10 23:00:00+00:00,2023-10-11 23:00:00+00:00,-3.524387283894635,0.008992888684578872,ridge_weather_only,0.06424944209505969
2023-10-11 23:00:00+00:00,2023-10-12 23:00:00+00:00,-2.3610750731700505,-0.01487473038284883,ridge_weather_only,0.046569621677040485
2023-10-12 23:00:00+00:00,2023-10-13 23:00:00+00:00,-1.5270835936471352,-0.032763268700496714,ridge_weather_only,0.0066274792943130795
2023-10-13 23:00:00+00:00,2023-10-16 23:00:00+00:00,2.328332363701813,-0.0075863467691355,ridge_weather_only,0.18265831906926366
2023-10-16 23:00:00+00:00,2023-10-17 23:00:00+00:00,1.28314550919643,0.007347491274735465,ridge_weather_only,-0.20693097179391345
2023-10-17 23:00:00+00:00,2023-10-18 23:00:00+00:00,-1.9736713172406959,-0.015209111569514292,ridge_weather_only,-0.28444390473393
2023-10-18 23:00:00+00:00,2023-10-19 23:00:00+00:00,1.3128691761508187,-0.0007521382505950158,ridge_weather_only,-0.30948980408523385
2023-10-19 23:00:00+00:00,2023-10-20 23:00:00+00:00,-0.33228985612542794,-0.0019445450690208442,ridge_weather_only,-0.31626267378803496
2023-10-20 23:00:00+00:00,2023-10-23 23:00:00+00:00,-0.4074090679931937,-0.008636817200200316,ridge_weather_only,-0.42753327337654523
2023-10-23 23:00:00+00:00,2023-10-24 23:00:00+00:00,4.169378403504558,0.039580998031844096,ridge_weather_only,-0.09832760598069104
2023-10-24 23:00:00+00:00,2023-10-25 23:00:00+00:00,-3.454552164665807,-0.0032717845803528155,ridge_weather_only,-0.1661201144551045
2023-10-25 23:00:00+00:00,2023-10-26 23:00:00+00:00,0.9259822522220476,0.014009623714062888,ridge_weather_only,-0.22796229484833908
2023-10-26 23:00:00+00:00,2023-10-27 23:00:00+00:00,-0.5308551428354265,0.0029668122539084057,ridge_weather_only,-0.19951879742444562
2023-10-27 23:00:00+00:00,2023-10-30 23:00:00+00:00,-1.6062733689252375,-0.015444026106954025,ridge_weather_only,-0.2918360168921228
2023-10-30 23:00:00+00:00,2023-10-31 23:00:00+00:00,3.1186332686611653,0.020163926756527496,ridge_weather_only,-0.17787079619640495
2023-10-31 23:00:00+00:00,2023-11-01 23:00:00+00:00,-8.668846514557941,-0.07594134981310705,ridge_weather_only,-0.31856853483595626
2023-11-01 23:00:00+00:00,2023-11-02 23:00:00+00:00,10.43398305696287,0.0398845142566886,ridge_weather_only,-0.418090869885578
2023-11-02 23:00:00+00:00,2023-11-03 23:00:00+00:00,-1.0387665741117575,0.02941826069014449,ridge_weather_only,-0.39404756226805915
2023-11-03 23:00:00+00:00,2023-11-06 23:00:00+00:00,-3.521027281322895,-0.008546216232655588,ridge_weather_only,-0.147307501886284
2023-11-06 23:00:00+00:00,2023-11-07 23:00:00+00:00,-0.6766583578977743,-0.018332384931272882,ridge_weather_only,-0.06210938913941236
2023-11-07 23:00:00+00:00,2023-11-08 23:00:00+00:00,1.9746474546029305,0.009239790083787423,ridge_weather_only,-0.04353258486184167
2023-11-08 23:00:00+00:00,2023-11-09 23:00:00+00:00,0.9677586886333002,0.011870690479815458,ridge_weather_only,-0.05721043230987863
2023-11-09 23:00:00+00:00,2023-11-10 23:00:00+00:00,-0.9387279066471004,0.003938112827737752,ridge_weather_only,-0.11088521384417603
2023-11-10 23:00:00+00:00,2023-11-13 23:00:00+00:00,-0.2450882969121168,0.001346797930668141,ridge_weather_only,-0.1740016370543247
2023-11-13 23:00:00+00:00,2023-11-14 23:00:00+00:00,3.5019600338526997,0.04006248511339531,ridge_weather_only,-0.1681116427266841
2023-11-14 23:00:00+00:00,2023-11-15 23:00:00+00:00,-3.7984358761844392,-0.000549242031755819,ridge_weather_only,-0.16321467994354705
2023-11-15 23:00:00+00:00,2023-11-16 23:00:00+00:00,0.4418126055210414,0.0007055399752230563,ridge_weather_only,-0.1615330779658717
2023-11-16 23:00:00+00:00,2023-11-17 23:00:00+00:00,0.8107498807806336,0.012945951501180882,ridge_weather_only,-0.16179437619163103
2023-11-17 23:00:00+00:00,2023-11-20 23:00:00+00:00,-0.13513690206897655,0.011001891979972454,ridge_weather_only,-0.1573625479815079
2023-11-20 23:00:00+00:00,2023-11-21 23:00:00+00:00,-2.9486698232871014,-0.02148144833549965,ridge_weather_only,0.037070043524104854
2023-11-21 23:00:00+00:00,2023-11-22 23:00:00+00:00,2.2057902226640964,0.0016403986015597878,ridge_weather_only,-0.0989626461280626
2023-11-22 23:00:00+00:00,2023-11-23 23:00:00+00:00,-0.3200670068812753,-0.002473649680771024,ridge_weather_only,0.04677163608297048
2023-11-23 23:00:00+00:00,2023-11-24 23:00:00+00:00,-1.0911501853986725,-0.01364694296436111,ridge_weather_only,0.07928920738433971
2023-11-24 23:00:00+00:00,2023-11-27 23:00:00+00:00,2.869693264546754,0.019220544047317642,ridge_weather_only,-0.08417347991138693
2023-11-27 23:00:00+00:00,2023-11-28 23:00:00+00:00,-1.9624109277795003,-0.004081050137681327,ridge_weather_only,-0.24093377149771822
2023-11-28 23:00:00+00:00,2023-11-29 23:00:00+00:00,2.298896302510195,0.024180628118675246,ridge_weather_only,-0.18912527624375267
2023-11-29 23:00:00+00:00,2023-11-30 23:00:00+00:00,-0.1872060498534749,0.021665524861888746,ridge_weather_only,-0.16297341662492534
2023-11-30 23:00:00+00:00,2023-12-01 23:00:00+00:00,-1.4749600398704092,0.0029949598848803705,ridge_weather_only,0.008826201265632147
2023-12-01 23:00:00+00:00,2023-12-04 23:00:00+00:00,-0.04568284762981445,0.0022596106357090358,ridge_weather_only,-0.00030246321268209697
2023-12-04 23:00:00+00:00,2023-12-05 23:00:00+00:00,1.6646983830525,0.021838944046754103,ridge_weather_only,-0.007603666279378259
2023-12-05 23:00:00+00:00,2023-12-06 23:00:00+00:00,-0.3764328381990212,0.017081430542849982,ridge_weather_only,0.11777395163924882
2023-12-06 23:00:00+00:00,2023-12-07 23:00:00+00:00,-1.7857477017509533,-0.003850671215287862,ridge_weather_only,0.1572068197425301
2023-12-07 23:00:00+00:00,2023-12-08 23:00:00+00:00,-0.32048218388577204,-0.005626619292248749,ridge_weather_only,0.20805641738167535
2023-12-08 23:00:00+00:00,2023-12-11 23:00:00+00:00,-1.0888045459210245,-0.017312230689619394,ridge_weather_only,0.251673175322053
2023-12-11 23:00:00+00:00,2023-12-12 23:00:00+00:00,0.30972786463947277,-0.014627172901116777,ridge_weather_only,-0.010402210629075044
2023-12-12 23:00:00+00:00,2023-12-13 23:00:00+00:00,2.665662398672165,0.014663657044643445,ridge_weather_only,-0.19038135020704577
2023-12-13 23:00:00+00:00,2023-12-14 23:00:00+00:00,2.901565324318237,0.04881015075253094,ridge_weather_only,-0.11099220504880108
2023-12-14 23:00:00+00:00,2023-12-15 23:00:00+00:00,-3.636785627739769,0.007703198349635079,ridge_weather_only,0.05938000988428006
2023-12-15 23:00:00+00:00,2023-12-18 23:00:00+00:00,-2.3200458717927193,-0.017950689580301524,ridge_weather_only,0.06622085023374315
2023-12-18 23:00:00+00:00,2023-12-19 23:00:00+00:00,2.101063302631097,0.0035731253184379244,ridge_weather_only,-0.0022383806564396647
2023-12-19 23:00:00+00:00,2023-12-20 23:00:00+00:00,0.6439700378113881,0.013633710135809182,ridge_weather_only,0.11271034747548188
2023-12-20 23:00:00+00:00,2023-12-21 23:00:00+00:00,-0.7227275793950543,0.003869228719287048,ridge_weather_only,0.1193997594241857
2023-12-21 23:00:00+00:00,2023-12-22 23:00:00+00:00,0.3169563894494805,0.006905335813139505,ridge_weather_only,0.15036682557497122
2023-12-22 23:00:00+00:00,2023-12-27 23:00:00+00:00,0.6897441702391572,0.017613717422371656,ridge_weather_only,0.127441302324573
2023-12-27 23:00:00+00:00,2023-12-28 23:00:00+00:00,-0.9772893951861185,0.005572773609207698,ridge_weather_only,-0.1534672224357137
2023-12-28 23:00:00+00:00,2023-12-29 23:00:00+00:00,-0.41338940721020323,-0.0009736218675632683,ridge_weather_only,-0.10518976437705393
2023-06-30 23:00:00+00:00,2023-07-03 23:00:00+00:00,0.09909681602721804,0.004874108261366944,ridge_electricity_only,0.05948287327463833
2023-07-03 23:00:00+00:00,2023-07-04 23:00:00+00:00,-0.46589859363730457,0.0018817138499776518,ridge_electricity_only,0.09900062728901085
2023-07-04 23:00:00+00:00,2023-07-05 23:00:00+00:00,-2.7796603930414556,-0.027481444648436416,ridge_electricity_only,0.13881234656438068
2023-07-05 23:00:00+00:00,2023-07-06 23:00:00+00:00,0.9438094023532675,-0.017914418960217966,ridge_electricity_only,0.1052705524250855
2023-07-06 23:00:00+00:00,2023-07-07 23:00:00+00:00,1.0994697268219404,-0.00452155792067741,ridge_electricity_only,0.1302327132111884
2023-07-07 23:00:00+00:00,2023-07-10 23:00:00+00:00,0.09754194677337513,-0.005407975200174236,ridge_electricity_only,0.09769440115991512
2023-07-10 23:00:00+00:00,2023-07-11 23:00:00+00:00,1.2510711057026127,0.009282187331107049,ridge_electricity_only,0.10026500455573086
2023-07-11 23:00:00+00:00,2023-07-12 23:00:00+00:00,0.5313651560799122,0.014391820143215694,ridge_electricity_only,0.05763022082731832
2023-07-12 23:00:00+00:00,2023-07-13 23:00:00+00:00,0.25331926735136,0.01639902104419389,ridge_electricity_only,0.05737881805899013
2023-07-13 23:00:00+00:00,2023-07-14 23:00:00+00:00,-2.3590507603165123,-0.01036949587951754,ridge_electricity_only,0.06650337608219165
2023-07-14 23:00:00+00:00,2023-07-17 23:00:00+00:00,0.6320277974685539,-0.0009763142906332338,ridge_electricity_only,-0.01771380377468678
2023-07-17 23:00:00+00:00,2023-07-18 23:00:00+00:00,-0.07861991957261855,-0.0013946067059967175,ridge_electricity_only,0.06102277830571985
2023-07-18 23:00:00+00:00,2023-07-19 23:00:00+00:00,0.3659666449678321,0.0017061373790585826,ridge_electricity_only,0.1123174929266329
2023-07-19 23:00:00+00:00,2023-07-20 23:00:00+00:00,-0.5004287874759809,-0.006686301145567348,ridge_electricity_only,0.10755838212638207
2023-07-20 23:00:00+00:00,2023-07-21 23:00:00+00:00,0.982666070842994,0.005137589121756495,ridge_electricity_only,0.10879129245640784
2023-07-21 23:00:00+00:00,2023-07-24 23:00:00+00:00,0.04777434862220098,0.007864484405030658,ridge_electricity_only,0.1143923515942031
2023-07-24 23:00:00+00:00,2023-07-25 23:00:00+00:00,-0.4937859535205661,0.0026144443118582563,ridge_electricity_only,0.05482814906160548
2023-07-25 23:00:00+00:00,2023-07-26 23:00:00+00:00,0.9608576009407895,0.01134488793452025,ridge_electricity_only,0.05266113159091823
2023-07-26 23:00:00+00:00,2023-07-27 23:00:00+00:00,-2.4919501340902794,-0.017790880183693025,ridge_electricity_only,0.040089402506969046
2023-07-27 23:00:00+00:00,2023-07-28 23:00:00+00:00,-0.6313881735852909,-0.023139792864366703,ridge_electricity_only,0.041709666676634505
2023-07-28 23:00:00+00:00,2023-07-31 23:00:00+00:00,1.7303245205268378,-0.0018770695285891745,ridge_electricity_only,0.06644626075063603
2023-07-31 23:00:00+00:00,2023-08-01 23:00:00+00:00,-0.7440712500913771,-0.009975511393071373,ridge_electricity_only,0.007434478018147372
2023-08-01 23:00:00+00:00,2023-08-02 23:00:00+00:00,-1.0307817190635498,-0.02099263003378495,ridge_electricity_only,0.05638469353427372
2023-08-02 23:00:00+00:00,2023-08-03 23:00:00+00:00,1.5134555770834617,-0.004598800003617887,ridge_electricity_only,-0.07927281122813876
2023-08-03 23:00:00+00:00,2023-08-04 23:00:00+00:00,1.4604470438684818,0.009590556853158815,ridge_electricity_only,0.07670756800748282
2023-08-04 23:00:00+00:00,2023-08-07 23:00:00+00:00,-1.4060338933717675,-0.006018085384303692,ridge_electricity_only,0.1002677344586657
2023-08-07 23:00:00+00:00,2023-08-08 23:00:00+00:00,1.199281569830319,0.007286770357886426,ridge_electricity_only,-0.0565274247975157
2023-08-08 23:00:00+00:00,2023-08-09 23:00:00+00:00,-1.1214716944878278,-0.0055905531829725215,ridge_electricity_only,0.0002674255805983315
2023-08-09 23:00:00+00:00,2023-08-10 23:00:00+00:00,-0.2829055480734056,-0.011558806279905137,ridge_electricity_only,0.04061917795457269
2023-08-10 23:00:00+00:00,2023-08-11 23:00:00+00:00,0.5212413756101026,-0.0024651033082681503,ridge_electricity_only,0.07854331976829747
2023-08-11 23:00:00+00:00,2023-08-14 23:00:00+00:00,-0.7474193430053082,-0.010027039397738175,ridge_electricity_only,0.06105326352421682
2023-08-14 23:00:00+00:00,2023-08-15 23:00:00+00:00,-1.1173707549767358,-0.021495004152898897,ridge_electricity_only,0.05856166816025679
2023-08-15 23:00:00+00:00,2023-08-16 23:00:00+00:00,2.68741177906527,0.006852411865921548,ridge_electricity_only,0.0685261110357703
2023-08-16 23:00:00+00:00,2023-08-17 23:00:00+00:00,-2.9924681493638876,-0.026520481036997917,ridge_electricity_only,0.07225537018084809
2023-08-17 23:00:00+00:00,2023-08-18 23:00:00+00:00,2.688704944298233,0.0021324821669317933,ridge_electricity_only,0.05867330679303001
2023-08-18 23:00:00+00:00,2023-08-21 23:00:00+00:00,-0.46523541655618017,-0.0022472994900108443,ridge_electricity_only,0.0049927875249616265
2023-08-21 23:00:00+00:00,2023-08-22 23:00:00+00:00,1.1510294112268233,0.011859321333414947,ridge_electricity_only,0.06207432435768813
2023-08-22 23:00:00+00:00,2023-08-23 23:00:00+00:00,0.7383088141273548,0.01856042131912121,ridge_electricity_only,0.08983262354787709
2023-08-23 23:00:00+00:00,2023-08-24 23:00:00+00:00,-0.2989271598424932,0.016968570817714017,ridge_electricity_only,0.10414611841118276
2023-08-24 23:00:00+00:00,2023-08-25 23:00:00+00:00,-0.9987156112852262,0.0034790057202582236,ridge_electricity_only,0.04926718472035446
2023-08-25 23:00:00+00:00,2023-08-28 23:00:00+00:00,-0.2579281785137518,0.0023759335401294453,ridge_electricity_only,0.06379872094200273
2023-08-28 23:00:00+00:00,2023-08-29 23:00:00+00:00,1.1497724490971337,0.01355838278318239,ridge_electricity_only,0.02795601946090458
2023-08-29 23:00:00+00:00,2023-08-30 23:00:00+00:00,-10.508651422573223,-0.10186491757201528,ridge_electricity_only,0.031319801289193025
2023-08-30 23:00:00+00:00,2023-08-31 23:00:00+00:00,9.728880347095762,0.006334096891097615,ridge_electricity_only,0.023052875902316788
2023-08-31 23:00:00+00:00,2023-09-01 23:00:00+00:00,0.01585294768222678,0.009855941643447596,ridge_electricity_only,0.02739320905377755
2023-09-01 23:00:00+00:00,2023-09-04 23:00:00+00:00,-2.237706587314992,-0.018329735286361122,ridge_electricity_only,0.033414580533330365
2023-09-04 23:00:00+00:00,2023-09-05 23:00:00+00:00,-1.6351716011328312,-0.03728243299099594,ridge_electricity_only,0.006910595238008648
2023-09-05 23:00:00+00:00,2023-09-06 23:00:00+00:00,2.551966672234518,-0.009759753851797785,ridge_electricity_only,0.016490819023551224
2023-09-06 23:00:00+00:00,2023-09-07 23:00:00+00:00,0.2184437232922386,-0.009192240353067605,ridge_electricity_only,0.02975721029828508
2023-09-07 23:00:00+00:00,2023-09-08 23:00:00+00:00,1.2962344159171284,0.006670048131453967,ridge_electricity_only,0.01671232869274167
2023-09-08 23:00:00+00:00,2023-09-11 23:00:00+00:00,-1.541323732055778,-0.0077431959288096035,ridge_electricity_only,0.05605234434877482
2023-09-11 23:00:00+00:00,2023-09-12 23:00:00+00:00,-0.365416124916475,-0.012954517792704425,ridge_electricity_only,0.025074418075066312
2023-09-12 23:00:00+00:00,2023-09-13 23:00:00+00:00,2.4547311496497053,0.017635412783872085,ridge_electricity_only,0.0258458658913546
2023-09-13 23:00:00+00:00,2023-09-14 23:00:00+00:00,1.970261767408183,0.03652905279407096,ridge_electricity_only,0.011000340324984814
2023-09-14 23:00:00+00:00,2023-09-15 23:00:00+00:00,-3.9721292796520933,-0.00866683982475663,ridge_electricity_only,0.014005597865502942
2023-09-15 23:00:00+00:00,2023-09-18 23:00:00+00:00,0.541505169212682,-0.0011269234641432023,ridge_electricity_only,0.0061886051457529685
2023-09-18 23:00:00+00:00,2023-09-19 23:00:00+00:00,0.35138037944238637,0.001764869031644281,ridge_electricity_only,-0.16300650103852612
2023-09-19 23:00:00+00:00,2023-09-20 23:00:00+00:00,1.2989761502071695,0.015963592822706013,ridge_electricity_only,-0.13960592154053592
2023-09-20 23:00:00+00:00,2023-09-21 23:00:00+00:00,-3.539601464491641,-0.02083231251287865,ridge_electricity_only,-0.018955145283971846
2023-09-21 23:00:00+00:00,2023-09-22 23:00:00+00:00,1.2180566296987574,-0.008855094659395478,ridge_electricity_only,0.04194688041095192
2023-09-22 23:00:00+00:00,2023-09-25 23:00:00+00:00,-1.8610371194461468,-0.027921230823582128,ridge_electricity_only,0.07079666322983652
2023-09-25 23:00:00+00:00,2023-09-26 23:00:00+00:00,1.8457479189791912,-0.012600718380372166,ridge_electricity_only,0.060525115073546534
2023-09-26 23:00:00+00:00,2023-09-27 23:00:00+00:00,0.2641577144214037,-0.0035478699695188024,ridge_electricity_only,0.06746009996437627
2023-09-27 23:00:00+00:00,2023-09-28 23:00:00+00:00,0.3303043316426424,-0.0010190630814550239,ridge_electricity_only,-0.08153612439249432
2023-09-28 23:00:00+00:00,2023-09-29 23:00:00+00:00,1.3034320036358529,0.012453968866808905,ridge_electricity_only,0.03436123061947367
2023-09-29 23:00:00+00:00,2023-10-02 23:00:00+00:00,-4.927931457980027,-0.04076138826857029,ridge_electricity_only,0.0035747673883479974
2023-10-02 23:00:00+00:00,2023-10-03 23:00:00+00:00,-1.7962779543084562,-0.06069804572202125,ridge_electricity_only,-0.022126185874555608
2023-10-03 23:00:00+00:00,2023-10-04 23:00:00+00:00,5.838060956438902,9.821875184268877e-05,ridge_electricity_only,-0.11728169142703598
2023-10-04 23:00:00+00:00,2023-10-05 23:00:00+00:00,0.729939972303883,0.007869733406515263,ridge_electricity_only,-0.024979882549025834
2023-10-05 23:00:00+00:00,2023-10-06 23:00:00+00:00,-1.2934050388992862,-0.003945322909809144,ridge_electricity_only,-0.0027217235761658872
2023-10-06 23:00:00+00:00,2023-10-09 23:00:00+00:00,1.7934941497625003,0.015937763216708013,ridge_electricity_only,-0.09658496630340808
2023-10-09 23:00:00+00:00,2023-10-10 23:00:00+00:00,3.0233066556118295,0.04900592881345823,ridge_electricity_only,0.08009577219601202
2023-10-10 23:00:00+00:00,2023-10-11 23:00:00+00:00,-3.524387283894635,0.008992888684578872,ridge_electricity_only,-0.07984484735605965
2023-10-11 23:00:00+00:00,2023-10-12 23:00:00+00:00,-2.3610750731700505,-0.01487473038284883,ridge_electricity_only,0.00855124562636424
2023-10-12 23:00:00+00:00,2023-10-13 23:00:00+00:00,-1.5270835936471352,-0.032763268700496714,ridge_electricity_only,0.07907774055981326
2023-10-13 23:00:00+00:00,2023-10-16 23:00:00+00:00,2.328332363701813,-0.0075863467691355,ridge_electricity_only,-0.148493490148752
2023-10-16 23:00:00+00:00,2023-10-17 23:00:00+00:00,1.28314550919643,0.007347491274735465,ridge_electricity_only,0.06662908773105945
2023-10-17 23:00:00+00:00,2023-10-18 23:00:00+00:00,-1.9736713172406959,-0.015209111569514292,ridge_electricity_only,-0.06868461072796582
2023-10-18 23:00:00+00:00,2023-10-19 23:00:00+00:00,1.3128691761508187,-0.0007521382505950158,ridge_electricity_only,-0.129553070715808
2023-10-19 23:00:00+00:00,2023-10-20 23:00:00+00:00,-0.33228985612542794,-0.0019445450690208442,ridge_electricity_only,-0.034347307869519825
2023-10-20 23:00:00+00:00,2023-10-23 23:00:00+00:00,-0.4074090679931937,-0.008636817200200316,ridge_electricity_only,-0.07852086187846237
2023-10-23 23:00:00+00:00,2023-10-24 23:00:00+00:00,4.169378403504558,0.039580998031844096,ridge_electricity_only,0.0414085436778569
2023-10-24 23:00:00+00:00,2023-10-25 23:00:00+00:00,-3.454552164665807,-0.0032717845803528155,ridge_electricity_only,0.02369327750253147
2023-10-25 23:00:00+00:00,2023-10-26 23:00:00+00:00,0.9259822522220476,0.014009623714062888,ridge_electricity_only,0.012355461820477712
2023-10-26 23:00:00+00:00,2023-10-27 23:00:00+00:00,-0.5308551428354265,0.0029668122539084057,ridge_electricity_only,0.022751877906162996
2023-10-27 23:00:00+00:00,2023-10-30 23:00:00+00:00,-1.6062733689252375,-0.015444026106954025,ridge_electricity_only,-0.03359230607025304
2023-10-30 23:00:00+00:00,2023-10-31 23:00:00+00:00,3.1186332686611653,0.020163926756527496,ridge_electricity_only,0.024235875059438566
2023-10-31 23:00:00+00:00,2023-11-01 23:00:00+00:00,-8.668846514557941,-0.07594134981310705,ridge_electricity_only,-0.01080894187114181
2023-11-01 23:00:00+00:00,2023-11-02 23:00:00+00:00,10.43398305696287,0.0398845142566886,ridge_electricity_only,-0.09205192834542221
2023-11-02 23:00:00+00:00,2023-11-03 23:00:00+00:00,-1.0387665741117575,0.02941826069014449,ridge_electricity_only,-0.09312297505039799
2023-11-03 23:00:00+00:00,2023-11-06 23:00:00+00:00,-3.521027281322895,-0.008546216232655588,ridge_electricity_only,-0.022601396957101276
2023-11-06 23:00:00+00:00,2023-11-07 23:00:00+00:00,-0.6766583578977743,-0.018332384931272882,ridge_electricity_only,0.04922850505816927
2023-11-07 23:00:00+00:00,2023-11-08 23:00:00+00:00,1.9746474546029305,0.009239790083787423,ridge_electricity_only,0.04370423452384556
2023-11-08 23:00:00+00:00,2023-11-09 23:00:00+00:00,0.9677586886333002,0.011870690479815458,ridge_electricity_only,0.03706948939802432
2023-11-09 23:00:00+00:00,2023-11-10 23:00:00+00:00,-0.9387279066471004,0.003938112827737752,ridge_electricity_only,0.015112244290573593
2023-11-10 23:00:00+00:00,2023-11-13 23:00:00+00:00,-0.2450882969121168,0.001346797930668141,ridge_electricity_only,0.05688162088123301
2023-11-13 23:00:00+00:00,2023-11-14 23:00:00+00:00,3.5019600338526997,0.04006248511339531,ridge_electricity_only,-0.13065168498529217
2023-11-14 23:00:00+00:00,2023-11-15 23:00:00+00:00,-3.7984358761844392,-0.000549242031755819,ridge_electricity_only,0.01427803668976772
2023-11-15 23:00:00+00:00,2023-11-16 23:00:00+00:00,0.4418126055210414,0.0007055399752230563,ridge_electricity_only,0.030645905321438353
2023-11-16 23:00:00+00:00,2023-11-17 23:00:00+00:00,0.8107498807806336,0.012945951501180882,ridge_electricity_only,0.05803638073390664
2023-11-17 23:00:00+00:00,2023-11-20 23:00:00+00:00,-0.13513690206897655,0.011001891979972454,ridge_electricity_only,0.06162137778519419
2023-11-20 23:00:00+00:00,2023-11-21 23:00:00+00:00,-2.9486698232871014,-0.02148144833549965,ridge_electricity_only,0.08372108805439755
2023-11-21 23:00:00+00:00,2023-11-22 23:00:00+00:00,2.2057902226640964,0.0016403986015597878,ridge_electricity_only,0.06599361952525817
2023-11-22 23:00:00+00:00,2023-11-23 23:00:00+00:00,-0.3200670068812753,-0.002473649680771024,ridge_electricity_only,-0.022396045022257588
2023-11-23 23:00:00+00:00,2023-11-24 23:00:00+00:00,-1.0911501853986725,-0.01364694296436111,ridge_electricity_only,-0.07362603026998964
2023-11-24 23:00:00+00:00,2023-11-27 23:00:00+00:00,2.869693264546754,0.019220544047317642,ridge_electricity_only,0.04115690910284883
2023-11-27 23:00:00+00:00,2023-11-28 23:00:00+00:00,-1.9624109277795003,-0.004081050137681327,ridge_electricity_only,-0.011326648928693608
2023-11-28 23:00:00+00:00,2023-11-29 23:00:00+00:00,2.298896302510195,0.024180628118675246,ridge_electricity_only,0.03428930812871278
2023-11-29 23:00:00+00:00,2023-11-30 23:00:00+00:00,-0.1872060498534749,0.021665524861888746,ridge_electricity_only,0.04654991422004026
2023-11-30 23:00:00+00:00,2023-12-01 23:00:00+00:00,-1.4749600398704092,0.0029949598848803705,ridge_electricity_only,0.03750292825752215
2023-12-01 23:00:00+00:00,2023-12-04 23:00:00+00:00,-0.04568284762981445,0.0022596106357090358,ridge_electricity_only,0.024172778015465603
2023-12-04 23:00:00+00:00,2023-12-05 23:00:00+00:00,1.6646983830525,0.021838944046754103,ridge_electricity_only,-0.002877194342328717
2023-12-05 23:00:00+00:00,2023-12-06 23:00:00+00:00,-0.3764328381990212,0.017081430542849982,ridge_electricity_only,0.004276675041236541
2023-12-06 23:00:00+00:00,2023-12-07 23:00:00+00:00,-1.7857477017509533,-0.003850671215287862,ridge_electricity_only,0.013232707490842467
2023-12-07 23:00:00+00:00,2023-12-08 23:00:00+00:00,-0.32048218388577204,-0.005626619292248749,ridge_electricity_only,-0.009795753963834749
2023-12-08 23:00:00+00:00,2023-12-11 23:00:00+00:00,-1.0888045459210245,-0.017312230689619394,ridge_electricity_only,0.005691413703500339
2023-12-11 23:00:00+00:00,2023-12-12 23:00:00+00:00,0.30972786463947277,-0.014627172901116777,ridge_electricity_only,0.04123409580789951
2023-12-12 23:00:00+00:00,2023-12-13 23:00:00+00:00,2.665662398672165,0.014663657044643445,ridge_electricity_only,0.01801694674659498
2023-12-13 23:00:00+00:00,2023-12-14 23:00:00+00:00,2.901565324318237,0.04881015075253094,ridge_electricity_only,0.017378733867708343
2023-12-14 23:00:00+00:00,2023-12-15 23:00:00+00:00,-3.636785627739769,0.007703198349635079,ridge_electricity_only,0.04941783388444507
2023-12-15 23:00:00+00:00,2023-12-18 23:00:00+00:00,-2.3200458717927193,-0.017950689580301524,ridge_electricity_only,-0.003472804525045307
2023-12-18 23:00:00+00:00,2023-12-19 23:00:00+00:00,2.101063302631097,0.0035731253184379244,ridge_electricity_only,-0.0012466048291740646
2023-12-19 23:00:00+00:00,2023-12-20 23:00:00+00:00,0.6439700378113881,0.013633710135809182,ridge_electricity_only,-0.02562928444673807
2023-12-20 23:00:00+00:00,2023-12-21 23:00:00+00:00,-0.7227275793950543,0.003869228719287048,ridge_electricity_only,-0.06515101570088692
2023-12-21 23:00:00+00:00,2023-12-22 23:00:00+00:00,0.3169563894494805,0.006905335813139505,ridge_electricity_only,-0.10600916667928416
2023-12-22 23:00:00+00:00,2023-12-27 23:00:00+00:00,0.6897441702391572,0.017613717422371656,ridge_electricity_only,-0.08064586787173472
2023-12-27 23:00:00+00:00,2023-12-28 23:00:00+00:00,-0.9772893951861185,0.005572773609207698,ridge_electricity_only,-0.044545957448044474
2023-12-28 23:00:00+00:00,2023-12-29 23:00:00+00:00,-0.41338940721020323,-0.0009736218675632683,ridge_electricity_only,-0.042183942178641576
2023-06-30 23:00:00+00:00,2023-07-03 23:00:00+00:00,0.09909681602721804,0.004874108261366944,ridge_weather_electricity,0.0666181845947137
2023-07-03 23:00:00+00:00,2023-07-04 23:00:00+00:00,-0.46589859363730457,0.0018817138499776518,ridge_weather_electricity,0.14700520170751752
2023-07-04 23:00:00+00:00,2023-07-05 23:00:00+00:00,-2.7796603930414556,-0.027481444648436416,ridge_weather_electricity,0.19641004880215285
2023-07-05 23:00:00+00:00,2023-07-06 23:00:00+00:00,0.9438094023532675,-0.017914418960217966,ridge_weather_electricity,0.1609768764883996
2023-07-06 23:00:00+00:00,2023-07-07 23:00:00+00:00,1.0994697268219404,-0.00452155792067741,ridge_weather_electricity,0.2104685540896219
2023-07-07 23:00:00+00:00,2023-07-10 23:00:00+00:00,0.09754194677337513,-0.005407975200174236,ridge_weather_electricity,-0.13740821978563766
2023-07-10 23:00:00+00:00,2023-07-11 23:00:00+00:00,1.2510711057026127,0.009282187331107049,ridge_weather_electricity,0.12381188853901891
2023-07-11 23:00:00+00:00,2023-07-12 23:00:00+00:00,0.5313651560799122,0.014391820143215694,ridge_weather_electricity,-0.05320472227376917
2023-07-12 23:00:00+00:00,2023-07-13 23:00:00+00:00,0.25331926735136,0.01639902104419389,ridge_weather_electricity,-0.0013412684848116835
2023-07-13 23:00:00+00:00,2023-07-14 23:00:00+00:00,-2.3590507603165123,-0.01036949587951754,ridge_weather_electricity,-0.09188109638985613
2023-07-14 23:00:00+00:00,2023-07-17 23:00:00+00:00,0.6320277974685539,-0.0009763142906332338,ridge_weather_electricity,-0.0884437798811074
2023-07-17 23:00:00+00:00,2023-07-18 23:00:00+00:00,-0.07861991957261855,-0.0013946067059967175,ridge_weather_electricity,0.16182906008293413
2023-07-18 23:00:00+00:00,2023-07-19 23:00:00+00:00,0.3659666449678321,0.0017061373790585826,ridge_weather_electricity,0.48666082514466225
2023-07-19 23:00:00+00:00,2023-07-20 23:00:00+00:00,-0.5004287874759809,-0.006686301145567348,ridge_weather_electricity,0.012924432442851269
2023-07-20 23:00:00+00:00,2023-07-21 23:00:00+00:00,0.982666070842994,0.005137589121756495,ridge_weather_electricity,0.003949086580114156
2023-07-21 23:00:00+00:00,2023-07-24 23:00:00+00:00,0.04777434862220098,0.007864484405030658,ridge_weather_electricity,-0.03152862935640231
2023-07-24 23:00:00+00:00,2023-07-25 23:00:00+00:00,-0.4937859535205661,0.0026144443118582563,ridge_weather_electricity,0.062453046493926315
2023-07-25 23:00:00+00:00,2023-07-26 23:00:00+00:00,0.9608576009407895,0.01134488793452025,ridge_weather_electricity,-0.015467276079438666
2023-07-26 23:00:00+00:00,2023-07-27 23:00:00+00:00,-2.4919501340902794,-0.017790880183693025,ridge_weather_electricity,0.026165072389941826
2023-07-27 23:00:00+00:00,2023-07-28 23:00:00+00:00,-0.6313881735852909,-0.023139792864366703,ridge_weather_electricity,0.03310260581678691
2023-07-28 23:00:00+00:00,2023-07-31 23:00:00+00:00,1.7303245205268378,-0.0018770695285891745,ridge_weather_electricity,0.16068175929066153
2023-07-31 23:00:00+00:00,2023-08-01 23:00:00+00:00,-0.7440712500913771,-0.009975511393071373,ridge_weather_electricity,0.13491866881140652
2023-08-01 23:00:00+00:00,2023-08-02 23:00:00+00:00,-1.0307817190635498,-0.02099263003378495,ridge_weather_electricity,0.0028281121757161715
2023-08-02 23:00:00+00:00,2023-08-03 23:00:00+00:00,1.5134555770834617,-0.004598800003617887,ridge_weather_electricity,-0.004861846206479531
2023-08-03 23:00:00+00:00,2023-08-04 23:00:00+00:00,1.4604470438684818,0.009590556853158815,ridge_weather_electricity,0.3245081429053633
2023-08-04 23:00:00+00:00,2023-08-07 23:00:00+00:00,-1.4060338933717675,-0.006018085384303692,ridge_weather_electricity,0.19351222970285792
2023-08-07 23:00:00+00:00,2023-08-08 23:00:00+00:00,1.199281569830319,0.007286770357886426,ridge_weather_electricity,0.044795453565939766
2023-08-08 23:00:00+00:00,2023-08-09 23:00:00+00:00,-1.1214716944878278,-0.0055905531829725215,ridge_weather_electricity,0.18724422709549293
2023-08-09 23:00:00+00:00,2023-08-10 23:00:00+00:00,-0.2829055480734056,-0.011558806279905137,ridge_weather_electricity,0.12354454524913767
2023-08-10 23:00:00+00:00,2023-08-11 23:00:00+00:00,0.5212413756101026,-0.0024651033082681503,ridge_weather_electricity,0.2223864345745281
2023-08-11 23:00:00+00:00,2023-08-14 23:00:00+00:00,-0.7474193430053082,-0.010027039397738175,ridge_weather_electricity,0.18176891267108125
2023-08-14 23:00:00+00:00,2023-08-15 23:00:00+00:00,-1.1173707549767358,-0.021495004152898897,ridge_weather_electricity,0.2520404497874635
2023-08-15 23:00:00+00:00,2023-08-16 23:00:00+00:00,2.68741177906527,0.006852411865921548,ridge_weather_electricity,0.1291224104893383
2023-08-16 23:00:00+00:00,2023-08-17 23:00:00+00:00,-2.9924681493638876,-0.026520481036997917,ridge_weather_electricity,-0.009097319554811287
2023-08-17 23:00:00+00:00,2023-08-18 23:00:00+00:00,2.688704944298233,0.0021324821669317933,ridge_weather_electricity,-0.05051450561098847
2023-08-18 23:00:00+00:00,2023-08-21 23:00:00+00:00,-0.46523541655618017,-0.0022472994900108443,ridge_weather_electricity,-0.15599362418626972
2023-08-21 23:00:00+00:00,2023-08-22 23:00:00+00:00,1.1510294112268233,0.011859321333414947,ridge_weather_electricity,0.008457033748216311
2023-08-22 23:00:00+00:00,2023-08-23 23:00:00+00:00,0.7383088141273548,0.01856042131912121,ridge_weather_electricity,0.12321917887649496
2023-08-23 23:00:00+00:00,2023-08-24 23:00:00+00:00,-0.2989271598424932,0.016968570817714017,ridge_weather_electricity,0.1351134897385975
2023-08-24 23:00:00+00:00,2023-08-25 23:00:00+00:00,-0.9987156112852262,0.0034790057202582236,ridge_weather_electricity,0.0671832630542381
2023-08-25 23:00:00+00:00,2023-08-28 23:00:00+00:00,-0.2579281785137518,0.0023759335401294453,ridge_weather_electricity,0.09576053988381879
2023-08-28 23:00:00+00:00,2023-08-29 23:00:00+00:00,1.1497724490971337,0.01355838278318239,ridge_weather_electricity,0.004421909425574688
2023-08-29 23:00:00+00:00,2023-08-30 23:00:00+00:00,-10.508651422573223,-0.10186491757201528,ridge_weather_electricity,0.08500599896545476
2023-08-30 23:00:00+00:00,2023-08-31 23:00:00+00:00,9.728880347095762,0.006334096891097615,ridge_weather_electricity,-0.04647049657975928
2023-08-31 23:00:00+00:00,2023-09-01 23:00:00+00:00,0.01585294768222678,0.009855941643447596,ridge_weather_electricity,0.12338776562939001
2023-09-01 23:00:00+00:00,2023-09-04 23:00:00+00:00,-2.237706587314992,-0.018329735286361122,ridge_weather_electricity,-0.02858073911974727
2023-09-04 23:00:00+00:00,2023-09-05 23:00:00+00:00,-1.6351716011328312,-0.03728243299099594,ridge_weather_electricity,-0.07887757664354747
2023-09-05 23:00:00+00:00,2023-09-06 23:00:00+00:00,2.551966672234518,-0.009759753851797785,ridge_weather_electricity,-0.05936156386549647
2023-09-06 23:00:00+00:00,2023-09-07 23:00:00+00:00,0.2184437232922386,-0.009192240353067605,ridge_weather_electricity,-0.24487872614023432
2023-09-07 23:00:00+00:00,2023-09-08 23:00:00+00:00,1.2962344159171284,0.006670048131453967,ridge_weather_electricity,-0.2056749988576007
2023-09-08 23:00:00+00:00,2023-09-11 23:00:00+00:00,-1.541323732055778,-0.0077431959288096035,ridge_weather_electricity,-0.0763550141409628
2023-09-11 23:00:00+00:00,2023-09-12 23:00:00+00:00,-0.365416124916475,-0.012954517792704425,ridge_weather_electricity,-0.03927731420256162
2023-09-12 23:00:00+00:00,2023-09-13 23:00:00+00:00,2.4547311496497053,0.017635412783872085,ridge_weather_electricity,-0.1071369896649064
2023-09-13 23:00:00+00:00,2023-09-14 23:00:00+00:00,1.970261767408183,0.03652905279407096,ridge_weather_electricity,-0.09031424889137614
2023-09-14 23:00:00+00:00,2023-09-15 23:00:00+00:00,-3.9721292796520933,-0.00866683982475663,ridge_weather_electricity,-0.13763059586303117
2023-09-15 23:00:00+00:00,2023-09-18 23:00:00+00:00,0.541505169212682,-0.0011269234641432023,ridge_weather_electricity,-0.1229853641244362
2023-09-18 23:00:00+00:00,2023-09-19 23:00:00+00:00,0.35138037944238637,0.001764869031644281,ridge_weather_electricity,-0.03793984507802702
2023-09-19 23:00:00+00:00,2023-09-20 23:00:00+00:00,1.2989761502071695,0.015963592822706013,ridge_weather_electricity,-0.053983045778413265
2023-09-20 23:00:00+00:00,2023-09-21 23:00:00+00:00,-3.539601464491641,-0.02083231251287865,ridge_weather_electricity,0.04680050695855249
2023-09-21 23:00:00+00:00,2023-09-22 23:00:00+00:00,1.2180566296987574,-0.008855094659395478,ridge_weather_electricity,0.029474686758361207
2023-09-22 23:00:00+00:00,2023-09-25 23:00:00+00:00,-1.8610371194461468,-0.027921230823582128,ridge_weather_electricity,-0.10166378784111785
2023-09-25 23:00:00+00:00,2023-09-26 23:00:00+00:00,1.8457479189791912,-0.012600718380372166,ridge_weather_electricity,0.04186400363233832
2023-09-26 23:00:00+00:00,2023-09-27 23:00:00+00:00,0.2641577144214037,-0.0035478699695188024,ridge_weather_electricity,0.12747943895208047
2023-09-27 23:00:00+00:00,2023-09-28 23:00:00+00:00,0.3303043316426424,-0.0010190630814550239,ridge_weather_electricity,0.022947926887455936
2023-09-28 23:00:00+00:00,2023-09-29 23:00:00+00:00,1.3034320036358529,0.012453968866808905,ridge_weather_electricity,0.1856717991973369
2023-09-29 23:00:00+00:00,2023-10-02 23:00:00+00:00,-4.927931457980027,-0.04076138826857029,ridge_weather_electricity,0.1325981614981353
2023-10-02 23:00:00+00:00,2023-10-03 23:00:00+00:00,-1.7962779543084562,-0.06069804572202125,ridge_weather_electricity,0.10399282498388936
2023-10-03 23:00:00+00:00,2023-10-04 23:00:00+00:00,5.838060956438902,9.821875184268877e-05,ridge_weather_electricity,-0.04052567958081661
2023-10-04 23:00:00+00:00,2023-10-05 23:00:00+00:00,0.729939972303883,0.007869733406515263,ridge_weather_electricity,-0.012894989103569524
2023-10-05 23:00:00+00:00,2023-10-06 23:00:00+00:00,-1.2934050388992862,-0.003945322909809144,ridge_weather_electricity,0.042800147216800546
2023-10-06 23:00:00+00:00,2023-10-09 23:00:00+00:00,1.7934941497625003,0.015937763216708013,ridge_weather_electricity,0.06903660659343501
2023-10-09 23:00:00+00:00,2023-10-10 23:00:00+00:00,3.0233066556118295,0.04900592881345823,ridge_weather_electricity,0.17236938049160566
2023-10-10 23:00:00+00:00,2023-10-11 23:00:00+00:00,-3.524387283894635,0.008992888684578872,ridge_weather_electricity,0.04409651464831703
2023-10-11 23:00:00+00:00,2023-10-12 23:00:00+00:00,-2.3610750731700505,-0.01487473038284883,ridge_weather_electricity,0.10898307284902524
2023-10-12 23:00:00+00:00,2023-10-13 23:00:00+00:00,-1.5270835936471352,-0.032763268700496714,ridge_weather_electricity,0.11346067900011166
2023-10-13 23:00:00+00:00,2023-10-16 23:00:00+00:00,2.328332363701813,-0.0075863467691355,ridge_weather_electricity,0.10464038690233045
2023-10-16 23:00:00+00:00,2023-10-17 23:00:00+00:00,1.28314550919643,0.007347491274735465,ridge_weather_electricity,-0.12036120503280134
2023-10-17 23:00:00+00:00,2023-10-18 23:00:00+00:00,-1.9736713172406959,-0.015209111569514292,ridge_weather_electricity,-0.31220902213641477
2023-10-18 23:00:00+00:00,2023-10-19 23:00:00+00:00,1.3128691761508187,-0.0007521382505950158,ridge_weather_electricity,-0.3433331643267725
2023-10-19 23:00:00+00:00,2023-10-20 23:00:00+00:00,-0.33228985612542794,-0.0019445450690208442,ridge_weather_electricity,-0.2550862310521954
2023-10-20 23:00:00+00:00,2023-10-23 23:00:00+00:00,-0.4074090679931937,-0.008636817200200316,ridge_weather_electricity,-0.3404076171330411
2023-10-23 23:00:00+00:00,2023-10-24 23:00:00+00:00,4.169378403504558,0.039580998031844096,ridge_weather_electricity,0.0292139114104059
2023-10-24 23:00:00+00:00,2023-10-25 23:00:00+00:00,-3.454552164665807,-0.0032717845803528155,ridge_weather_electricity,-0.023312144727004006
2023-10-25 23:00:00+00:00,2023-10-26 23:00:00+00:00,0.9259822522220476,0.014009623714062888,ridge_weather_electricity,-0.10791319120177105
2023-10-26 23:00:00+00:00,2023-10-27 23:00:00+00:00,-0.5308551428354265,0.0029668122539084057,ridge_weather_electricity,-0.0630928602813369
2023-10-27 23:00:00+00:00,2023-10-30 23:00:00+00:00,-1.6062733689252375,-0.015444026106954025,ridge_weather_electricity,-0.21786020727486366
2023-10-30 23:00:00+00:00,2023-10-31 23:00:00+00:00,3.1186332686611653,0.020163926756527496,ridge_weather_electricity,-0.06513485650526057
2023-10-31 23:00:00+00:00,2023-11-01 23:00:00+00:00,-8.668846514557941,-0.07594134981310705,ridge_weather_electricity,-0.21613238054030692
2023-11-01 23:00:00+00:00,2023-11-02 23:00:00+00:00,10.43398305696287,0.0398845142566886,ridge_weather_electricity,-0.4167711389916117
2023-11-02 23:00:00+00:00,2023-11-03 23:00:00+00:00,-1.0387665741117575,0.02941826069014449,ridge_weather_electricity,-0.3304543030769485
2023-11-03 23:00:00+00:00,2023-11-06 23:00:00+00:00,-3.521027281322895,-0.008546216232655588,ridge_weather_electricity,-0.0692367538511211
2023-11-06 23:00:00+00:00,2023-11-07 23:00:00+00:00,-0.6766583578977743,-0.018332384931272882,ridge_weather_electricity,0.045592801280981435
2023-11-07 23:00:00+00:00,2023-11-08 23:00:00+00:00,1.9746474546029305,0.009239790083787423,ridge_weather_electricity,0.03180579361099482
2023-11-08 23:00:00+00:00,2023-11-09 23:00:00+00:00,0.9677586886333002,0.011870690479815458,ridge_weather_electricity,-0.011475696236004432
2023-11-09 23:00:00+00:00,2023-11-10 23:00:00+00:00,-0.9387279066471004,0.003938112827737752,ridge_weather_electricity,-0.10204618545469929
2023-11-10 23:00:00+00:00,2023-11-13 23:00:00+00:00,-0.2450882969121168,0.001346797930668141,ridge_weather_electricity,-0.12608869313890905
2023-11-13 23:00:00+00:00,2023-11-14 23:00:00+00:00,3.5019600338526997,0.04006248511339531,ridge_weather_electricity,-0.3517072112740569
2023-11-14 23:00:00+00:00,2023-11-15 23:00:00+00:00,-3.7984358761844392,-0.000549242031755819,ridge_weather_electricity,-0.1758383834489431
2023-11-15 23:00:00+00:00,2023-11-16 23:00:00+00:00,0.4418126055210414,0.0007055399752230563,ridge_weather_electricity,-0.16492710880309686
2023-11-16 23:00:00+00:00,2023-11-17 23:00:00+00:00,0.8107498807806336,0.012945951501180882,ridge_weather_electricity,-0.12430505173555642
2023-11-17 23:00:00+00:00,2023-11-20 23:00:00+00:00,-0.13513690206897655,0.011001891979972454,ridge_weather_electricity,-0.11905922795182601
2023-11-20 23:00:00+00:00,2023-11-21 23:00:00+00:00,-2.9486698232871014,-0.02148144833549965,ridge_weather_electricity,0.07311544287466167
2023-11-21 23:00:00+00:00,2023-11-22 23:00:00+00:00,2.2057902226640964,0.0016403986015597878,ridge_weather_electricity,-0.08809126555599976
2023-11-22 23:00:00+00:00,2023-11-23 23:00:00+00:00,-0.3200670068812753,-0.002473649680771024,ridge_weather_electricity,0.056050453035334916
2023-11-23 23:00:00+00:00,2023-11-24 23:00:00+00:00,-1.0911501853986725,-0.01364694296436111,ridge_weather_electricity,0.012274315652892456
2023-11-24 23:00:00+00:00,2023-11-27 23:00:00+00:00,2.869693264546754,0.019220544047317642,ridge_weather_electricity,-0.08655048515660624
2023-11-27 23:00:00+00:00,2023-11-28 23:00:00+00:00,-1.9624109277795003,-0.004081050137681327,ridge_weather_electricity,-0.26095387917307017
2023-11-28 23:00:00+00:00,2023-11-29 23:00:00+00:00,2.298896302510195,0.024180628118675246,ridge_weather_electricity,-0.14062121937575145
2023-11-29 23:00:00+00:00,2023-11-30 23:00:00+00:00,-0.1872060498534749,0.021665524861888746,ridge_weather_electricity,-0.13297756839476263
2023-11-30 23:00:00+00:00,2023-12-01 23:00:00+00:00,-1.4749600398704092,0.0029949598848803705,ridge_weather_electricity,0.006216765511866909
2023-12-01 23:00:00+00:00,2023-12-04 23:00:00+00:00,-0.04568284762981445,0.0022596106357090358,ridge_weather_electricity,0.01848061583038181
2023-12-04 23:00:00+00:00,2023-12-05 23:00:00+00:00,1.6646983830525,0.021838944046754103,ridge_weather_electricity,0.09249676368526101
2023-12-05 23:00:00+00:00,2023-12-06 23:00:00+00:00,-0.3764328381990212,0.017081430542849982,ridge_weather_electricity,0.1991468518034854
2023-12-06 23:00:00+00:00,2023-12-07 23:00:00+00:00,-1.7857477017509533,-0.003850671215287862,ridge_weather_electricity,0.24284357999911926
2023-12-07 23:00:00+00:00,2023-12-08 23:00:00+00:00,-0.32048218388577204,-0.005626619292248749,ridge_weather_electricity,0.2453022188471175
2023-12-08 23:00:00+00:00,2023-12-11 23:00:00+00:00,-1.0888045459210245,-0.017312230689619394,ridge_weather_electricity,0.29929575702723193
2023-12-11 23:00:00+00:00,2023-12-12 23:00:00+00:00,0.30972786463947277,-0.014627172901116777,ridge_weather_electricity,0.10695902353082194
2023-12-12 23:00:00+00:00,2023-12-13 23:00:00+00:00,2.665662398672165,0.014663657044643445,ridge_weather_electricity,-0.14977221365571444
2023-12-13 23:00:00+00:00,2023-12-14 23:00:00+00:00,2.901565324318237,0.04881015075253094,ridge_weather_electricity,-0.09831808700680347
2023-12-14 23:00:00+00:00,2023-12-15 23:00:00+00:00,-3.636785627739769,0.007703198349635079,ridge_weather_electricity,0.06618723149488549
2023-12-15 23:00:00+00:00,2023-12-18 23:00:00+00:00,-2.3200458717927193,-0.017950689580301524,ridge_weather_electricity,0.06453776705489346
2023-12-18 23:00:00+00:00,2023-12-19 23:00:00+00:00,2.101063302631097,0.0035731253184379244,ridge_weather_electricity,0.02320692114244728
2023-12-19 23:00:00+00:00,2023-12-20 23:00:00+00:00,0.6439700378113881,0.013633710135809182,ridge_weather_electricity,0.09571372809388563
2023-12-20 23:00:00+00:00,2023-12-21 23:00:00+00:00,-0.7227275793950543,0.003869228719287048,ridge_weather_electricity,0.08191338047323267
2023-12-21 23:00:00+00:00,2023-12-22 23:00:00+00:00,0.3169563894494805,0.006905335813139505,ridge_weather_electricity,0.09439886867686732
2023-12-22 23:00:00+00:00,2023-12-27 23:00:00+00:00,0.6897441702391572,0.017613717422371656,ridge_weather_electricity,0.05835664283974891
2023-12-27 23:00:00+00:00,2023-12-28 23:00:00+00:00,-0.9772893951861185,0.005572773609207698,ridge_weather_electricity,-0.19121315712711137
2023-12-28 23:00:00+00:00,2023-12-29 23:00:00+00:00,-0.41338940721020323,-0.0009736218675632683,ridge_weather_electricity,-0.13732950048625964
2023-06-30 23:00:00+00:00,2023-07-03 23:00:00+00:00,0.09909681602721804,0.004874108261366944,ridge_no_finance,0.0666181845947137
2023-07-03 23:00:00+00:00,2023-07-04 23:00:00+00:00,-0.46589859363730457,0.0018817138499776518,ridge_no_finance,0.14700520170751752
2023-07-04 23:00:00+00:00,2023-07-05 23:00:00+00:00,-2.7796603930414556,-0.027481444648436416,ridge_no_finance,0.19641004880215285
2023-07-05 23:00:00+00:00,2023-07-06 23:00:00+00:00,0.9438094023532675,-0.017914418960217966,ridge_no_finance,0.1609768764883996
2023-07-06 23:00:00+00:00,2023-07-07 23:00:00+00:00,1.0994697268219404,-0.00452155792067741,ridge_no_finance,0.2104685540896219
2023-07-07 23:00:00+00:00,2023-07-10 23:00:00+00:00,0.09754194677337513,-0.005407975200174236,ridge_no_finance,-0.13740821978563766
2023-07-10 23:00:00+00:00,2023-07-11 23:00:00+00:00,1.2510711057026127,0.009282187331107049,ridge_no_finance,0.12381188853901891
2023-07-11 23:00:00+00:00,2023-07-12 23:00:00+00:00,0.5313651560799122,0.014391820143215694,ridge_no_finance,-0.05320472227376917
2023-07-12 23:00:00+00:00,2023-07-13 23:00:00+00:00,0.25331926735136,0.01639902104419389,ridge_no_finance,-0.0013412684848116835
2023-07-13 23:00:00+00:00,2023-07-14 23:00:00+00:00,-2.3590507603165123,-0.01036949587951754,ridge_no_finance,-0.09188109638985613
2023-07-14 23:00:00+00:00,2023-07-17 23:00:00+00:00,0.6320277974685539,-0.0009763142906332338,ridge_no_finance,-0.0884437798811074
2023-07-17 23:00:00+00:00,2023-07-18 23:00:00+00:00,-0.07861991957261855,-0.0013946067059967175,ridge_no_finance,0.16182906008293413
2023-07-18 23:00:00+00:00,2023-07-19 23:00:00+00:00,0.3659666449678321,0.0017061373790585826,ridge_no_finance,0.48666082514466225
2023-07-19 23:00:00+00:00,2023-07-20 23:00:00+00:00,-0.5004287874759809,-0.006686301145567348,ridge_no_finance,0.012924432442851269
2023-07-20 23:00:00+00:00,2023-07-21 23:00:00+00:00,0.982666070842994,0.005137589121756495,ridge_no_finance,0.003949086580114156
2023-07-21 23:00:00+00:00,2023-07-24 23:00:00+00:00,0.04777434862220098,0.007864484405030658,ridge_no_finance,-0.03152862935640231
2023-07-24 23:00:00+00:00,2023-07-25 23:00:00+00:00,-0.4937859535205661,0.0026144443118582563,ridge_no_finance,0.062453046493926315
2023-07-25 23:00:00+00:00,2023-07-26 23:00:00+00:00,0.9608576009407895,0.01134488793452025,ridge_no_finance,-0.015467276079438666
2023-07-26 23:00:00+00:00,2023-07-27 23:00:00+00:00,-2.4919501340902794,-0.017790880183693025,ridge_no_finance,0.026165072389941826
2023-07-27 23:00:00+00:00,2023-07-28 23:00:00+00:00,-0.6313881735852909,-0.023139792864366703,ridge_no_finance,0.03310260581678691
2023-07-28 23:00:00+00:00,2023-07-31 23:00:00+00:00,1.7303245205268378,-0.0018770695285891745,ridge_no_finance,0.16068175929066153
2023-07-31 23:00:00+00:00,2023-08-01 23:00:00+00:00,-0.7440712500913771,-0.009975511393071373,ridge_no_finance,0.13491866881140652
2023-08-01 23:00:00+00:00,2023-08-02 23:00:00+00:00,-1.0307817190635498,-0.02099263003378495,ridge_no_finance,0.0028281121757161715
2023-08-02 23:00:00+00:00,2023-08-03 23:00:00+00:00,1.5134555770834617,-0.004598800003617887,ridge_no_finance,-0.004861846206479531
2023-08-03 23:00:00+00:00,2023-08-04 23:00:00+00:00,1.4604470438684818,0.009590556853158815,ridge_no_finance,0.3245081429053633
2023-08-04 23:00:00+00:00,2023-08-07 23:00:00+00:00,-1.4060338933717675,-0.006018085384303692,ridge_no_finance,0.19351222970285792
2023-08-07 23:00:00+00:00,2023-08-08 23:00:00+00:00,1.199281569830319,0.007286770357886426,ridge_no_finance,0.044795453565939766
2023-08-08 23:00:00+00:00,2023-08-09 23:00:00+00:00,-1.1214716944878278,-0.0055905531829725215,ridge_no_finance,0.18724422709549293
2023-08-09 23:00:00+00:00,2023-08-10 23:00:00+00:00,-0.2829055480734056,-0.011558806279905137,ridge_no_finance,0.12354454524913767
2023-08-10 23:00:00+00:00,2023-08-11 23:00:00+00:00,0.5212413756101026,-0.0024651033082681503,ridge_no_finance,0.2223864345745281
2023-08-11 23:00:00+00:00,2023-08-14 23:00:00+00:00,-0.7474193430053082,-0.010027039397738175,ridge_no_finance,0.18176891267108125
2023-08-14 23:00:00+00:00,2023-08-15 23:00:00+00:00,-1.1173707549767358,-0.021495004152898897,ridge_no_finance,0.2520404497874635
2023-08-15 23:00:00+00:00,2023-08-16 23:00:00+00:00,2.68741177906527,0.006852411865921548,ridge_no_finance,0.1291224104893383
2023-08-16 23:00:00+00:00,2023-08-17 23:00:00+00:00,-2.9924681493638876,-0.026520481036997917,ridge_no_finance,-0.009097319554811287
2023-08-17 23:00:00+00:00,2023-08-18 23:00:00+00:00,2.688704944298233,0.0021324821669317933,ridge_no_finance,-0.05051450561098847
2023-08-18 23:00:00+00:00,2023-08-21 23:00:00+00:00,-0.46523541655618017,-0.0022472994900108443,ridge_no_finance,-0.15599362418626972
2023-08-21 23:00:00+00:00,2023-08-22 23:00:00+00:00,1.1510294112268233,0.011859321333414947,ridge_no_finance,0.008457033748216311
2023-08-22 23:00:00+00:00,2023-08-23 23:00:00+00:00,0.7383088141273548,0.01856042131912121,ridge_no_finance,0.12321917887649496
2023-08-23 23:00:00+00:00,2023-08-24 23:00:00+00:00,-0.2989271598424932,0.016968570817714017,ridge_no_finance,0.1351134897385975
2023-08-24 23:00:00+00:00,2023-08-25 23:00:00+00:00,-0.9987156112852262,0.0034790057202582236,ridge_no_finance,0.0671832630542381
2023-08-25 23:00:00+00:00,2023-08-28 23:00:00+00:00,-0.2579281785137518,0.0023759335401294453,ridge_no_finance,0.09576053988381879
2023-08-28 23:00:00+00:00,2023-08-29 23:00:00+00:00,1.1497724490971337,0.01355838278318239,ridge_no_finance,0.004421909425574688
2023-08-29 23:00:00+00:00,2023-08-30 23:00:00+00:00,-10.508651422573223,-0.10186491757201528,ridge_no_finance,0.08500599896545476
2023-08-30 23:00:00+00:00,2023-08-31 23:00:00+00:00,9.728880347095762,0.006334096891097615,ridge_no_finance,-0.04647049657975928
2023-08-31 23:00:00+00:00,2023-09-01 23:00:00+00:00,0.01585294768222678,0.009855941643447596,ridge_no_finance,0.12338776562939001
2023-09-01 23:00:00+00:00,2023-09-04 23:00:00+00:00,-2.237706587314992,-0.018329735286361122,ridge_no_finance,-0.02858073911974727
2023-09-04 23:00:00+00:00,2023-09-05 23:00:00+00:00,-1.6351716011328312,-0.03728243299099594,ridge_no_finance,-0.07887757664354747
2023-09-05 23:00:00+00:00,2023-09-06 23:00:00+00:00,2.551966672234518,-0.009759753851797785,ridge_no_finance,-0.05936156386549647
2023-09-06 23:00:00+00:00,2023-09-07 23:00:00+00:00,0.2184437232922386,-0.009192240353067605,ridge_no_finance,-0.24487872614023432
2023-09-07 23:00:00+00:00,2023-09-08 23:00:00+00:00,1.2962344159171284,0.006670048131453967,ridge_no_finance,-0.2056749988576007
2023-09-08 23:00:00+00:00,2023-09-11 23:00:00+00:00,-1.541323732055778,-0.0077431959288096035,ridge_no_finance,-0.0763550141409628
2023-09-11 23:00:00+00:00,2023-09-12 23:00:00+00:00,-0.365416124916475,-0.012954517792704425,ridge_no_finance,-0.03927731420256162
2023-09-12 23:00:00+00:00,2023-09-13 23:00:00+00:00,2.4547311496497053,0.017635412783872085,ridge_no_finance,-0.1071369896649064
2023-09-13 23:00:00+00:00,2023-09-14 23:00:00+00:00,1.970261767408183,0.03652905279407096,ridge_no_finance,-0.09031424889137614
2023-09-14 23:00:00+00:00,2023-09-15 23:00:00+00:00,-3.9721292796520933,-0.00866683982475663,ridge_no_finance,-0.13763059586303117
2023-09-15 23:00:00+00:00,2023-09-18 23:00:00+00:00,0.541505169212682,-0.0011269234641432023,ridge_no_finance,-0.1229853641244362
2023-09-18 23:00:00+00:00,2023-09-19 23:00:00+00:00,0.35138037944238637,0.001764869031644281,ridge_no_finance,-0.03793984507802702
2023-09-19 23:00:00+00:00,2023-09-20 23:00:00+00:00,1.2989761502071695,0.015963592822706013,ridge_no_finance,-0.053983045778413265
2023-09-20 23:00:00+00:00,2023-09-21 23:00:00+00:00,-3.539601464491641,-0.02083231251287865,ridge_no_finance,0.04680050695855249
2023-09-21 23:00:00+00:00,2023-09-22 23:00:00+00:00,1.2180566296987574,-0.008855094659395478,ridge_no_finance,0.029474686758361207
2023-09-22 23:00:00+00:00,2023-09-25 23:00:00+00:00,-1.8610371194461468,-0.027921230823582128,ridge_no_finance,-0.10166378784111785
2023-09-25 23:00:00+00:00,2023-09-26 23:00:00+00:00,1.8457479189791912,-0.012600718380372166,ridge_no_finance,0.04186400363233832
2023-09-26 23:00:00+00:00,2023-09-27 23:00:00+00:00,0.2641577144214037,-0.0035478699695188024,ridge_no_finance,0.12747943895208047
2023-09-27 23:00:00+00:00,2023-09-28 23:00:00+00:00,0.3303043316426424,-0.0010190630814550239,ridge_no_finance,0.022947926887455936
2023-09-28 23:00:00+00:00,2023-09-29 23:00:00+00:00,1.3034320036358529,0.012453968866808905,ridge_no_finance,0.1856717991973369
2023-09-29 23:00:00+00:00,2023-10-02 23:00:00+00:00,-4.927931457980027,-0.04076138826857029,ridge_no_finance,0.1325981614981353
2023-10-02 23:00:00+00:00,2023-10-03 23:00:00+00:00,-1.7962779543084562,-0.06069804572202125,ridge_no_finance,0.10399282498388936
2023-10-03 23:00:00+00:00,2023-10-04 23:00:00+00:00,5.838060956438902,9.821875184268877e-05,ridge_no_finance,-0.04052567958081661
2023-10-04 23:00:00+00:00,2023-10-05 23:00:00+00:00,0.729939972303883,0.007869733406515263,ridge_no_finance,-0.012894989103569524
2023-10-05 23:00:00+00:00,2023-10-06 23:00:00+00:00,-1.2934050388992862,-0.003945322909809144,ridge_no_finance,0.042800147216800546
2023-10-06 23:00:00+00:00,2023-10-09 23:00:00+00:00,1.7934941497625003,0.015937763216708013,ridge_no_finance,0.06903660659343501
2023-10-09 23:00:00+00:00,2023-10-10 23:00:00+00:00,3.0233066556118295,0.04900592881345823,ridge_no_finance,0.17236938049160566
2023-10-10 23:00:00+00:00,2023-10-11 23:00:00+00:00,-3.524387283894635,0.008992888684578872,ridge_no_finance,0.04409651464831703
2023-10-11 23:00:00+00:00,2023-10-12 23:00:00+00:00,-2.3610750731700505,-0.01487473038284883,ridge_no_finance,0.10898307284902524
2023-10-12 23:00:00+00:00,2023-10-13 23:00:00+00:00,-1.5270835936471352,-0.032763268700496714,ridge_no_finance,0.11346067900011166
2023-10-13 23:00:00+00:00,2023-10-16 23:00:00+00:00,2.328332363701813,-0.0075863467691355,ridge_no_finance,0.10464038690233045
2023-10-16 23:00:00+00:00,2023-10-17 23:00:00+00:00,1.28314550919643,0.007347491274735465,ridge_no_finance,-0.12036120503280134
2023-10-17 23:00:00+00:00,2023-10-18 23:00:00+00:00,-1.9736713172406959,-0.015209111569514292,ridge_no_finance,-0.31220902213641477
2023-10-18 23:00:00+00:00,2023-10-19 23:00:00+00:00,1.3128691761508187,-0.0007521382505950158,ridge_no_finance,-0.3433331643267725
2023-10-19 23:00:00+00:00,2023-10-20 23:00:00+00:00,-0.33228985612542794,-0.0019445450690208442,ridge_no_finance,-0.2550862310521954
2023-10-20 23:00:00+00:00,2023-10-23 23:00:00+00:00,-0.4074090679931937,-0.008636817200200316,ridge_no_finance,-0.3404076171330411
2023-10-23 23:00:00+00:00,2023-10-24 23:00:00+00:00,4.169378403504558,0.039580998031844096,ridge_no_finance,0.0292139114104059
2023-10-24 23:00:00+00:00,2023-10-25 23:00:00+00:00,-3.454552164665807,-0.0032717845803528155,ridge_no_finance,-0.023312144727004006
2023-10-25 23:00:00+00:00,2023-10-26 23:00:00+00:00,0.9259822522220476,0.014009623714062888,ridge_no_finance,-0.10791319120177105
2023-10-26 23:00:00+00:00,2023-10-27 23:00:00+00:00,-0.5308551428354265,0.0029668122539084057,ridge_no_finance,-0.0630928602813369
2023-10-27 23:00:00+00:00,2023-10-30 23:00:00+00:00,-1.6062733689252375,-0.015444026106954025,ridge_no_finance,-0.21786020727486366
2023-10-30 23:00:00+00:00,2023-10-31 23:00:00+00:00,3.1186332686611653,0.020163926756527496,ridge_no_finance,-0.06513485650526057
2023-10-31 23:00:00+00:00,2023-11-01 23:00:00+00:00,-8.668846514557941,-0.07594134981310705,ridge_no_finance,-0.21613238054030692
2023-11-01 23:00:00+00:00,2023-11-02 23:00:00+00:00,10.43398305696287,0.0398845142566886,ridge_no_finance,-0.4167711389916117
2023-11-02 23:00:00+00:00,2023-11-03 23:00:00+00:00,-1.0387665741117575,0.02941826069014449,ridge_no_finance,-0.3304543030769485
2023-11-03 23:00:00+00:00,2023-11-06 23:00:00+00:00,-3.521027281322895,-0.008546216232655588,ridge_no_finance,-0.0692367538511211
2023-11-06 23:00:00+00:00,2023-11-07 23:00:00+00:00,-0.6766583578977743,-0.018332384931272882,ridge_no_finance,0.045592801280981435
2023-11-07 23:00:00+00:00,2023-11-08 23:00:00+00:00,1.9746474546029305,0.009239790083787423,ridge_no_finance,0.03180579361099482
2023-11-08 23:00:00+00:00,2023-11-09 23:00:00+00:00,0.9677586886333002,0.011870690479815458,ridge_no_finance,-0.011475696236004432
2023-11-09 23:00:00+00:00,2023-11-10 23:00:00+00:00,-0.9387279066471004,0.003938112827737752,ridge_no_finance,-0.10204618545469929
2023-11-10 23:00:00+00:00,2023-11-13 23:00:00+00:00,-0.2450882969121168,0.001346797930668141,ridge_no_finance,-0.12608869313890905
2023-11-13 23:00:00+00:00,2023-11-14 23:00:00+00:00,3.5019600338526997,0.04006248511339531,ridge_no_finance,-0.3517072112740569
2023-11-14 23:00:00+00:00,2023-11-15 23:00:00+00:00,-3.7984358761844392,-0.000549242031755819,ridge_no_finance,-0.1758383834489431
2023-11-15 23:00:00+00:00,2023-11-16 23:00:00+00:00,0.4418126055210414,0.0007055399752230563,ridge_no_finance,-0.16492710880309686
2023-11-16 23:00:00+00:00,2023-11-17 23:00:00+00:00,0.8107498807806336,0.012945951501180882,ridge_no_finance,-0.12430505173555642
2023-11-17 23:00:00+00:00,2023-11-20 23:00:00+00:00,-0.13513690206897655,0.011001891979972454,ridge_no_finance,-0.11905922795182601
2023-11-20 23:00:00+00:00,2023-11-21 23:00:00+00:00,-2.9486698232871014,-0.02148144833549965,ridge_no_finance,0.07311544287466167
2023-11-21 23:00:00+00:00,2023-11-22 23:00:00+00:00,2.2057902226640964,0.0016403986015597878,ridge_no_finance,-0.08809126555599976
2023-11-22 23:00:00+00:00,2023-11-23 23:00:00+00:00,-0.3200670068812753,-0.002473649680771024,ridge_no_finance,0.056050453035334916
2023-11-23 23:00:00+00:00,2023-11-24 23:00:00+00:00,-1.0911501853986725,-0.01364694296436111,ridge_no_finance,0.012274315652892456
2023-11-24 23:00:00+00:00,2023-11-27 23:00:00+00:00,2.869693264546754,0.019220544047317642,ridge_no_finance,-0.08655048515660624
2023-11-27 23:00:00+00:00,2023-11-28 23:00:00+00:00,-1.9624109277795003,-0.004081050137681327,ridge_no_finance,-0.26095387917307017
2023-11-28 23:00:00+00:00,2023-11-29 23:00:00+00:00,2.298896302510195,0.024180628118675246,ridge_no_finance,-0.14062121937575145
2023-11-29 23:00:00+00:00,2023-11-30 23:00:00+00:00,-0.1872060498534749,0.021665524861888746,ridge_no_finance,-0.13297756839476263
2023-11-30 23:00:00+00:00,2023-12-01 23:00:00+00:00,-1.4749600398704092,0.0029949598848803705,ridge_no_finance,0.006216765511866909
2023-12-01 23:00:00+00:00,2023-12-04 23:00:00+00:00,-0.04568284762981445,0.0022596106357090358,ridge_no_finance,0.01848061583038181
2023-12-04 23:00:00+00:00,2023-12-05 23:00:00+00:00,1.6646983830525,0.021838944046754103,ridge_no_finance,0.09249676368526101
2023-12-05 23:00:00+00:00,2023-12-06 23:00:00+00:00,-0.3764328381990212,0.017081430542849982,ridge_no_finance,0.1991468518034854
2023-12-06 23:00:00+00:00,2023-12-07 23:00:00+00:00,-1.7857477017509533,-0.003850671215287862,ridge_no_finance,0.24284357999911926
2023-12-07 23:00:00+00:00,2023-12-08 23:00:00+00:00,-0.32048218388577204,-0.005626619292248749,ridge_no_finance,0.2453022188471175
2023-12-08 23:00:00+00:00,2023-12-11 23:00:00+00:00,-1.0888045459210245,-0.017312230689619394,ridge_no_finance,0.29929575702723193
2023-12-11 23:00:00+00:00,2023-12-12 23:00:00+00:00,0.30972786463947277,-0.014627172901116777,ridge_no_finance,0.10695902353082194
2023-12-12 23:00:00+00:00,2023-12-13 23:00:00+00:00,2.665662398672165,0.014663657044643445,ridge_no_finance,-0.14977221365571444
2023-12-13 23:00:00+00:00,2023-12-14 23:00:00+00:00,2.901565324318237,0.04881015075253094,ridge_no_finance,-0.09831808700680347
2023-12-14 23:00:00+00:00,2023-12-15 23:00:00+00:00,-3.636785627739769,0.007703198349635079,ridge_no_finance,0.06618723149488549
2023-12-15 23:00:00+00:00,2023-12-18 23:00:00+00:00,-2.3200458717927193,-0.017950689580301524,ridge_no_finance,0.06453776705489346
2023-12-18 23:00:00+00:00,2023-12-19 23:00:00+00:00,2.101063302631097,0.0035731253184379244,ridge_no_finance,0.02320692114244728
2023-12-19 23:00:00+00:00,2023-12-20 23:00:00+00:00,0.6439700378113881,0.013633710135809182,ridge_no_finance,0.09571372809388563
2023-12-20 23:00:00+00:00,2023-12-21 23:00:00+00:00,-0.7227275793950543,0.003869228719287048,ridge_no_finance,0.08191338047323267
2023-12-21 23:00:00+00:00,2023-12-22 23:00:00+00:00,0.3169563894494805,0.006905335813139505,ridge_no_finance,0.09439886867686732
2023-12-22 23:00:00+00:00,2023-12-27 23:00:00+00:00,0.6897441702391572,0.017613717422371656,ridge_no_finance,0.05835664283974891
2023-12-27 23:00:00+00:00,2023-12-28 23:00:00+00:00,-0.9772893951861185,0.005572773609207698,ridge_no_finance,-0.19121315712711137
2023-12-28 23:00:00+00:00,2023-12-29 23:00:00+00:00,-0.41338940721020323,-0.0009736218675632683,ridge_no_finance,-0.13732950048625964
2023-06-30 23:00:00+00:00,2023-07-03 23:00:00+00:00,0.09909681602721804,0.004874108261366944,linear_full,-0.19547815063684115
2023-07-03 23:00:00+00:00,2023-07-04 23:00:00+00:00,-0.46589859363730457,0.0018817138499776518,linear_full,-0.3036436692787711
2023-07-04 23:00:00+00:00,2023-07-05 23:00:00+00:00,-2.7796603930414556,-0.027481444648436416,linear_full,0.08855413754700518
2023-07-05 23:00:00+00:00,2023-07-06 23:00:00+00:00,0.9438094023532675,-0.017914418960217966,linear_full,-0.027612546231938137
2023-07-06 23:00:00+00:00,2023-07-07 23:00:00+00:00,1.0994697268219404,-0.00452155792067741,linear_full,0.23276954731441546
2023-07-07 23:00:00+00:00,2023-07-10 23:00:00+00:00,0.09754194677337513,-0.005407975200174236,linear_full,-0.2618495012560255
2023-07-10 23:00:00+00:00,2023-07-11 23:00:00+00:00,1.2510711057026127,0.009282187331107049,linear_full,0.198683133487927
2023-07-11 23:00:00+00:00,2023-07-12 23:00:00+00:00,0.5313651560799122,0.014391820143215694,linear_full,0.03826637113612043
2023-07-12 23:00:00+00:00,2023-07-13 23:00:00+00:00,0.25331926735136,0.01639902104419389,linear_full,0.004684207904036938
2023-07-13 23:00:00+00:00,2023-07-14 23:00:00+00:00,-2.3590507603165123,-0.01036949587951754,linear_full,-0.5924444564213542
2023-07-14 23:00:00+00:00,2023-07-17 23:00:00+00:00,0.6320277974685539,-0.0009763142906332338,linear_full,-0.4158739915579318
2023-07-17 23:00:00+00:00,2023-07-18 23:00:00+00:00,-0.07861991957261855,-0.0013946067059967175,linear_full,0.012829880140565159
2023-07-18 23:00:00+00:00,2023-07-19 23:00:00+00:00,0.3659666449678321,0.0017061373790585826,linear_full,0.4133794310820509
2023-07-19 23:00:00+00:00,2023-07-20 23:00:00+00:00,-0.5004287874759809,-0.006686301145567348,linear_full,-0.009627240334004833
2023-07-20 23:00:00+00:00,2023-07-21 23:00:00+00:00,0.982666070842994,0.005137589121756495,linear_full,0.15583437574573183
2023-07-21 23:00:00+00:00,2023-07-24 23:00:00+00:00,0.04777434862220098,0.007864484405030658,linear_full,0.20497422235107315
2023-07-24 23:00:00+00:00,2023-07-25 23:00:00+00:00,-0.4937859535205661,0.0026144443118582563,linear_full,-0.062270575628903466
2023-07-25 23:00:00+00:00,2023-07-26 23:00:00+00:00,0.9608576009407895,0.01134488793452025,linear_full,-0.07983633666724886
2023-07-26 23:00:00+00:00,2023-07-27 23:00:00+00:00,-2.4919501340902794,-0.017790880183693025,linear_full,-0.09026786222771647
2023-07-27 23:00:00+00:00,2023-07-28 23:00:00+00:00,-0.6313881735852909,-0.023139792864366703,linear_full,0.31307032647718314
2023-07-28 23:00:00+00:00,2023-07-31 23:00:00+00:00,1.7303245205268378,-0.0018770695285891745,linear_full,0.004834095736024446
2023-07-31 23:00:00+00:00,2023-08-01 23:00:00+00:00,-0.7440712500913771,-0.009975511393071373,linear_full,0.22544279531940997
2023-08-01 23:00:00+00:00,2023-08-02 23:00:00+00:00,-1.0307817190635498,-0.02099263003378495,linear_full,0.15378089305314618
2023-08-02 23:00:00+00:00,2023-08-03 23:00:00+00:00,1.5134555770834617,-0.004598800003617887,linear_full,-0.09659416766032485
2023-08-03 23:00:00+00:00,2023-08-04 23:00:00+00:00,1.4604470438684818,0.009590556853158815,linear_full,0.36091181834095765
2023-08-04 23:00:00+00:00,2023-08-07 23:00:00+00:00,-1.4060338933717675,-0.006018085384303692,linear_full,0.009925172449398681
2023-08-07 23:00:00+00:00,2023-08-08 23:00:00+00:00,1.199281569830319,0.007286770357886426,linear_full,-0.27128494731757685
2023-08-08 23:00:00+00:00,2023-08-09 23:00:00+00:00,-1.1214716944878278,-0.0055905531829725215,linear_full,-0.007415308863921999
2023-08-09 23:00:00+00:00,2023-08-10 23:00:00+00:00,-0.2829055480734056,-0.011558806279905137,linear_full,-0.03040567602098105
2023-08-10 23:00:00+00:00,2023-08-11 23:00:00+00:00,0.5212413756101026,-0.0024651033082681503,linear_full,-0.13380653583341387
2023-08-11 23:00:00+00:00,2023-08-14 23:00:00+00:00,-0.7474193430053082,-0.010027039397738175,linear_full,0.21470473583605965
2023-08-14 23:00:00+00:00,2023-08-15 23:00:00+00:00,-1.1173707549767358,-0.021495004152898897,linear_full,0.3813076638549251
2023-08-15 23:00:00+00:00,2023-08-16 23:00:00+00:00,2.68741177906527,0.006852411865921548,linear_full,-0.07739940378157475
2023-08-16 23:00:00+00:00,2023-08-17 23:00:00+00:00,-2.9924681493638876,-0.026520481036997917,linear_full,0.030534841670522464
2023-08-17 23:00:00+00:00,2023-08-18 23:00:00+00:00,2.688704944298233,0.0021324821669317933,linear_full,0.01915469339396042
2023-08-18 23:00:00+00:00,2023-08-21 23:00:00+00:00,-0.46523541655618017,-0.0022472994900108443,linear_full,-0.389687124349615
2023-08-21 23:00:00+00:00,2023-08-22 23:00:00+00:00,1.1510294112268233,0.011859321333414947,linear_full,0.16228437312160288
2023-08-22 23:00:00+00:00,2023-08-23 23:00:00+00:00,0.7383088141273548,0.01856042131912121,linear_full,-0.060702285295839535
2023-08-23 23:00:00+00:00,2023-08-24 23:00:00+00:00,-0.2989271598424932,0.016968570817714017,linear_full,-0.25869025297570303
2023-08-24 23:00:00+00:00,2023-08-25 23:00:00+00:00,-0.9987156112852262,0.0034790057202582236,linear_full,0.1589070107726373
2023-08-25 23:00:00+00:00,2023-08-28 23:00:00+00:00,-0.2579281785137518,0.0023759335401294453,linear_full,-0.3462294316887677
2023-08-28 23:00:00+00:00,2023-08-29 23:00:00+00:00,1.1497724490971337,0.01355838278318239,linear_full,0.05128161650159811
2023-08-29 23:00:00+00:00,2023-08-30 23:00:00+00:00,-10.508651422573223,-0.10186491757201528,linear_full,0.02277022224049942
2023-08-30 23:00:00+00:00,2023-08-31 23:00:00+00:00,9.728880347095762,0.006334096891097615,linear_full,0.2033782617281703
2023-08-31 23:00:00+00:00,2023-09-01 23:00:00+00:00,0.01585294768222678,0.009855941643447596,linear_full,-0.22802000224689678
2023-09-01 23:00:00+00:00,2023-09-04 23:00:00+00:00,-2.237706587314992,-0.018329735286361122,linear_full,0.8161463162410295
2023-09-04 23:00:00+00:00,2023-09-05 23:00:00+00:00,-1.6351716011328312,-0.03728243299099594,linear_full,-0.1704731081929164
2023-09-05 23:00:00+00:00,2023-09-06 23:00:00+00:00,2.551966672234518,-0.009759753851797785,linear_full,-0.15648077008409217
2023-09-06 23:00:00+00:00,2023-09-07 23:00:00+00:00,0.2184437232922386,-0.009192240353067605,linear_full,-0.050686236078648826
2023-09-07 23:00:00+00:00,2023-09-08 23:00:00+00:00,1.2962344159171284,0.006670048131453967,linear_full,-1.4129109844238221
2023-09-08 23:00:00+00:00,2023-09-11 23:00:00+00:00,-1.541323732055778,-0.0077431959288096035,linear_full,0.12582470049167388
2023-09-11 23:00:00+00:00,2023-09-12 23:00:00+00:00,-0.365416124916475,-0.012954517792704425,linear_full,0.17378421782998799
2023-09-12 23:00:00+00:00,2023-09-13 23:00:00+00:00,2.4547311496497053,0.017635412783872085,linear_full,-0.5426817133397296
2023-09-13 23:00:00+00:00,2023-09-14 23:00:00+00:00,1.970261767408183,0.03652905279407096,linear_full,-0.6467162027645494
2023-09-14 23:00:00+00:00,2023-09-15 23:00:00+00:00,-3.9721292796520933,-0.00866683982475663,linear_full,-0.2373156114083575
2023-09-15 23:00:00+00:00,2023-09-18 23:00:00+00:00,0.541505169212682,-0.0011269234641432023,linear_full,-0.13770497567231407
2023-09-18 23:00:00+00:00,2023-09-19 23:00:00+00:00,0.35138037944238637,0.001764869031644281,linear_full,-0.12013170849421051
2023-09-19 23:00:00+00:00,2023-09-20 23:00:00+00:00,1.2989761502071695,0.015963592822706013,linear_full,-0.11046940031097585
2023-09-20 23:00:00+00:00,2023-09-21 23:00:00+00:00,-3.539601464491641,-0.02083231251287865,linear_full,-0.09262776628068342
2023-09-21 23:00:00+00:00,2023-09-22 23:00:00+00:00,1.2180566296987574,-0.008855094659395478,linear_full,0.29615552235310855
2023-09-22 23:00:00+00:00,2023-09-25 23:00:00+00:00,-1.8610371194461468,-0.027921230823582128,linear_full,0.18530054145409236
2023-09-25 23:00:00+00:00,2023-09-26 23:00:00+00:00,1.8457479189791912,-0.012600718380372166,linear_full,0.03456311024511967
2023-09-26 23:00:00+00:00,2023-09-27 23:00:00+00:00,0.2641577144214037,-0.0035478699695188024,linear_full,-0.02534780888709294
2023-09-27 23:00:00+00:00,2023-09-28 23:00:00+00:00,0.3303043316426424,-0.0010190630814550239,linear_full,0.41109523232978096
2023-09-28 23:00:00+00:00,2023-09-29 23:00:00+00:00,1.3034320036358529,0.012453968866808905,linear_full,0.47430258945017656
2023-09-29 23:00:00+00:00,2023-10-02 23:00:00+00:00,-4.927931457980027,-0.04076138826857029,linear_full,-0.2846870340885226
2023-10-02 23:00:00+00:00,2023-10-03 23:00:00+00:00,-1.7962779543084562,-0.06069804572202125,linear_full,-0.006493183176064746
2023-10-03 23:00:00+00:00,2023-10-04 23:00:00+00:00,5.838060956438902,9.821875184268877e-05,linear_full,-0.7639580462889521
2023-10-04 23:00:00+00:00,2023-10-05 23:00:00+00:00,0.729939972303883,0.007869733406515263,linear_full,-0.2594772588577998
2023-10-05 23:00:00+00:00,2023-10-06 23:00:00+00:00,-1.2934050388992862,-0.003945322909809144,linear_full,0.3686068921396802
2023-10-06 23:00:00+00:00,2023-10-09 23:00:00+00:00,1.7934941497625003,0.015937763216708013,linear_full,0.15579608784957039
2023-10-09 23:00:00+00:00,2023-10-10 23:00:00+00:00,3.0233066556118295,0.04900592881345823,linear_full,0.2677785753898533
2023-10-10 23:00:00+00:00,2023-10-11 23:00:00+00:00,-3.524387283894635,0.008992888684578872,linear_full,-0.4812230152711376
2023-10-11 23:00:00+00:00,2023-10-12 23:00:00+00:00,-2.3610750731700505,-0.01487473038284883,linear_full,-0.7474393487035697
2023-10-12 23:00:00+00:00,2023-10-13 23:00:00+00:00,-1.5270835936471352,-0.032763268700496714,linear_full,-0.07442620145460156
2023-10-13 23:00:00+00:00,2023-10-16 23:00:00+00:00,2.328332363701813,-0.0075863467691355,linear_full,0.07632123205367096
2023-10-16 23:00:00+00:00,2023-10-17 23:00:00+00:00,1.28314550919643,0.007347491274735465,linear_full,-0.23954591422521865
2023-10-17 23:00:00+00:00,2023-10-18 23:00:00+00:00,-1.9736713172406959,-0.015209111569514292,linear_full,0.17013941058204657
2023-10-18 23:00:00+00:00,2023-10-19 23:00:00+00:00,1.3128691761508187,-0.0007521382505950158,linear_full,0.6424671550773629
2023-10-19 23:00:00+00:00,2023-10-20 23:00:00+00:00,-0.33228985612542794,-0.0019445450690208442,linear_full,0.019079504965809443
2023-10-20 23:00:00+00:00,2023-10-23 23:00:00+00:00,-0.4074090679931937,-0.008636817200200316,linear_full,-0.3681712867368794
2023-10-23 23:00:00+00:00,2023-10-24 23:00:00+00:00,4.169378403504558,0.039580998031844096,linear_full,-0.5625963934678777
2023-10-24 23:00:00+00:00,2023-10-25 23:00:00+00:00,-3.454552164665807,-0.0032717845803528155,linear_full,-0.22172393935299728
2023-10-25 23:00:00+00:00,2023-10-26 23:00:00+00:00,0.9259822522220476,0.014009623714062888,linear_full,-0.08365796786339671
2023-10-26 23:00:00+00:00,2023-10-27 23:00:00+00:00,-0.5308551428354265,0.0029668122539084057,linear_full,-0.6207197003112603
2023-10-27 23:00:00+00:00,2023-10-30 23:00:00+00:00,-1.6062733689252375,-0.015444026106954025,linear_full,-0.5763175458457819
2023-10-30 23:00:00+00:00,2023-10-31 23:00:00+00:00,3.1186332686611653,0.020163926756527496,linear_full,-0.19618358688136067
2023-10-31 23:00:00+00:00,2023-11-01 23:00:00+00:00,-8.668846514557941,-0.07594134981310705,linear_full,-0.553485581724824
2023-11-01 23:00:00+00:00,2023-11-02 23:00:00+00:00,10.43398305696287,0.0398845142566886,linear_full,0.1693772776417521
2023-11-02 23:00:00+00:00,2023-11-03 23:00:00+00:00,-1.0387665741117575,0.02941826069014449,linear_full,-1.119394537854147
2023-11-03 23:00:00+00:00,2023-11-06 23:00:00+00:00,-3.521027281322895,-0.008546216232655588,linear_full,0.40492270004585634
2023-11-06 23:00:00+00:00,2023-11-07 23:00:00+00:00,-0.6766583578977743,-0.018332384931272882,linear_full,0.01570764736649688
2023-11-07 23:00:00+00:00,2023-11-08 23:00:00+00:00,1.9746474546029305,0.009239790083787423,linear_full,-0.4481150112505151
2023-11-08 23:00:00+00:00,2023-11-09 23:00:00+00:00,0.9677586886333002,0.011870690479815458,linear_full,0.32190840582751784
2023-11-09 23:00:00+00:00,2023-11-10 23:00:00+00:00,-0.9387279066471004,0.003938112827737752,linear_full,-1.326793331562947
2023-11-10 23:00:00+00:00,2023-11-13 23:00:00+00:00,-0.2450882969121168,0.001346797930668141,linear_full,0.5888968306702556
2023-11-13 23:00:00+00:00,2023-11-14 23:00:00+00:00,3.5019600338526997,0.04006248511339531,linear_full,0.04424722403281113
2023-11-14 23:00:00+00:00,2023-11-15 23:00:00+00:00,-3.7984358761844392,-0.000549242031755819,linear_full,-0.3306486331122243
2023-11-15 23:00:00+00:00,2023-11-16 23:00:00+00:00,0.4418126055210414,0.0007055399752230563,linear_full,-0.23537307955675502
2023-11-16 23:00:00+00:00,2023-11-17 23:00:00+00:00,0.8107498807806336,0.012945951501180882,linear_full,-0.29045715507280306
2023-11-17 23:00:00+00:00,2023-11-20 23:00:00+00:00,-0.13513690206897655,0.011001891979972454,linear_full,0.15833268812518453
2023-11-20 23:00:00+00:00,2023-11-21 23:00:00+00:00,-2.9486698232871014,-0.02148144833549965,linear_full,0.127691181674649
2023-11-21 23:00:00+00:00,2023-11-22 23:00:00+00:00,2.2057902226640964,0.0016403986015597878,linear_full,-0.05451859368982153
2023-11-22 23:00:00+00:00,2023-11-23 23:00:00+00:00,-0.3200670068812753,-0.002473649680771024,linear_full,0.48885302104695283
2023-11-23 23:00:00+00:00,2023-11-24 23:00:00+00:00,-1.0911501853986725,-0.01364694296436111,linear_full,0.17753247723445048
2023-11-24 23:00:00+00:00,2023-11-27 23:00:00+00:00,2.869693264546754,0.019220544047317642,linear_full,0.06622057340283179
2023-11-27 23:00:00+00:00,2023-11-28 23:00:00+00:00,-1.9624109277795003,-0.004081050137681327,linear_full,-0.20030724266511996
2023-11-28 23:00:00+00:00,2023-11-29 23:00:00+00:00,2.298896302510195,0.024180628118675246,linear_full,0.1535363258503511
2023-11-29 23:00:00+00:00,2023-11-30 23:00:00+00:00,-0.1872060498534749,0.021665524861888746,linear_full,-0.4593210895109104
2023-11-30 23:00:00+00:00,2023-12-01 23:00:00+00:00,-1.4749600398704092,0.0029949598848803705,linear_full,0.13335248666457078
2023-12-01 23:00:00+00:00,2023-12-04 23:00:00+00:00,-0.04568284762981445,0.0022596106357090358,linear_full,-0.051913250626623206
2023-12-04 23:00:00+00:00,2023-12-05 23:00:00+00:00,1.6646983830525,0.021838944046754103,linear_full,-0.2170259949153534
2023-12-05 23:00:00+00:00,2023-12-06 23:00:00+00:00,-0.3764328381990212,0.017081430542849982,linear_full,0.43923366473497305
2023-12-06 23:00:00+00:00,2023-12-07 23:00:00+00:00,-1.7857477017509533,-0.003850671215287862,linear_full,0.2599058182944483
2023-12-07 23:00:00+00:00,2023-12-08 23:00:00+00:00,-0.32048218388577204,-0.005626619292248749,linear_full,0.5642405390587907
2023-12-08 23:00:00+00:00,2023-12-11 23:00:00+00:00,-1.0888045459210245,-0.017312230689619394,linear_full,0.5722180112065365
2023-12-11 23:00:00+00:00,2023-12-12 23:00:00+00:00,0.30972786463947277,-0.014627172901116777,linear_full,0.15667953369961157
2023-12-12 23:00:00+00:00,2023-12-13 23:00:00+00:00,2.665662398672165,0.014663657044643445,linear_full,-0.13575077574203998
2023-12-13 23:00:00+00:00,2023-12-14 23:00:00+00:00,2.901565324318237,0.04881015075253094,linear_full,0.2677454758869711
2023-12-14 23:00:00+00:00,2023-12-15 23:00:00+00:00,-3.636785627739769,0.007703198349635079,linear_full,0.5038264961036988
2023-12-15 23:00:00+00:00,2023-12-18 23:00:00+00:00,-2.3200458717927193,-0.017950689580301524,linear_full,0.14629596617106716
2023-12-18 23:00:00+00:00,2023-12-19 23:00:00+00:00,2.101063302631097,0.0035731253184379244,linear_full,-0.3129794814396173
2023-12-19 23:00:00+00:00,2023-12-20 23:00:00+00:00,0.6439700378113881,0.013633710135809182,linear_full,-0.3393084157668451
2023-12-20 23:00:00+00:00,2023-12-21 23:00:00+00:00,-0.7227275793950543,0.003869228719287048,linear_full,-0.015733121561496713
2023-12-21 23:00:00+00:00,2023-12-22 23:00:00+00:00,0.3169563894494805,0.006905335813139505,linear_full,0.24778166045895667
2023-12-22 23:00:00+00:00,2023-12-27 23:00:00+00:00,0.6897441702391572,0.017613717422371656,linear_full,0.6683306706698924
2023-12-27 23:00:00+00:00,2023-12-28 23:00:00+00:00,-0.9772893951861185,0.005572773609207698,linear_full,0.00676684764197992
2023-12-28 23:00:00+00:00,2023-12-29 23:00:00+00:00,-0.41338940721020323,-0.0009736218675632683,linear_full,-0.42012867207933174
2023-06-30 23:00:00+00:00,2023-07-03 23:00:00+00:00,0.09909681602721804,0.004874108261366944,gradient_boosting_full,0.8458688429508444
2023-07-03 23:00:00+00:00,2023-07-04 23:00:00+00:00,-0.46589859363730457,0.0018817138499776518,gradient_boosting_full,0.538327533000641
2023-07-04 23:00:00+00:00,2023-07-05 23:00:00+00:00,-2.7796603930414556,-0.027481444648436416,gradient_boosting_full,0.5699680189942882
2023-07-05 23:00:00+00:00,2023-07-06 23:00:00+00:00,0.9438094023532675,-0.017914418960217966,gradient_boosting_full,0.5699680189942882
2023-07-06 23:00:00+00:00,2023-07-07 23:00:00+00:00,1.0994697268219404,-0.00452155792067741,gradient_boosting_full,1.2136174775875463
2023-07-07 23:00:00+00:00,2023-07-10 23:00:00+00:00,0.09754194677337513,-0.005407975200174236,gradient_boosting_full,0.8356170750525321
2023-07-10 23:00:00+00:00,2023-07-11 23:00:00+00:00,1.2510711057026127,0.009282187331107049,gradient_boosting_full,0.06687280599156939
2023-07-11 23:00:00+00:00,2023-07-12 23:00:00+00:00,0.5313651560799122,0.014391820143215694,gradient_boosting_full,-0.09347716833463951
2023-07-12 23:00:00+00:00,2023-07-13 23:00:00+00:00,0.25331926735136,0.01639902104419389,gradient_boosting_full,-0.16638071241586913
2023-07-13 23:00:00+00:00,2023-07-14 23:00:00+00:00,-2.3590507603165123,-0.01036949587951754,gradient_boosting_full,-0.5509775392906184
2023-07-14 23:00:00+00:00,2023-07-17 23:00:00+00:00,0.6320277974685539,-0.0009763142906332338,gradient_boosting_full,-0.4883111932962515
2023-07-17 23:00:00+00:00,2023-07-18 23:00:00+00:00,-0.07861991957261855,-0.0013946067059967175,gradient_boosting_full,0.13889955280166352
2023-07-18 23:00:00+00:00,2023-07-19 23:00:00+00:00,0.3659666449678321,0.0017061373790585826,gradient_boosting_full,-0.04961081297374093
2023-07-19 23:00:00+00:00,2023-07-20 23:00:00+00:00,-0.5004287874759809,-0.006686301145567348,gradient_boosting_full,-1.2735463749836367
2023-07-20 23:00:00+00:00,2023-07-21 23:00:00+00:00,0.982666070842994,0.005137589121756495,gradient_boosting_full,-1.2031343326451274
2023-07-21 23:00:00+00:00,2023-07-24 23:00:00+00:00,0.04777434862220098,0.007864484405030658,gradient_boosting_full,-1.8071506924242298
2023-07-24 23:00:00+00:00,2023-07-25 23:00:00+00:00,-0.4937859535205661,0.0026144443118582563,gradient_boosting_full,-0.7140913438031902
2023-07-25 23:00:00+00:00,2023-07-26 23:00:00+00:00,0.9608576009407895,0.01134488793452025,gradient_boosting_full,0.2738875291405088
2023-07-26 23:00:00+00:00,2023-07-27 23:00:00+00:00,-2.4919501340902794,-0.017790880183693025,gradient_boosting_full,0.09180122169720001
2023-07-27 23:00:00+00:00,2023-07-28 23:00:00+00:00,-0.6313881735852909,-0.023139792864366703,gradient_boosting_full,0.9960731379281038
2023-07-28 23:00:00+00:00,2023-07-31 23:00:00+00:00,1.7303245205268378,-0.0018770695285891745,gradient_boosting_full,-0.5488109843595719
2023-07-31 23:00:00+00:00,2023-08-01 23:00:00+00:00,-0.7440712500913771,-0.009975511393071373,gradient_boosting_full,0.0535251926016779
2023-08-01 23:00:00+00:00,2023-08-02 23:00:00+00:00,-1.0307817190635498,-0.02099263003378495,gradient_boosting_full,-0.07340323009589553
2023-08-02 23:00:00+00:00,2023-08-03 23:00:00+00:00,1.5134555770834617,-0.004598800003617887,gradient_boosting_full,0.026136098299310177
2023-08-03 23:00:00+00:00,2023-08-04 23:00:00+00:00,1.4604470438684818,0.009590556853158815,gradient_boosting_full,-0.20571781647234288
2023-08-04 23:00:00+00:00,2023-08-07 23:00:00+00:00,-1.4060338933717675,-0.006018085384303692,gradient_boosting_full,0.1650752487529699
2023-08-07 23:00:00+00:00,2023-08-08 23:00:00+00:00,1.199281569830319,0.007286770357886426,gradient_boosting_full,-0.28953350561021174
2023-08-08 23:00:00+00:00,2023-08-09 23:00:00+00:00,-1.1214716944878278,-0.0055905531829725215,gradient_boosting_full,-0.3677526229628629
2023-08-09 23:00:00+00:00,2023-08-10 23:00:00+00:00,-0.2829055480734056,-0.011558806279905137,gradient_boosting_full,-0.5348901022032645
2023-08-10 23:00:00+00:00,2023-08-11 23:00:00+00:00,0.5212413756101026,-0.0024651033082681503,gradient_boosting_full,0.4622586095536713
2023-08-11 23:00:00+00:00,2023-08-14 23:00:00+00:00,-0.7474193430053082,-0.010027039397738175,gradient_boosting_full,-0.7810399273588514
2023-08-14 23:00:00+00:00,2023-08-15 23:00:00+00:00,-1.1173707549767358,-0.021495004152898897,gradient_boosting_full,-0.008456911892868535
2023-08-15 23:00:00+00:00,2023-08-16 23:00:00+00:00,2.68741177906527,0.006852411865921548,gradient_boosting_full,-0.056001433593381264
2023-08-16 23:00:00+00:00,2023-08-17 23:00:00+00:00,-2.9924681493638876,-0.026520481036997917,gradient_boosting_full,0.21181817206860226
2023-08-17 23:00:00+00:00,2023-08-18 23:00:00+00:00,2.688704944298233,0.0021324821669317933,gradient_boosting_full,0.0965555493899719
2023-08-18 23:00:00+00:00,2023-08-21 23:00:00+00:00,-0.46523541655618017,-0.0022472994900108443,gradient_boosting_full,0.8878815883305657
2023-08-21 23:00:00+00:00,2023-08-22 23:00:00+00:00,1.1510294112268233,0.011859321333414947,gradient_boosting_full,-1.1380814320089008
2023-08-22 23:00:00+00:00,2023-08-23 23:00:00+00:00,0.7383088141273548,0.01856042131912121,gradient_boosting_full,-0.5670878084338143
2023-08-23 23:00:00+00:00,2023-08-24 23:00:00+00:00,-0.2989271598424932,0.016968570817714017,gradient_boosting_full,0.939117136332032
2023-08-24 23:00:00+00:00,2023-08-25 23:00:00+00:00,-0.9987156112852262,0.0034790057202582236,gradient_boosting_full,-0.12828976071037834
2023-08-25 23:00:00+00:00,2023-08-28 23:00:00+00:00,-0.2579281785137518,0.0023759335401294453,gradient_boosting_full,-0.23915904942171462
2023-08-28 23:00:00+00:00,2023-08-29 23:00:00+00:00,1.1497724490971337,0.01355838278318239,gradient_boosting_full,-0.1607733232943656
2023-08-29 23:00:00+00:00,2023-08-30 23:00:00+00:00,-10.508651422573223,-0.10186491757201528,gradient_boosting_full,0.1527757068356821
2023-08-30 23:00:00+00:00,2023-08-31 23:00:00+00:00,9.728880347095762,0.006334096891097615,gradient_boosting_full,-0.18645465065461309
2023-08-31 23:00:00+00:00,2023-09-01 23:00:00+00:00,0.01585294768222678,0.009855941643447596,gradient_boosting_full,0.2438363134222381
2023-09-01 23:00:00+00:00,2023-09-04 23:00:00+00:00,-2.237706587314992,-0.018329735286361122,gradient_boosting_full,2.468069003524049
2023-09-04 23:00:00+00:00,2023-09-05 23:00:00+00:00,-1.6351716011328312,-0.03728243299099594,gradient_boosting_full,0.6105045549285216
2023-09-05 23:00:00+00:00,2023-09-06 23:00:00+00:00,2.551966672234518,-0.009759753851797785,gradient_boosting_full,0.11845828267975925
2023-09-06 23:00:00+00:00,2023-09-07 23:00:00+00:00,0.2184437232922386,-0.009192240353067605,gradient_boosting_full,0.2942447889302485
2023-09-07 23:00:00+00:00,2023-09-08 23:00:00+00:00,1.2962344159171284,0.006670048131453967,gradient_boosting_full,0.3596519275346797
2023-09-08 23:00:00+00:00,2023-09-11 23:00:00+00:00,-1.541323732055778,-0.0077431959288096035,gradient_boosting_full,0.7624487222605739
2023-09-11 23:00:00+00:00,2023-09-12 23:00:00+00:00,-0.365416124916475,-0.012954517792704425,gradient_boosting_full,1.211930555257895
2023-09-12 23:00:00+00:00,2023-09-13 23:00:00+00:00,2.4547311496497053,0.017635412783872085,gradient_boosting_full,-0.0791672512360474
2023-09-13 23:00:00+00:00,2023-09-14 23:00:00+00:00,1.970261767408183,0.03652905279407096,gradient_boosting_full,0.037055981274655106
2023-09-14 23:00:00+00:00,2023-09-15 23:00:00+00:00,-3.9721292796520933,-0.00866683982475663,gradient_boosting_full,0.09627458717686242
2023-09-15 23:00:00+00:00,2023-09-18 23:00:00+00:00,0.541505169212682,-0.0011269234641432023,gradient_boosting_full,0.1670684068345238
2023-09-18 23:00:00+00:00,2023-09-19 23:00:00+00:00,0.35138037944238637,0.001764869031644281,gradient_boosting_full,0.5053911082840725
2023-09-19 23:00:00+00:00,2023-09-20 23:00:00+00:00,1.2989761502071695,0.015963592822706013,gradient_boosting_full,0.1295886924652244
2023-09-20 23:00:00+00:00,2023-09-21 23:00:00+00:00,-3.539601464491641,-0.02083231251287865,gradient_boosting_full,-0.0001798509413438766
2023-09-21 23:00:00+00:00,2023-09-22 23:00:00+00:00,1.2180566296987574,-0.008855094659395478,gradient_boosting_full,-0.04265428962806426
2023-09-22 23:00:00+00:00,2023-09-25 23:00:00+00:00,-1.8610371194461468,-0.027921230823582128,gradient_boosting_full,0.8270188670256985
2023-09-25 23:00:00+00:00,2023-09-26 23:00:00+00:00,1.8457479189791912,-0.012600718380372166,gradient_boosting_full,0.1873695303133034
2023-09-26 23:00:00+00:00,2023-09-27 23:00:00+00:00,0.2641577144214037,-0.0035478699695188024,gradient_boosting_full,0.16932123385190603
2023-09-27 23:00:00+00:00,2023-09-28 23:00:00+00:00,0.3303043316426424,-0.0010190630814550239,gradient_boosting_full,-0.2152281443586785
2023-09-28 23:00:00+00:00,2023-09-29 23:00:00+00:00,1.3034320036358529,0.012453968866808905,gradient_boosting_full,-0.07525427881237806
2023-09-29 23:00:00+00:00,2023-10-02 23:00:00+00:00,-4.927931457980027,-0.04076138826857029,gradient_boosting_full,0.025155740270353437
2023-10-02 23:00:00+00:00,2023-10-03 23:00:00+00:00,-1.7962779543084562,-0.06069804572202125,gradient_boosting_full,0.04587849992341674
2023-10-03 23:00:00+00:00,2023-10-04 23:00:00+00:00,5.838060956438902,9.821875184268877e-05,gradient_boosting_full,0.0645447071951124
2023-10-04 23:00:00+00:00,2023-10-05 23:00:00+00:00,0.729939972303883,0.007869733406515263,gradient_boosting_full,-1.135281882836152
2023-10-05 23:00:00+00:00,2023-10-06 23:00:00+00:00,-1.2934050388992862,-0.003945322909809144,gradient_boosting_full,2.7957837553498375
2023-10-06 23:00:00+00:00,2023-10-09 23:00:00+00:00,1.7934941497625003,0.015937763216708013,gradient_boosting_full,0.32120514728412886
2023-10-09 23:00:00+00:00,2023-10-10 23:00:00+00:00,3.0233066556118295,0.04900592881345823,gradient_boosting_full,0.31993092254501265
2023-10-10 23:00:00+00:00,2023-10-11 23:00:00+00:00,-3.524387283894635,0.008992888684578872,gradient_boosting_full,-0.6038012293210813
2023-10-11 23:00:00+00:00,2023-10-12 23:00:00+00:00,-2.3610750731700505,-0.01487473038284883,gradient_boosting_full,-1.9416102773120665
2023-10-12 23:00:00+00:00,2023-10-13 23:00:00+00:00,-1.5270835936471352,-0.032763268700496714,gradient_boosting_full,0.4150695593096729
2023-10-13 23:00:00+00:00,2023-10-16 23:00:00+00:00,2.328332363701813,-0.0075863467691355,gradient_boosting_full,0.49097548976236755
2023-10-16 23:00:00+00:00,2023-10-17 23:00:00+00:00,1.28314550919643,0.007347491274735465,gradient_boosting_full,0.126336182957
2023-10-17 23:00:00+00:00,2023-10-18 23:00:00+00:00,-1.9736713172406959,-0.015209111569514292,gradient_boosting_full,0.07626544851724168
2023-10-18 23:00:00+00:00,2023-10-19 23:00:00+00:00,1.3128691761508187,-0.0007521382505950158,gradient_boosting_full,0.16069655609382408
2023-10-19 23:00:00+00:00,2023-10-20 23:00:00+00:00,-0.33228985612542794,-0.0019445450690208442,gradient_boosting_full,0.47631367326000257
2023-10-20 23:00:00+00:00,2023-10-23 23:00:00+00:00,-0.4074090679931937,-0.008636817200200316,gradient_boosting_full,0.02161271138907711
2023-10-23 23:00:00+00:00,2023-10-24 23:00:00+00:00,4.169378403504558,0.039580998031844096,gradient_boosting_full,-0.055263779572532215
2023-10-24 23:00:00+00:00,2023-10-25 23:00:00+00:00,-3.454552164665807,-0.0032717845803528155,gradient_boosting_full,-0.4361503912398799
2023-10-25 23:00:00+00:00,2023-10-26 23:00:00+00:00,0.9259822522220476,0.014009623714062888,gradient_boosting_full,-0.2324363749039142
2023-10-26 23:00:00+00:00,2023-10-27 23:00:00+00:00,-0.5308551428354265,0.0029668122539084057,gradient_boosting_full,0.39586157074109474
2023-10-27 23:00:00+00:00,2023-10-30 23:00:00+00:00,-1.6062733689252375,-0.015444026106954025,gradient_boosting_full,0.04596024134157908
2023-10-30 23:00:00+00:00,2023-10-31 23:00:00+00:00,3.1186332686611653,0.020163926756527496,gradient_boosting_full,1.0102664658621656
2023-10-31 23:00:00+00:00,2023-11-01 23:00:00+00:00,-8.668846514557941,-0.07594134981310705,gradient_boosting_full,-0.7496649893621905
2023-11-01 23:00:00+00:00,2023-11-02 23:00:00+00:00,10.43398305696287,0.0398845142566886,gradient_boosting_full,-0.3644329882235387
2023-11-02 23:00:00+00:00,2023-11-03 23:00:00+00:00,-1.0387665741117575,0.02941826069014449,gradient_boosting_full,-3.110564713572992
2023-11-03 23:00:00+00:00,2023-11-06 23:00:00+00:00,-3.521027281322895,-0.008546216232655588,gradient_boosting_full,-0.6482679932762418
2023-11-06 23:00:00+00:00,2023-11-07 23:00:00+00:00,-0.6766583578977743,-0.018332384931272882,gradient_boosting_full,-1.9346316559040224
2023-11-07 23:00:00+00:00,2023-11-08 23:00:00+00:00,1.9746474546029305,0.009239790083787423,gradient_boosting_full,-0.8807690328283864
2023-11-08 23:00:00+00:00,2023-11-09 23:00:00+00:00,0.9677586886333002,0.011870690479815458,gradient_boosting_full,-1.1965084220431508
2023-11-09 23:00:00+00:00,2023-11-10 23:00:00+00:00,-0.9387279066471004,0.003938112827737752,gradient_boosting_full,-5.1435654949401215
2023-11-10 23:00:00+00:00,2023-11-13 23:00:00+00:00,-0.2450882969121168,0.001346797930668141,gradient_boosting_full,-1.969726126701968
2023-11-13 23:00:00+00:00,2023-11-14 23:00:00+00:00,3.5019600338526997,0.04006248511339531,gradient_boosting_full,-1.2353815675388606
2023-11-14 23:00:00+00:00,2023-11-15 23:00:00+00:00,-3.7984358761844392,-0.000549242031755819,gradient_boosting_full,-1.357259462581753
2023-11-15 23:00:00+00:00,2023-11-16 23:00:00+00:00,0.4418126055210414,0.0007055399752230563,gradient_boosting_full,-1.5532081482716253
2023-11-16 23:00:00+00:00,2023-11-17 23:00:00+00:00,0.8107498807806336,0.012945951501180882,gradient_boosting_full,-0.8048185894404492
2023-11-17 23:00:00+00:00,2023-11-20 23:00:00+00:00,-0.13513690206897655,0.011001891979972454,gradient_boosting_full,-2.0778592264095423
2023-11-20 23:00:00+00:00,2023-11-21 23:00:00+00:00,-2.9486698232871014,-0.02148144833549965,gradient_boosting_full,-1.142137938056497
2023-11-21 23:00:00+00:00,2023-11-22 23:00:00+00:00,2.2057902226640964,0.0016403986015597878,gradient_boosting_full,-0.0872955300285982
2023-11-22 23:00:00+00:00,2023-11-23 23:00:00+00:00,-0.3200670068812753,-0.002473649680771024,gradient_boosting_full,0.7373939247262696
2023-11-23 23:00:00+00:00,2023-11-24 23:00:00+00:00,-1.0911501853986725,-0.01364694296436111,gradient_boosting_full,0.07252038753396013
2023-11-24 23:00:00+00:00,2023-11-27 23:00:00+00:00,2.869693264546754,0.019220544047317642,gradient_boosting_full,-3.37237599826616
2023-11-27 23:00:00+00:00,2023-11-28 23:00:00+00:00,-1.9624109277795003,-0.004081050137681327,gradient_boosting_full,-0.14458933084432588
2023-11-28 23:00:00+00:00,2023-11-29 23:00:00+00:00,2.298896302510195,0.024180628118675246,gradient_boosting_full,-0.3915565964053381
2023-11-29 23:00:00+00:00,2023-11-30 23:00:00+00:00,-0.1872060498534749,0.021665524861888746,gradient_boosting_full,0.164871295652235
2023-11-30 23:00:00+00:00,2023-12-01 23:00:00+00:00,-1.4749600398704092,0.0029949598848803705,gradient_boosting_full,-0.22272413529845597
2023-12-01 23:00:00+00:00,2023-12-04 23:00:00+00:00,-0.04568284762981445,0.0022596106357090358,gradient_boosting_full,-0.2653367803223588
2023-12-04 23:00:00+00:00,2023-12-05 23:00:00+00:00,1.6646983830525,0.021838944046754103,gradient_boosting_full,0.11095276166970788
2023-12-05 23:00:00+00:00,2023-12-06 23:00:00+00:00,-0.3764328381990212,0.017081430542849982,gradient_boosting_full,0.05122281622712925
2023-12-06 23:00:00+00:00,2023-12-07 23:00:00+00:00,-1.7857477017509533,-0.003850671215287862,gradient_boosting_full,-0.11147544388216718
2023-12-07 23:00:00+00:00,2023-12-08 23:00:00+00:00,-0.32048218388577204,-0.005626619292248749,gradient_boosting_full,-0.020484080866217374
2023-12-08 23:00:00+00:00,2023-12-11 23:00:00+00:00,-1.0888045459210245,-0.017312230689619394,gradient_boosting_full,0.08490009509924952
2023-12-11 23:00:00+00:00,2023-12-12 23:00:00+00:00,0.30972786463947277,-0.014627172901116777,gradient_boosting_full,0.12834993148583132
2023-12-12 23:00:00+00:00,2023-12-13 23:00:00+00:00,2.665662398672165,0.014663657044643445,gradient_boosting_full,0.00872885159808303
2023-12-13 23:00:00+00:00,2023-12-14 23:00:00+00:00,2.901565324318237,0.04881015075253094,gradient_boosting_full,0.14355860087428798
2023-12-14 23:00:00+00:00,2023-12-15 23:00:00+00:00,-3.636785627739769,0.007703198349635079,gradient_boosting_full,0.027454422865959675
2023-12-15 23:00:00+00:00,2023-12-18 23:00:00+00:00,-2.3200458717927193,-0.017950689580301524,gradient_boosting_full,-1.7848051465328203
2023-12-18 23:00:00+00:00,2023-12-19 23:00:00+00:00,2.101063302631097,0.0035731253184379244,gradient_boosting_full,0.6065585079694835
2023-12-19 23:00:00+00:00,2023-12-20 23:00:00+00:00,0.6439700378113881,0.013633710135809182,gradient_boosting_full,0.24018950104048006
2023-12-20 23:00:00+00:00,2023-12-21 23:00:00+00:00,-0.7227275793950543,0.003869228719287048,gradient_boosting_full,0.05239948809789406
2023-12-21 23:00:00+00:00,2023-12-22 23:00:00+00:00,0.3169563894494805,0.006905335813139505,gradient_boosting_full,-3.6488092170065314
2023-12-22 23:00:00+00:00,2023-12-27 23:00:00+00:00,0.6897441702391572,0.017613717422371656,gradient_boosting_full,2.5959902868053315
2023-12-27 23:00:00+00:00,2023-12-28 23:00:00+00:00,-0.9772893951861185,0.005572773609207698,gradient_boosting_full,0.16767901443697253
2023-12-28 23:00:00+00:00,2023-12-29 23:00:00+00:00,-0.41338940721020323,-0.0009736218675632683,gradient_boosting_full,0.11379821137130988
