model,target_time,n_names,ic,rankic,directional_accuracy,gross_return,net_return,turnover,gross_exposure,net_exposure,max_group_net_exposure
lagged_return_reversal,2023-01-02 23:00:00+00:00,70,-0.2692634922548058,-0.12562440403248645,0.44285714285714284,-0.005062752750048903,-0.0060627527500489034,1.0,1.0,0.0,
lagged_return_reversal,2023-01-03 23:00:00+00:00,70,-0.10238027316502273,-0.06356454872562999,0.44285714285714284,-0.007410063112267534,-0.007552920255124677,0.14285714285714285,1.0,0.0,
lagged_return_reversal,2023-01-04 23:00:00+00:00,70,0.04282745562452976,-0.08270492520339427,0.5285714285714286,0.0014822192616979805,0.0011250764045551234,0.3571428571428571,1.0,0.0,
lagged_return_reversal,2023-01-05 23:00:00+00:00,70,-0.024502339833432207,-0.180264193858805,0.4,-0.008747187770117758,-0.009032902055832043,0.2857142857142857,1.0,0.0,
lagged_return_reversal,2023-01-06 23:00:00+00:00,70,-0.06473024840511526,-0.1183973405651299,0.5,-0.00932900856974003,-0.009900437141168601,0.5714285714285714,1.0,0.0,
lagged_return_reversal,2023-01-09 23:00:00+00:00,70,-0.08515523823502512,-0.06874289213542122,0.5,-0.013491799137486922,-0.014206084851772636,0.7142857142857142,1.0,0.0,
lagged_return_reversal,2023-01-10 23:00:00+00:00,70,-0.16539242484127328,-0.30795206018721016,0.35714285714285715,-0.00992040511273051,-0.010634690827016223,0.7142857142857142,1.0,0.0,
lagged_return_reversal,2023-01-11 23:00:00+00:00,70,-0.0030650114819776204,0.027836584725745777,0.5142857142857142,0.006628952438295459,0.006200381009724031,0.42857142857142855,1.0,0.0,
lagged_return_reversal,2023-01-12 23:00:00+00:00,70,0.106481217915319,0.09274779109439243,0.6,0.009489537655781866,0.00920382337006758,0.2857142857142857,1.0,0.0,
lagged_return_reversal,2023-01-13 23:00:00+00:00,70,0.03363256776892849,0.04956696701950836,0.6285714285714286,0.0030337362855349746,0.0024623077141064033,0.5714285714285714,1.0,0.0,
lagged_return_reversal,2023-01-16 23:00:00+00:00,70,-0.010602169579722194,-0.012229901146006472,0.5428571428571428,0.013874001248148934,0.013588286962434649,0.2857142857142857,1.0,0.0,
lagged_return_reversal,2023-01-17 23:00:00+00:00,70,-0.15638110553511247,-0.14898084157116612,0.5,-0.0025324432710818064,-0.0031038718425103777,0.5714285714285714,1.0,0.0,
lagged_return_reversal,2023-01-18 23:00:00+00:00,70,0.01688100888528092,-0.012264893710086607,0.5571428571428572,0.004094392123569504,0.003522963552140933,0.5714285714285714,1.0,0.0,
lagged_return_reversal,2023-01-19 23:00:00+00:00,70,0.13055514600634308,0.10223077596010846,0.5,0.00743584324943296,0.006864414678004388,0.5714285714285714,1.0,0.0,
lagged_return_reversal,2023-01-20 23:00:00+00:00,70,0.29717584690937165,0.13725953337532817,0.44285714285714284,0.01604061747613388,0.01568347461899102,0.3571428571428571,1.0,0.0,
lagged_return_reversal,2023-01-23 23:00:00+00:00,70,0.09417525518575313,0.11895722159041203,0.5428571428571428,0.003736391573093807,0.003164963001665236,0.5714285714285714,1.0,0.0,
lagged_return_reversal,2023-01-24 23:00:00+00:00,70,0.14299924523836932,0.17935438719272154,0.6714285714285714,0.009064378025071625,0.008564378025071625,0.5,1.0,0.0,
lagged_return_reversal,2023-01-25 23:00:00+00:00,70,0.0857456698791655,0.2232350625492083,0.5714285714285714,0.008170368489825686,0.0076703684898256855,0.5,1.0,0.0,
lagged_return_reversal,2023-01-26 23:00:00+00:00,70,0.04186191271442518,0.1579739305397603,0.5,2.8556531556717834e-05,-0.0006857291827289964,0.7142857142857142,1.0,0.0,
lagged_return_reversal,2023-01-27 23:00:00+00:00,70,-0.02817073644963809,0.11731257107864579,0.4857142857142857,-0.006206368794956859,-0.006634940223528288,0.42857142857142855,1.0,0.0,
lagged_return_reversal,2023-01-30 23:00:00+00:00,70,-0.07797728630483723,-0.05537573265681042,0.45714285714285713,-0.012184167858893492,-0.012684167858893492,0.5,1.0,0.0,
lagged_return_reversal,2023-01-31 23:00:00+00:00,70,-0.30428899896072975,-0.0941824862216779,0.4857142857142857,-0.010550530513677518,-0.01112195908510609,0.5714285714285714,1.0,0.0,
lagged_return_reversal,2023-02-01 23:00:00+00:00,70,0.09160537489784404,0.1836584725745779,0.5714285714285714,0.005200392997498742,0.004843250140355885,0.3571428571428571,1.0,0.0,
lagged_return_reversal,2023-02-02 23:00:00+00:00,70,-0.009722590246265577,0.01100516140320182,0.4714285714285714,0.0013192191949022811,0.0007477906234737097,0.5714285714285714,1.0,0.0,
lagged_return_reversal,2023-02-03 23:00:00+00:00,70,-0.03403911929108458,-0.028396465751027902,0.5,-0.002989370043052536,-0.0036322271859096787,0.6428571428571428,1.0,0.0,
lagged_return_reversal,2023-02-06 23:00:00+00:00,70,-0.2361900512986358,-0.1833435394978567,0.38571428571428573,-0.02665182601289985,-0.027366111727185567,0.7142857142857142,1.0,0.0,
lagged_return_reversal,2023-02-07 23:00:00+00:00,70,-0.08585856878506254,-0.07042253521126761,0.5,-0.00706380969318756,-0.007920952550330417,0.8571428571428571,1.0,0.0,
lagged_return_reversal,2023-02-08 23:00:00+00:00,70,-0.08674872306780462,-0.11482809902895635,0.4142857142857143,-0.0017824831690920145,-0.0022824831690920148,0.5,1.0,0.0,
lagged_return_reversal,2023-02-09 23:00:00+00:00,70,0.29007889695205286,0.34091505555069546,0.5857142857142857,0.025143618663424124,0.024643618663424124,0.5,1.0,0.0,
lagged_return_reversal,2023-02-10 23:00:00+00:00,70,0.2843922894149814,0.31131134633890295,0.5571428571428572,0.03049874028448898,0.030141597427346123,0.3571428571428571,1.0,0.0,
lagged_return_reversal,2023-02-13 23:00:00+00:00,70,0.23346826914919186,0.27260957046627593,0.6,0.013215037198958335,0.012572180056101192,0.6428571428571428,1.0,0.0,
lagged_return_reversal,2023-02-14 23:00:00+00:00,70,0.14887604583735645,0.06947773598110402,0.5714285714285714,0.0026606465106660568,0.0020892179392374855,0.5714285714285714,1.0,0.0,
lagged_return_reversal,2023-02-15 23:00:00+00:00,70,0.2126706176430799,0.2499693815064299,0.5714285714285714,0.013292906327643047,0.012507192041928761,0.7857142857142857,1.0,0.0,
lagged_return_reversal,2023-02-16 23:00:00+00:00,70,0.0173925084796462,-0.13554369696439506,0.5,-0.00911799230258826,-0.010046563731159688,0.9285714285714285,1.0,0.0,
lagged_return_reversal,2023-02-17 23:00:00+00:00,70,0.18422359911339312,0.08004549033330416,0.5428571428571428,0.004703429103813507,0.00434628624667065,0.3571428571428571,1.0,0.0,
lagged_return_reversal,2023-02-20 23:00:00+00:00,70,0.048991056055927414,0.024512291138133146,0.45714285714285713,0.0052607985883926815,0.004903655731249824,0.3571428571428571,1.0,0.0,
lagged_return_reversal,2023-02-21 23:00:00+00:00,70,0.05451502095526672,0.02500218703525501,0.5142857142857142,0.003666508799308314,0.003309365942165457,0.3571428571428571,1.0,0.0,
lagged_return_reversal,2023-02-22 23:00:00+00:00,70,-0.05272076129554915,-0.12203656722946374,0.44285714285714284,-0.0024697857643727426,-0.0026840714786584567,0.21428571428571427,1.0,0.0,
lagged_return_reversal,2023-02-23 23:00:00+00:00,70,0.023059883586003707,-0.04715248009797918,0.4142857142857143,-0.006601741851672426,-0.0068874561373867115,0.2857142857142857,1.0,0.0,
lagged_return_reversal,2023-02-24 23:00:00+00:00,70,-0.17185421235434725,-0.17704487796343274,0.37142857142857144,-0.003103237458167171,-0.003674666029595742,0.5714285714285714,1.0,0.0,
lagged_return_reversal,2023-02-27 23:00:00+00:00,70,-0.13891514618186748,-0.19223165077421048,0.5285714285714286,-0.0149335511696844,-0.015576408312541543,0.6428571428571428,1.0,0.0,
lagged_return_reversal,2023-02-28 23:00:00+00:00,70,-0.011953599040367363,-0.00572128422710174,0.4857142857142857,-0.011718209596869358,-0.012146781025440787,0.42857142857142855,1.0,0.0,
lagged_return_reversal,2023-03-01 23:00:00+00:00,70,-0.21186551651401309,0.004916455253258683,0.5857142857142857,-0.0034013062085468788,-0.00397273477997545,0.5714285714285714,1.0,0.0,
lagged_return_reversal,2023-03-02 23:00:00+00:00,70,0.02697916450379324,-0.11671769748928353,0.4857142857142857,-0.0016174295014470784,-0.0021888580728756496,0.5714285714285714,1.0,0.0,
lagged_return_reversal,2023-03-03 23:00:00+00:00,70,0.24217281269726976,0.1494007523401277,0.5428571428571428,0.004947027549734821,0.004447027549734821,0.5,1.0,0.0,
lagged_return_reversal,2023-03-06 23:00:00+00:00,70,0.5112862578542999,0.25357361560668357,0.5857142857142857,0.01159175827605306,0.011091758276053059,0.5,1.0,0.0,
lagged_return_reversal,2023-03-07 23:00:00+00:00,70,0.5308035143069263,0.13214941824862217,0.4714285714285714,0.013298032690606464,0.012798032690606463,0.5,1.0,0.0,
lagged_return_reversal,2023-03-08 23:00:00+00:00,70,0.18595930813199785,0.1376082582451229,0.6,0.0090185924099912,0.008090020981419772,0.9285714285714285,1.0,0.0,
lagged_return_reversal,2023-03-09 23:00:00+00:00,70,0.0020462632985921506,-0.025107164727495405,0.4714285714285714,0.0012822783178955215,0.0007108497464669502,0.5714285714285714,1.0,0.0,
lagged_return_reversal,2023-03-10 23:00:00+00:00,70,0.3070621394891181,0.3498381593911294,0.6571428571428571,0.023398655621738543,0.0227557984788814,0.6428571428571428,1.0,0.0,
lagged_return_reversal,2023-03-13 23:00:00+00:00,70,0.29307259315345074,0.35281252733794066,0.6,0.031087830641358536,0.030444973498501393,0.6428571428571428,1.0,0.0,
lagged_return_reversal,2023-03-14 23:00:00+00:00,70,0.09971199301125531,0.055060799580089234,0.5428571428571428,0.009066871904257095,0.008352586189971381,0.7142857142857142,1.0,0.0,
lagged_return_reversal,2023-03-15 23:00:00+00:00,70,0.07761391353150589,0.06716822675181525,0.5142857142857142,0.010982123408246482,0.01041069483681791,0.5714285714285714,1.0,0.0,
lagged_return_reversal,2023-03-16 23:00:00+00:00,70,0.1769375076916835,0.19832035692415362,0.6,0.01192899346991187,0.011643279184197585,0.2857142857142857,1.0,0.0,
lagged_return_reversal,2023-03-17 23:00:00+00:00,70,0.03272085867932249,-0.06786807803341789,0.4857142857142857,0.009805909524106591,0.00930590952410659,0.5,1.0,0.0,
lagged_return_reversal,2023-03-20 23:00:00+00:00,70,-0.1919038505497231,-0.23075846382643686,0.4857142857142857,-0.010310638633527106,-0.01102492434781282,0.7142857142857142,1.0,0.0,
lagged_return_reversal,2023-03-21 23:00:00+00:00,70,-0.0648347005449719,-0.13820313183448515,0.45714285714285713,-0.012132504917901065,-0.012703933489329636,0.5714285714285714,1.0,0.0,
lagged_return_reversal,2023-03-22 23:00:00+00:00,70,-0.005598834676612683,-0.0067360685854255965,0.45714285714285713,-0.004105758195681242,-0.004820043909966956,0.7142857142857142,1.0,0.0,
lagged_return_reversal,2023-03-23 23:00:00+00:00,70,0.09937653645955076,0.019018458577552272,0.44285714285714284,0.0020521937841949324,0.0018379080699092182,0.21428571428571427,1.0,0.0,
lagged_return_reversal,2023-03-24 23:00:00+00:00,70,-0.08876710387996001,-0.19121686641588662,0.4714285714285714,-0.011398523240650032,-0.012041380383507175,0.6428571428571428,1.0,0.0,
lagged_return_reversal,2023-03-27 23:00:00+00:00,70,-0.14232776240316122,-0.1082145044178112,0.44285714285714284,-0.003874595431336324,-0.004231738288479181,0.3571428571428571,1.0,0.0,
lagged_return_reversal,2023-03-28 23:00:00+00:00,70,-0.4020332985938738,-0.33269180299186424,0.35714285714285715,-0.028291983243556033,-0.029077697529270318,0.7857142857142857,1.0,0.0,
lagged_return_reversal,2023-03-29 23:00:00+00:00,70,-0.5053961471307686,-0.39949260782083806,0.37142857142857144,-0.025017734074511844,-0.025517734074511845,0.5,1.0,0.0,
lagged_return_reversal,2023-03-30 23:00:00+00:00,70,-0.2484361211253286,-0.2568369116054747,0.4142857142857143,-0.013843059092227796,-0.014200201949370654,0.3571428571428571,1.0,0.0,
lagged_return_reversal,2023-03-31 23:00:00+00:00,70,0.23863093744454242,0.3043828186510366,0.5857142857142857,0.0018044535602852955,0.0013044535602852955,0.5,1.0,0.0,
lagged_return_reversal,2023-04-03 23:00:00+00:00,70,0.30930766195844583,0.28023794943574487,0.6,0.007108825429445032,0.006751682572302175,0.3571428571428571,1.0,0.0,
lagged_return_reversal,2023-04-04 23:00:00+00:00,70,0.27146663820033384,0.30574752865016186,0.5714285714285714,0.008978120266322184,0.008692405980607899,0.2857142857142857,1.0,0.0,
lagged_return_reversal,2023-04-05 23:00:00+00:00,70,0.17485676421645013,0.24017146356399266,0.5285714285714286,0.0037229923148660955,0.0034372780291518096,0.2857142857142857,1.0,0.0,
lagged_return_reversal,2023-04-06 23:00:00+00:00,70,0.26416001095288427,0.3695039804041641,0.4857142857142857,0.020351027529796915,0.019208170386939772,1.1428571428571428,1.0,0.0,
lagged_return_reversal,2023-04-11 23:00:00+00:00,70,0.16083145236059604,0.20615869127810343,0.45714285714285713,0.013365194577079985,0.012722337434222842,0.6428571428571428,1.0,0.0,
lagged_return_reversal,2023-04-12 23:00:00+00:00,70,0.05086756371236746,0.03721459189922142,0.44285714285714284,0.005801894342167053,0.005016180056452767,0.7857142857142857,1.0,0.0,
lagged_return_reversal,2023-04-13 23:00:00+00:00,70,-0.3757737183157599,-0.41607908319482106,0.3,-0.02137057542622753,-0.0219420039976561,0.5714285714285714,1.0,0.0,
lagged_return_reversal,2023-04-14 23:00:00+00:00,70,0.1719574585177639,0.2849269530224827,0.6,0.009708464430317393,0.009137035858888821,0.5714285714285714,1.0,0.0,
lagged_return_reversal,2023-04-17 23:00:00+00:00,70,0.3066161497673996,0.3214591899221415,0.6285714285714286,0.014062380231408614,0.013776665945694329,0.2857142857142857,1.0,0.0,
lagged_return_reversal,2023-04-18 23:00:00+00:00,70,0.12301409345272045,0.16644213104715247,0.5857142857142857,0.007916438092420356,0.007416438092420355,0.5,1.0,0.0,
lagged_return_reversal,2023-04-19 23:00:00+00:00,70,0.16504392457417455,0.135788644912956,0.5,0.0034501107395325534,0.0031643964538182676,0.2857142857142857,1.0,0.0,
lagged_return_reversal,2023-04-20 23:00:00+00:00,70,0.18354535404715094,0.15213017233837808,0.5285714285714286,0.01167966661356481,0.011036809470707667,0.6428571428571428,1.0,0.0,
lagged_return_reversal,2023-04-21 23:00:00+00:00,70,0.2859216663148016,0.3126060712098679,0.5857142857142857,0.018323751875017554,0.01760946616073184,0.7142857142857142,1.0,0.0,
lagged_return_reversal,2023-04-24 23:00:00+00:00,70,0.17399896195045178,0.09047327442918379,0.44285714285714284,0.014398047563998586,0.013969476135427157,0.42857142857142855,1.0,0.0,
lagged_return_reversal,2023-04-25 23:00:00+00:00,70,0.043400604414078406,0.051176624967194474,0.5571428571428572,0.0027312876872237248,0.0020170019729380106,0.7142857142857142,1.0,0.0,
lagged_return_reversal,2023-04-26 23:00:00+00:00,70,-0.08910678400797441,-0.09432245647799843,0.4,-0.0004739930019284896,-0.0012597072876427754,0.7857142857142857,1.0,0.0,
lagged_return_reversal,2023-04-27 23:00:00+00:00,70,0.13098015953222225,0.06674831598285363,0.5,0.008903592584414057,0.008689306870128343,0.21428571428571427,1.0,0.0,
lagged_return_reversal,2023-04-28 23:00:00+00:00,70,0.18077424655346827,0.13358411337590761,0.4857142857142857,0.010986932600319074,0.010486932600319073,0.5,1.0,0.0,
lagged_return_reversal,2023-05-01 23:00:00+00:00,70,0.13555881037430612,0.023112588574927824,0.5285714285714286,0.010417444571841546,0.009846016000412974,0.5714285714285714,1.0,0.0,
lagged_return_reversal,2023-05-02 23:00:00+00:00,70,0.14580292728838265,0.054431409602376794,0.5142857142857142,0.008153874432809113,0.007868160147094828,0.2857142857142857,1.0,0.0,
lagged_return_reversal,2023-05-03 23:00:00+00:00,70,0.21538115652634873,0.0738168139270405,0.5857142857142857,0.0032838456345433567,0.0027124170631147855,0.5714285714285714,1.0,0.0,
lagged_return_reversal,2023-05-04 23:00:00+00:00,70,0.01648646540686899,-0.04053888548683405,0.42857142857142855,0.0007429202733844849,2.8634559098770682e-05,0.7142857142857142,1.0,0.0,
lagged_return_reversal,2023-05-05 23:00:00+00:00,70,0.21766742237496967,0.13893797568016797,0.6,0.015728869973458043,0.015014584259172329,0.7142857142857142,1.0,0.0,
lagged_return_reversal,2023-05-08 23:00:00+00:00,70,0.23056779852512813,0.08959846032718047,0.6,0.01622237119755926,0.01622237119755926,0.0,1.0,0.0,
lagged_return_reversal,2023-05-09 23:00:00+00:00,70,0.1584300699341794,0.18764762487971304,0.5428571428571428,0.005436015613961625,0.0045074441853901965,0.9285714285714285,1.0,0.0,
lagged_return_reversal,2023-05-10 23:00:00+00:00,70,0.1350132272238789,0.31292100428658903,0.6285714285714286,0.007712006432823202,0.007212006432823203,0.5,1.0,0.0,
lagged_return_reversal,2023-05-11 23:00:00+00:00,70,0.15133090639213834,0.19164348339905746,0.6142857142857143,0.010141766058096418,0.009498908915239275,0.6428571428571428,1.0,0.0,
lagged_return_reversal,2023-05-12 23:00:00+00:00,70,0.36012770174857156,0.38213629603709215,0.5142857142857142,0.018742639620447053,0.017885496763304195,0.8571428571428571,1.0,0.0,
lagged_return_reversal,2023-05-15 23:00:00+00:00,70,0.22454525233794376,0.1815239261656898,0.44285714285714284,0.016452991401510908,0.015881562830082338,0.5714285714285714,1.0,0.0,
lagged_return_reversal,2023-05-16 23:00:00+00:00,70,0.11573226596730699,0.22652436357274078,0.6428571428571429,0.010093252835475745,0.009664681406904315,0.42857142857142855,1.0,0.0,
lagged_return_reversal,2023-05-17 23:00:00+00:00,70,-0.1535225994182603,-0.18981716385268133,0.42857142857142855,-0.009300684609052956,-0.010086398894767241,0.7857142857142857,1.0,0.0,
lagged_return_reversal,2023-05-18 23:00:00+00:00,70,0.0014418063069361637,0.09278278365847256,0.5571428571428572,0.006436920887550315,0.006079778030407458,0.3571428571428571,1.0,0.0,
lagged_return_reversal,2023-05-19 23:00:00+00:00,70,0.008020967157489895,0.040573878050914176,0.5142857142857142,0.0063706041750327385,0.005799175603604167,0.5714285714285714,1.0,0.0,
lagged_return_reversal,2023-05-22 23:00:00+00:00,70,-0.1511288863341643,-0.1811390079608083,0.37142857142857144,-0.006931889458046068,-0.007574746600903211,0.6428571428571428,1.0,0.0,
lagged_return_reversal,2023-05-23 23:00:00+00:00,70,0.056267133111213036,0.1486309159303648,0.6285714285714286,0.0007867743828386999,0.00042963152569584285,0.3571428571428571,1.0,0.0,
lagged_return_reversal,2023-05-24 23:00:00+00:00,70,-0.10730006745081748,-0.09862654185985478,0.45714285714285713,-0.003598804652466797,-0.004098804652466797,0.5,1.0,0.0,
lagged_return_reversal,2023-05-25 23:00:00+00:00,70,0.03651560211608399,0.044248097279328144,0.5,-0.0014205505171985136,-0.001991979088627085,0.5714285714285714,1.0,0.0,
lagged_return_reversal,2023-05-26 23:00:00+00:00,70,-0.062266429840279816,-0.10303650631578172,0.4857142857142857,-0.01166696903836735,-0.01209554046693878,0.42857142857142855,1.0,0.0,
lagged_return_reversal,2023-05-29 23:00:00+00:00,70,0.1341529876579363,0.07220715597935438,0.5,0.0007129990289117678,-1.2866853739463722e-06,0.7142857142857142,1.0,0.0,
lagged_return_reversal,2023-05-30 23:00:00+00:00,70,0.08057279382804773,0.07924066135946112,0.5285714285714286,-0.009068395774027358,-0.0097112529168845,0.6428571428571428,1.0,0.0,
lagged_return_reversal,2023-05-31 23:00:00+00:00,70,-0.1545716579563073,-0.025702038316857665,0.5714285714285714,-0.0008738946180741963,-0.001659608903788482,0.7857142857142857,1.0,0.0,
lagged_return_reversal,2023-06-01 23:00:00+00:00,70,-0.3031394309360684,-0.42699676318782265,0.44285714285714284,-0.01715606040234223,-0.017870346116627946,0.7142857142857142,1.0,0.0,
lagged_return_reversal,2023-06-02 23:00:00+00:00,70,-0.365793481669549,-0.3266030968419211,0.4857142857142857,-0.019669533462762363,-0.020169533462762363,0.5,1.0,0.0,
lagged_return_reversal,2023-06-05 23:00:00+00:00,70,-0.1139891827319601,-0.07290700726095704,0.5142857142857142,-0.009428354191110667,-0.00957121133396781,0.14285714285714285,1.0,0.0,
lagged_return_reversal,2023-06-06 23:00:00+00:00,70,-0.11564882383337802,0.01800367421922841,0.5285714285714286,-0.006798439672953782,-0.00722701110152521,0.42857142857142855,1.0,0.0,
lagged_return_reversal,2023-06-07 23:00:00+00:00,70,0.18857313972825698,0.27764849969381505,0.6,0.002398463139424093,0.0016841774251383787,0.7142857142857142,1.0,0.0,
lagged_return_reversal,2023-06-08 23:00:00+00:00,70,0.12913824570738622,0.13673344414311958,0.5285714285714286,0.007006353417054236,0.0066492105599113786,0.3571428571428571,1.0,0.0,
lagged_return_reversal,2023-06-09 23:00:00+00:00,70,0.12023306034004548,0.059644825474586646,0.44285714285714284,0.007811033740526693,0.007025319454812408,0.7857142857142857,1.0,0.0,
lagged_return_reversal,2023-06-12 23:00:00+00:00,70,0.07288959357625463,0.10632490595748403,0.5,0.00627919876137305,0.005922055904230193,0.3571428571428571,1.0,0.0,
lagged_return_reversal,2023-06-13 23:00:00+00:00,70,0.199129666374794,0.20199457615256758,0.5714285714285714,0.007467646329823125,0.007110503472680268,0.3571428571428571,1.0,0.0,
lagged_return_reversal,2023-06-14 23:00:00+00:00,70,0.24588812360939521,0.18715772898259117,0.5285714285714286,0.015921943698944032,0.015421943698944032,0.5,1.0,0.0,
lagged_return_reversal,2023-06-15 23:00:00+00:00,70,-0.06393727801086455,-0.038789257282827394,0.5428571428571428,0.002482183956487089,0.0019107553850585177,0.5714285714285714,1.0,0.0,
lagged_return_reversal,2023-06-16 23:00:00+00:00,70,0.1771437161426245,0.05310121599160178,0.5714285714285714,0.007489414028874803,0.006775128314589089,0.7142857142857142,1.0,0.0,
lagged_return_reversal,2023-06-19 23:00:00+00:00,70,-0.14895418540573113,-0.18243373283177322,0.4714285714285714,-0.00851875875669843,-0.009090187328127,0.5714285714285714,1.0,0.0,
lagged_return_reversal,2023-06-20 23:00:00+00:00,70,0.10716251889368923,0.1919183966340312,0.5571428571428572,-0.004070910271965535,-0.004428053129108392,0.3571428571428571,1.0,0.0,
lagged_return_reversal,2023-06-21 23:00:00+00:00,70,0.08164778390595671,0.12844020645612808,0.5285714285714286,0.0035699964355907754,0.0032128535784479184,0.3571428571428571,1.0,0.0,
lagged_return_reversal,2023-06-22 23:00:00+00:00,70,0.14267287707831738,0.20041991076896157,0.6142857142857143,0.011737533436211315,0.01145181915049703,0.2857142857142857,1.0,0.0,
lagged_return_reversal,2023-06-23 23:00:00+00:00,70,0.007775816789287729,0.09477735981104016,0.4142857142857143,0.0036320818188195756,0.0029177961045338614,0.7142857142857142,1.0,0.0,
lagged_return_reversal,2023-06-26 23:00:00+00:00,70,-0.04390651001314789,-0.03717959933514128,0.4714285714285714,-0.014722963949831143,-0.015508678235545428,0.7857142857142857,1.0,0.0,
lagged_return_reversal,2023-06-27 23:00:00+00:00,70,0.11161890893171561,0.0929227539147931,0.6142857142857143,0.004318369187253961,0.0036755120443968184,0.6428571428571428,1.0,0.0,
lagged_return_reversal,2023-06-28 23:00:00+00:00,70,0.0358172623442546,-0.020838071909719185,0.5142857142857142,0.001970401940789354,0.0013275447979322111,0.6428571428571428,1.0,0.0,
lagged_return_reversal,2023-06-29 23:00:00+00:00,70,0.05116060156282133,0.07654623392529088,0.6857142857142857,0.003087650467132095,0.002444793324274952,0.6428571428571428,1.0,0.0,
lagged_return_reversal,2023-06-30 23:00:00+00:00,70,0.13835816685432256,0.13071472312133672,0.5,0.0022604640657556355,0.0014033212086127784,0.8571428571428571,1.0,0.0,
lagged_return_reversal,2023-07-03 23:00:00+00:00,70,0.1385001796895182,0.04104663674933332,0.4857142857142857,0.009102845274160578,0.00767427384558915,1.4285714285714284,1.0,0.0,
lagged_return_reversal,2023-07-04 23:00:00+00:00,70,0.028130039542780996,-0.05960983291050652,0.5428571428571428,0.0008141791578164857,0.00045703630067362865,0.3571428571428571,1.0,0.0,
lagged_return_reversal,2023-07-05 23:00:00+00:00,70,0.0473073281068817,0.014749494791000848,0.5571428571428572,0.0066300350389338495,0.006201463610362421,0.42857142857142855,1.0,0.0,
lagged_return_reversal,2023-07-06 23:00:00+00:00,70,-0.047688228490311596,-0.017548770886186685,0.5428571428571428,-0.004911708584999881,-0.005411708584999881,0.5,1.0,0.0,
lagged_return_reversal,2023-07-07 23:00:00+00:00,70,-0.0012212036137475128,-0.10142594698626542,0.5,-0.0019293418950528146,-0.0023579133236242434,0.42857142857142855,1.0,0.0,
lagged_return_reversal,2023-07-10 23:00:00+00:00,70,-0.3082190143760738,-0.2837022132796781,0.4857142857142857,-0.01892326253358688,-0.019280405390729737,0.3571428571428571,1.0,0.0,
lagged_return_reversal,2023-07-11 23:00:00+00:00,70,-0.07413902673916342,-0.09141807365934738,0.5142857142857142,-0.002783014587670054,-0.003140157444812911,0.3571428571428571,1.0,0.0,
lagged_return_reversal,2023-07-12 23:00:00+00:00,70,-0.12916154477849798,-0.20216953897296824,0.34285714285714286,-0.011556047236066338,-0.011913190093209194,0.3571428571428571,1.0,0.0,
lagged_return_reversal,2023-07-13 23:00:00+00:00,70,0.2692309290259715,0.2487446417636252,0.4,0.012365546442943586,0.011865546442943586,0.5,1.0,0.0,
lagged_return_reversal,2023-07-14 23:00:00+00:00,70,-0.05936939719659187,0.022482722421485433,0.42857142857142855,-0.005202299599820349,-0.005630871028391778,0.42857142857142855,1.0,0.0,
lagged_return_reversal,2023-07-17 23:00:00+00:00,70,-0.16940478430315614,-0.15531449566967018,0.4142857142857143,-0.007522155916671048,-0.008022155916671048,0.5,1.0,0.0,
lagged_return_reversal,2023-07-18 23:00:00+00:00,70,-0.18188682364770323,-0.17658997463039106,0.32857142857142857,-0.005718200030511045,-0.006218200030511045,0.5,1.0,0.0,
lagged_return_reversal,2023-07-19 23:00:00+00:00,70,-0.036070694788973096,0.05303123086344151,0.6285714285714286,-0.00207368609959667,-0.00257368609959667,0.5,1.0,0.0,
lagged_return_reversal,2023-07-20 23:00:00+00:00,70,-0.38730609828031787,-0.0903682967369434,0.5714285714285714,-0.014608261773230116,-0.015179690344658688,0.5714285714285714,1.0,0.0,
lagged_return_reversal,2023-07-21 23:00:00+00:00,70,-0.3408977134135499,-0.02304260344676756,0.5714285714285714,-0.011626306620371604,-0.011983449477514462,0.3571428571428571,1.0,0.0,
lagged_return_reversal,2023-07-24 23:00:00+00:00,70,-0.09687678667861163,0.09068322981366461,0.5,-0.0032176743954373042,-0.0037891029668658755,0.5714285714285714,1.0,0.0,
lagged_return_reversal,2023-07-25 23:00:00+00:00,70,-0.01140194750149315,0.026786807803341785,0.4857142857142857,0.000342170647659611,-0.00030068649519753184,0.6428571428571428,1.0,0.0,
lagged_return_reversal,2023-07-26 23:00:00+00:00,70,0.05006379648628936,-0.019403376782433732,0.45714285714285713,-0.000575088293240908,-0.0008608025789551936,0.2857142857142857,1.0,0.0,
lagged_return_reversal,2023-07-27 23:00:00+00:00,70,0.2817200240941747,0.3338815501705888,0.5857142857142857,0.006752590112335372,0.0062525901123353725,0.5,1.0,0.0,
lagged_return_reversal,2023-07-28 23:00:00+00:00,70,0.3354083001279685,0.18901233487883823,0.5857142857142857,0.006403123480685647,0.005831694909257075,0.5714285714285714,1.0,0.0,
lagged_return_reversal,2023-07-31 23:00:00+00:00,70,-0.1597202299890782,-0.006106202431983204,0.6,-0.017542411326647408,-0.017828125612361693,0.2857142857142857,1.0,0.0,
lagged_return_reversal,2023-08-01 23:00:00+00:00,70,0.16392738500676457,0.12336628466450879,0.6,0.012696446477496204,0.011910732191781919,0.7857142857142857,1.0,0.0,
lagged_return_reversal,2023-08-02 23:00:00+00:00,70,-0.05276163196666723,0.33304172863266557,0.6571428571428571,0.007303699540210221,0.006517985254495935,0.7857142857142857,1.0,0.0,
lagged_return_reversal,2023-08-03 23:00:00+00:00,70,-0.3127997832338691,-0.1735806141194996,0.4142857142857143,-0.003608560770475946,-0.004465703627618803,0.8571428571428571,1.0,0.0,
lagged_return_reversal,2023-08-04 23:00:00+00:00,70,0.08638231280332585,0.011425072172163415,0.5285714285714286,0.0018516441799308072,0.001280215608502236,0.5714285714285714,1.0,0.0,
lagged_return_reversal,2023-08-07 23:00:00+00:00,70,0.09691782068500646,-0.019333391654273464,0.5,0.00409750804000345,0.0036689366114320216,0.42857142857142855,1.0,0.0,
lagged_return_reversal,2023-08-08 23:00:00+00:00,70,0.19260117778135288,0.09313270929927392,0.5714285714285714,0.013775344185508425,0.013346772756936996,0.42857142857142855,1.0,0.0,
lagged_return_reversal,2023-08-09 23:00:00+00:00,70,0.1841597511999913,0.09568716647712361,0.5571428571428572,0.019577494142790405,0.019006065571361835,0.5714285714285714,1.0,0.0,
lagged_return_reversal,2023-08-10 23:00:00+00:00,70,-0.1023612709018376,-0.12385618056163064,0.5571428571428572,-0.005162674280727125,-0.00594838856644141,0.7857142857142857,1.0,0.0,
lagged_return_reversal,2023-08-11 23:00:00+00:00,70,-0.09156881926474258,-0.10751465313620856,0.5285714285714286,-0.006506780656436854,-0.006935352085008282,0.42857142857142855,1.0,0.0,
lagged_return_reversal,2023-08-14 23:00:00+00:00,70,-0.2735218499765565,-0.20073484384568283,0.5,-0.011115936818794367,-0.011330222533080081,0.21428571428571427,1.0,0.0,
lagged_return_reversal,2023-08-15 23:00:00+00:00,70,-0.23979878605542507,-0.2005598810252821,0.45714285714285713,-0.010371423106936478,-0.010871423106936479,0.5,1.0,0.0,
lagged_return_reversal,2023-08-16 23:00:00+00:00,70,-0.07597812710770498,-0.18859242410987664,0.42857142857142855,-0.005924310310560789,-0.006210024596275075,0.2857142857142857,1.0,0.0,
lagged_return_reversal,2023-08-17 23:00:00+00:00,70,-0.1754553694954333,-0.22830898434082755,0.42857142857142855,-0.0127099226463623,-0.01313849407493373,0.42857142857142855,1.0,0.0,
lagged_return_reversal,2023-08-18 23:00:00+00:00,70,-0.3205332362797177,-0.4014171988452454,0.42857142857142855,-0.01804085259105564,-0.018255138305341357,0.21428571428571427,1.0,0.0,
lagged_return_reversal,2023-08-21 23:00:00+00:00,70,-0.22757677235195378,-0.28527687866328405,0.4142857142857143,-0.01570742260673752,-0.016135994035308947,0.42857142857142855,1.0,0.0,
lagged_return_reversal,2023-08-22 23:00:00+00:00,70,-0.06262543646375111,-0.14229726183186073,0.45714285714285713,-0.008352045431492537,-0.008709188288635393,0.3571428571428571,1.0,0.0,
lagged_return_reversal,2023-08-23 23:00:00+00:00,70,-0.018699241911868777,-0.17183098591549295,0.5571428571428572,-0.004154737472038078,-0.004297594614895221,0.14285714285714285,1.0,0.0,
lagged_return_reversal,2023-08-24 23:00:00+00:00,70,0.007841214782379712,0.06870789957134109,0.6,-0.001285461768771589,-0.0016426046259144461,0.3571428571428571,1.0,0.0,
lagged_return_reversal,2023-08-25 23:00:00+00:00,70,-0.3631817465524364,-0.21315720409413,0.5285714285714286,-0.006372157440151014,-0.0067293002972938715,0.3571428571428571,1.0,0.0,
lagged_return_reversal,2023-08-28 23:00:00+00:00,70,-0.16398863266474495,0.029866153442393493,0.6,0.0036778592616595893,0.0033921449759453035,0.2857142857142857,1.0,0.0,
lagged_return_reversal,2023-08-29 23:00:00+00:00,70,-0.14892201483597076,0.00782083807190972,0.5142857142857142,-0.0021752952461193634,-0.0028895809604050776,0.7142857142857142,1.0,0.0,
lagged_return_reversal,2023-08-30 23:00:00+00:00,70,0.16507750898622717,0.1672469600209955,0.5714285714285714,0.008917205144940172,0.008060062287797315,0.8571428571428571,1.0,0.0,
lagged_return_reversal,2023-08-31 23:00:00+00:00,70,0.18917552118181336,0.19702563205318868,0.5714285714285714,0.028801106867986724,0.028443964010843866,0.3571428571428571,1.0,0.0,
lagged_return_reversal,2023-09-01 23:00:00+00:00,70,-0.1416019915015932,0.05047677368559181,0.5428571428571428,0.014501277452267135,0.014286991737981421,0.21428571428571427,1.0,0.0,
lagged_return_reversal,2023-09-04 23:00:00+00:00,70,-0.13282893148775457,0.0025019683317295074,0.4714285714285714,0.012818782643954394,0.012390211215382965,0.42857142857142855,1.0,0.0,
lagged_return_reversal,2023-09-05 23:00:00+00:00,70,-0.05245202216636059,0.06569853906044966,0.4857142857142857,0.009761155343187656,0.009046869628901942,0.7142857142857142,1.0,0.0,
lagged_return_reversal,2023-09-06 23:00:00+00:00,70,-0.27099930797436866,-0.2516490245822763,0.42857142857142855,-0.005751157078324164,-0.0063225856497527355,0.5714285714285714,1.0,0.0,
lagged_return_reversal,2023-09-07 23:00:00+00:00,70,-0.2920181049569006,-0.1517102615694165,0.37142857142857144,-0.009452165829465814,-0.009880737258037243,0.42857142857142855,1.0,0.0,
lagged_return_reversal,2023-09-08 23:00:00+00:00,70,-0.3208391674801352,-0.2854518414836847,0.4714285714285714,-0.017571399260500907,-0.018071399260500907,0.5,1.0,0.0,
lagged_return_reversal,2023-09-11 23:00:00+00:00,70,-0.3075551168905081,-0.15863878925728284,0.5,-0.012287370551370863,-0.012858799122799434,0.5714285714285714,1.0,0.0,
lagged_return_reversal,2023-09-12 23:00:00+00:00,70,0.18862509197566943,-0.0866590849444493,0.5142857142857142,0.0010971000199500214,0.0007399571628071643,0.3571428571428571,1.0,0.0,
lagged_return_reversal,2023-09-13 23:00:00+00:00,70,0.07757000672017693,0.04970693727582889,0.5428571428571428,-0.0028863424384802283,-0.003314913867051657,0.42857142857142855,1.0,0.0,
lagged_return_reversal,2023-09-14 23:00:00+00:00,70,0.16749723915699016,-0.032805528825124664,0.44285714285714284,0.003833072757144425,0.003333072757144425,0.5,1.0,0.0,
lagged_return_reversal,2023-09-15 23:00:00+00:00,70,0.14239596712710756,0.11888723646225177,0.4857142857142857,0.012034808683300481,0.011749094397586196,0.2857142857142857,1.0,0.0,
lagged_return_reversal,2023-09-18 23:00:00+00:00,70,-0.16817804360864372,-0.2367421922841396,0.4142857142857143,0.0009420736640049779,0.0007277879497192637,0.21428571428571427,1.0,0.0,
lagged_return_reversal,2023-09-19 23:00:00+00:00,70,-0.21106375902460944,-0.24619018458577555,0.37142857142857144,-0.00517147948904705,-0.005600050917618478,0.42857142857142855,1.0,0.0,
lagged_return_reversal,2023-09-20 23:00:00+00:00,70,-0.13675007870261044,-0.16108826874289214,0.4,-0.006036865551588028,-0.006608294123016599,0.5714285714285714,1.0,0.0,
lagged_return_reversal,2023-09-21 23:00:00+00:00,70,0.10542518299396007,0.11069897646750067,0.4857142857142857,0.00018909436814592873,-0.00038233420328264263,0.5714285714285714,1.0,0.0,
lagged_return_reversal,2023-09-22 23:00:00+00:00,70,0.2658092081181872,0.08001049776922403,0.5285714285714286,0.00541518339423964,0.004915183394239639,0.5,1.0,0.0,
lagged_return_reversal,2023-09-25 23:00:00+00:00,70,-0.18233447370899702,-0.25493832560580876,0.38571428571428573,-0.007599094075902329,-0.008384808361616616,0.7857142857142857,1.0,0.0,
lagged_return_reversal,2023-09-26 23:00:00+00:00,70,-0.10491241994121504,-0.16661709386755313,0.42857142857142855,-0.009224143265926538,-0.009581286123069396,0.3571428571428571,1.0,0.0,
lagged_return_reversal,2023-09-27 23:00:00+00:00,70,0.019298580555071967,0.11412824774735368,0.4714285714285714,-0.010745937678020314,-0.011174509106591743,0.42857142857142855,1.0,0.0,
lagged_return_reversal,2023-09-28 23:00:00+00:00,70,-0.32638768366379534,-0.23586737818213627,0.5428571428571428,-0.03267360928676001,-0.03338789500104573,0.7142857142857142,1.0,0.0,
lagged_return_reversal,2023-09-29 23:00:00+00:00,70,-0.3510195572415339,-0.2914005773773073,0.42857142857142855,-0.03286650141287402,-0.03350935855573116,0.6428571428571428,1.0,0.0,
lagged_return_reversal,2023-10-02 23:00:00+00:00,70,-0.4159429095435154,-0.4003324293587613,0.44285714285714284,-0.035548561660191956,-0.036191418803049095,0.6428571428571428,1.0,0.0,
lagged_return_reversal,2023-10-03 23:00:00+00:00,70,-0.32128305263819706,-0.32082932376869916,0.5,-0.034459974499188376,-0.034888545927759806,0.42857142857142855,1.0,0.0,
lagged_return_reversal,2023-10-04 23:00:00+00:00,70,-0.3559101772070594,-0.3153704837721984,0.4714285714285714,-0.021655384116171916,-0.022083955544743343,0.42857142857142855,1.0,0.0,
lagged_return_reversal,2023-10-05 23:00:00+00:00,70,-0.2143335695744843,-0.12205513127167487,0.5,-0.007820422340683472,-0.0082489937692549,0.42857142857142855,1.0,0.0,
lagged_return_reversal,2023-10-06 23:00:00+00:00,70,-0.2664618167503086,-0.19657072872014697,0.4857142857142857,-0.024820917175953142,-0.025178060033096,0.3571428571428571,1.0,0.0,
lagged_return_reversal,2023-10-09 23:00:00+00:00,70,-0.14736410429392108,-0.01020033242935876,0.5714285714285714,-0.012548675632131516,-0.01276296134641723,0.21428571428571427,1.0,0.0,
lagged_return_reversal,2023-10-10 23:00:00+00:00,70,0.1639841484914752,0.2503193071472312,0.5285714285714286,0.01365341668730976,0.013296273830166901,0.3571428571428571,1.0,0.0,
lagged_return_reversal,2023-10-11 23:00:00+00:00,70,0.07515673215653744,0.23128335228763885,0.5571428571428572,0.014632075964343896,0.014346361678629611,0.2857142857142857,1.0,0.0,
lagged_return_reversal,2023-10-12 23:00:00+00:00,70,-0.035345373044618635,0.00043740705100166216,0.5285714285714286,5.5184469977889456e-05,-0.000516244101450682,0.5714285714285714,1.0,0.0,
lagged_return_reversal,2023-10-13 23:00:00+00:00,70,0.16571438551816167,0.11671769748928353,0.5428571428571428,0.011393217584426752,0.011178931870141039,0.21428571428571427,1.0,0.0,
lagged_return_reversal,2023-10-16 23:00:00+00:00,70,-0.17945953518301913,-0.30732219403376776,0.34285714285714286,-0.009209520129646057,-0.010280948701074629,1.0714285714285714,1.0,0.0,
lagged_return_reversal,2023-10-17 23:00:00+00:00,70,-0.035764746962804655,-0.1067098241623655,0.44285714285714284,-0.0038421266314335894,-0.0046992694885764465,0.8571428571428571,1.0,0.0,
lagged_return_reversal,2023-10-18 23:00:00+00:00,70,-0.03900897786101082,-0.03871927215466714,0.4142857142857143,0.0030815085166613007,0.0025100799452327295,0.5714285714285714,1.0,0.0,
lagged_return_reversal,2023-10-19 23:00:00+00:00,70,-0.14419228456348285,-0.06965269880150468,0.44285714285714284,-0.00847468080397294,-0.009403252232544368,0.9285714285714285,1.0,0.0,
lagged_return_reversal,2023-10-20 23:00:00+00:00,70,-0.2775517876029901,-0.3283527250459277,0.35714285714285715,-0.016518024453498696,-0.017018024453498697,0.5,1.0,0.0,
lagged_return_reversal,2023-10-23 23:00:00+00:00,70,-0.2386530992479793,-0.3172600822325256,0.2857142857142857,-0.016693703056893133,-0.01740798877117885,0.7142857142857142,1.0,0.0,
lagged_return_reversal,2023-10-24 23:00:00+00:00,70,0.020696251776143645,-0.14075758901233484,0.35714285714285715,-0.00899689674871243,-0.009425468177283859,0.42857142857142855,1.0,0.0,
lagged_return_reversal,2023-10-25 23:00:00+00:00,70,-0.20231311966022464,-0.13645350363047853,0.5428571428571428,-0.015761183214915004,-0.01604689750062929,0.2857142857142857,1.0,0.0,
lagged_return_reversal,2023-10-26 23:00:00+00:00,70,-0.21445585999947997,-0.24916455253258682,0.5,-0.02256492498192823,-0.022993496410499657,0.42857142857142855,1.0,0.0,
lagged_return_reversal,2023-10-27 23:00:00+00:00,70,-0.25673194813182076,-0.41247484909456744,0.5142857142857142,-0.02746567207585783,-0.0280371006472864,0.5714285714285714,1.0,0.0,
lagged_return_reversal,2023-10-30 23:00:00+00:00,70,-0.3558114810654239,-0.3605140452770729,0.5142857142857142,-0.035379218742515234,-0.035950647313943804,0.5714285714285714,1.0,0.0,
lagged_return_reversal,2023-10-31 23:00:00+00:00,70,-0.04339703520346412,-0.028886361648149766,0.44285714285714284,-0.014284071809308114,-0.014926928952165257,0.6428571428571428,1.0,0.0,
lagged_return_reversal,2023-11-01 23:00:00+00:00,70,0.08168693364924107,-0.050161840608870606,0.4857142857142857,-0.0037214274710241886,-0.0040071417567384745,0.2857142857142857,1.0,0.0,
lagged_return_reversal,2023-11-02 23:00:00+00:00,70,0.515335908672425,0.24503542997113115,0.6,0.018489388180377847,0.01813224532323499,0.3571428571428571,1.0,0.0,
lagged_return_reversal,2023-11-03 23:00:00+00:00,70,0.38326357828867363,0.05628553932289389,0.4857142857142857,0.00881296425641705,0.008384392827845621,0.42857142857142855,1.0,0.0,
lagged_return_reversal,2023-11-06 23:00:00+00:00,70,0.3502132218222838,0.2543434520164465,0.5571428571428572,0.020969968192005885,0.020469968192005885,0.5,1.0,0.0,
lagged_return_reversal,2023-11-07 23:00:00+00:00,70,0.027993322409705777,-0.029376257545271626,0.5142857142857142,0.0009114861377509033,0.0004114861377509033,0.5,1.0,0.0,
lagged_return_reversal,2023-11-08 23:00:00+00:00,70,0.17114391352920866,0.197900446155192,0.6,0.014134549798188371,0.013705978369616942,0.42857142857142855,1.0,0.0,
lagged_return_reversal,2023-11-09 23:00:00+00:00,70,-0.12694476594396653,-0.2873064473799318,0.4857142857142857,-0.01576631478581079,-0.01662345764295365,0.8571428571428571,1.0,0.0,
lagged_return_reversal,2023-11-10 23:00:00+00:00,70,0.34792300189096,0.3125010935176275,0.4142857142857143,0.018660595700151293,0.018303452843008435,0.3571428571428571,1.0,0.0,
lagged_return_reversal,2023-11-13 23:00:00+00:00,70,-0.03521986904237089,0.06856792931502055,0.4714285714285714,-0.00027699054810346064,-0.0006341334052463177,0.3571428571428571,1.0,0.0,
lagged_return_reversal,2023-11-14 23:00:00+00:00,70,-0.30895672861760487,-0.16938150642988364,0.5,-0.01866125809442737,-0.01916125809442737,0.5,1.0,0.0,
lagged_return_reversal,2023-11-15 23:00:00+00:00,70,-0.1536313163759674,-0.1492607820838072,0.42857142857142855,-0.017474387974996678,-0.018045816546425248,0.5714285714285714,1.0,0.0,
lagged_return_reversal,2023-11-16 23:00:00+00:00,70,-0.13526840187641975,-0.16521739130434784,0.5142857142857142,-0.023734279766527595,-0.024305708337956165,0.5714285714285714,1.0,0.0,
lagged_return_reversal,2023-11-17 23:00:00+00:00,70,0.09164423525114147,0.14772110926428136,0.6285714285714286,0.00373130193216547,0.003159873360736899,0.5714285714285714,1.0,0.0,
lagged_return_reversal,2023-11-20 23:00:00+00:00,70,0.2015413941740205,0.10877438544309333,0.5142857142857142,0.010091638049301724,0.009734495192158868,0.3571428571428571,1.0,0.0,
lagged_return_reversal,2023-11-21 23:00:00+00:00,70,0.0927695438198385,0.045262881637652,0.42857142857142855,-0.0025200461905481963,-0.0031629033334053393,0.6428571428571428,1.0,0.0,
lagged_return_reversal,2023-11-22 23:00:00+00:00,70,0.1807062369652145,0.11710261569416497,0.4142857142857143,0.0038956399301966573,0.0034670685016252286,0.42857142857142855,1.0,0.0,
lagged_return_reversal,2023-11-23 23:00:00+00:00,70,0.12980838577454887,0.15433470387542644,0.5571428571428572,0.005137032410624899,0.004494175267767756,0.6428571428571428,1.0,0.0,
lagged_return_reversal,2023-11-24 23:00:00+00:00,70,0.24049576132505715,0.18054413437144606,0.37142857142857144,0.011755893951703462,0.011470179665989177,0.2857142857142857,1.0,0.0,
lagged_return_reversal,2023-11-27 23:00:00+00:00,70,0.12495582443615984,0.05523576240048989,0.38571428571428573,0.003191802852719243,0.002691802852719243,0.5,1.0,0.0,
lagged_return_reversal,2023-11-28 23:00:00+00:00,70,-0.2442598571778853,-0.2679205668795381,0.4142857142857143,-0.0158597816229271,-0.016645495908641384,0.7857142857142857,1.0,0.0,
lagged_return_reversal,2023-11-29 23:00:00+00:00,70,-0.20599159729449326,-0.2823025107164728,0.38571428571428573,-0.013273107057893373,-0.013701678486464803,0.42857142857142855,1.0,0.0,
lagged_return_reversal,2023-11-30 23:00:00+00:00,70,-0.1963791335320826,-0.09883649724433557,0.37142857142857144,-0.0109703589376852,-0.011541787509113772,0.5714285714285714,1.0,0.0,
lagged_return_reversal,2023-12-01 23:00:00+00:00,70,-0.1266136321892794,0.09596710698976467,0.6,-0.011943616567548238,-0.012157902281833952,0.21428571428571427,1.0,0.0,
lagged_return_reversal,2023-12-04 23:00:00+00:00,70,0.03679035117500181,-0.031125885749278277,0.4857142857142857,0.0023573672418326828,0.0018573672418326827,0.5,1.0,0.0,
lagged_return_reversal,2023-12-05 23:00:00+00:00,70,0.46820523330262426,0.36722946373895543,0.6571428571428571,0.02406061707913379,0.023632045650562362,0.42857142857142855,1.0,0.0,
lagged_return_reversal,2023-12-06 23:00:00+00:00,70,-0.09365318276484023,-0.034590149593211446,0.6,0.0015609071150300038,0.0011323356864585753,0.42857142857142855,1.0,0.0,
lagged_return_reversal,2023-12-07 23:00:00+00:00,70,0.23670394221869254,0.1250809203044353,0.5142857142857142,0.003069528541884347,0.002426671399027204,0.6428571428571428,1.0,0.0,
lagged_return_reversal,2023-12-08 23:00:00+00:00,70,0.26793526920653854,0.08833872802029569,0.5285714285714286,0.009039734291190267,0.008682591434047409,0.3571428571428571,1.0,0.0,
lagged_return_reversal,2023-12-11 23:00:00+00:00,70,0.3720773619814618,0.2850419052363777,0.5714285714285714,0.029958997462825234,0.029530426034253807,0.42857142857142855,1.0,0.0,
lagged_return_reversal,2023-12-12 23:00:00+00:00,70,0.20405567136469485,0.23857015394377323,0.45714285714285713,0.016444589949429333,0.016087447092286475,0.3571428571428571,1.0,0.0,
lagged_return_reversal,2023-12-13 23:00:00+00:00,70,-0.03608449025566597,-0.03291050651736506,0.4142857142857143,0.0071189680880268235,0.006618968088026823,0.5,1.0,0.0,
lagged_return_reversal,2023-12-14 23:00:00+00:00,70,-0.3710825595787578,-0.2545184148368472,0.5142857142857142,-0.02251176302183474,-0.022868905878977597,0.3571428571428571,1.0,0.0,
lagged_return_reversal,2023-12-15 23:00:00+00:00,70,-0.20979359049529447,-0.24832473099466362,0.5857142857142857,-0.03059240087013483,-0.03102097229870626,0.42857142857142855,1.0,0.0,
lagged_return_reversal,2023-12-18 23:00:00+00:00,70,-0.15210140515649165,-0.04757239086694077,0.5714285714285714,-0.0055945967134521995,-0.006094596713452199,0.5,1.0,0.0,
lagged_return_reversal,2023-12-19 23:00:00+00:00,70,0.27254078750068017,0.2264543784445805,0.5857142857142857,0.013434836433260183,0.01329197929040304,0.14285714285714285,1.0,0.0,
lagged_return_reversal,2023-12-20 23:00:00+00:00,70,0.4231110285931488,0.4564605021432945,0.6714285714285714,0.03190587729299629,0.03133444872156772,0.5714285714285714,1.0,0.0,
lagged_return_reversal,2023-12-21 23:00:00+00:00,70,-0.11861517778168844,-0.2078733269180299,0.5285714285714286,-0.007468315977525558,-0.008468315977525558,1.0,1.0,0.0,
lagged_return_reversal,2023-12-22 23:00:00+00:00,70,0.2076311645421518,0.14145744029393753,0.5428571428571428,0.006781008671742139,0.006352437243170711,0.42857142857142855,1.0,0.0,
lagged_return_reversal,2023-12-27 23:00:00+00:00,70,-0.19063228451195385,-0.2666608345726533,0.37142857142857144,-0.009500126522781554,-0.010071555094210125,0.5714285714285714,1.0,0.0,
lagged_return_reversal,2023-12-28 23:00:00+00:00,70,-0.1998934086660814,-0.2369604396670716,0.45714285714285713,-0.009119525141960051,-0.009619525141960052,0.5,1.0,0.0,
lagged_return_reversal,2023-12-29 23:00:00+00:00,70,-0.2680850663603613,-0.2509491733006736,0.45714285714285713,-0.012317516939042383,-0.013031802653328097,0.7142857142857142,1.0,0.0,
lagged_return_reversal,2024-07-01 23:00:00+00:00,70,-0.13525384015647832,-0.12102284160065582,0.32857142857142857,-0.008767243578147156,-0.009838672149575728,1.0714285714285714,1.0,0.0,
lagged_return_reversal,2024-07-02 23:00:00+00:00,70,-0.27061143652242803,-0.28877613507129735,0.4142857142857143,-0.018703459146836268,-0.01877488771826484,0.07142857142857142,1.0,0.0,
lagged_return_reversal,2024-07-03 23:00:00+00:00,70,0.28551369369847707,-0.2764937450791707,0.4,-0.019127815916350988,-0.01927067305920813,0.14285714285714285,1.0,0.0,
lagged_return_reversal,2024-07-04 23:00:00+00:00,70,0.23172481206687404,-0.08053538623042604,0.5142857142857142,-0.005894100883468996,-0.006179815169183282,0.2857142857142857,1.0,0.0,
lagged_return_reversal,2024-07-05 23:00:00+00:00,70,0.2457441336779169,0.33097716735193766,0.5857142857142857,0.012048056106834149,0.01161948467826272,0.42857142857142855,1.0,0.0,
lagged_return_reversal,2024-07-08 23:00:00+00:00,70,0.09025757710376595,0.15867378182136296,0.4857142857142857,0.010139108398410446,0.009567679826981874,0.5714285714285714,1.0,0.0,
lagged_return_reversal,2024-07-09 23:00:00+00:00,70,0.08303632913113627,0.1394978567054501,0.4714285714285714,0.009741290171711083,0.009312718743139653,0.42857142857142855,1.0,0.0,
lagged_return_reversal,2024-07-10 23:00:00+00:00,70,-0.003013263130850234,0.06930277316070335,0.5714285714285714,0.0027860052515728817,0.002000290965858596,0.7857142857142857,1.0,0.0,
lagged_return_reversal,2024-07-11 23:00:00+00:00,70,-0.17131660765141316,-0.1389729682442481,0.4714285714285714,-0.011915843111634539,-0.012558700254491682,0.6428571428571428,1.0,0.0,
lagged_return_reversal,2024-07-12 23:00:00+00:00,70,0.021434375243592638,0.09488233750328054,0.6142857142857143,-0.011193818120368751,-0.011836675263225894,0.6428571428571428,1.0,0.0,
lagged_return_reversal,2024-07-15 23:00:00+00:00,70,-0.008868642909645732,0.05474586650336803,0.4857142857142857,0.003553507286851471,0.003196364429708614,0.3571428571428571,1.0,0.0,
lagged_return_reversal,2024-07-16 23:00:00+00:00,70,-0.20837782805831642,-0.11104890210830198,0.42857142857142855,-0.014113430466436384,-0.014756287609293527,0.6428571428571428,1.0,0.0,
lagged_return_reversal,2024-07-17 23:00:00+00:00,70,0.11529408609698949,0.1533199195171026,0.5428571428571428,0.00441827692792236,0.004061134070779503,0.3571428571428571,1.0,0.0,
lagged_return_reversal,2024-07-18 23:00:00+00:00,70,0.40201833633176287,0.2540285189397253,0.5142857142857142,0.015966582679922448,0.015538011251351019,0.42857142857142855,1.0,0.0,
lagged_return_reversal,2024-07-19 23:00:00+00:00,70,0.5240531188488143,0.41754877088618664,0.4,0.019944811326201867,0.019230525611916155,0.7142857142857142,1.0,0.0,
lagged_return_reversal,2024-07-22 23:00:00+00:00,70,0.39858560641178364,0.3436094829848657,0.6714285714285714,0.017685069911051905,0.016685069911051904,1.0,1.0,0.0,
lagged_return_reversal,2024-07-23 23:00:00+00:00,70,0.30254193826593473,0.08172513340915055,0.6428571428571429,0.020987929315036458,0.0206307864578936,0.3571428571428571,1.0,0.0,
lagged_return_reversal,2024-07-24 23:00:00+00:00,70,0.05671042516205707,-0.09810165339865279,0.5,0.0018449050768001112,0.0008449050768001112,1.0,1.0,0.0,
lagged_return_reversal,2024-07-25 23:00:00+00:00,70,-0.19316815770575535,-0.185793018983466,0.37142857142857144,-0.00380681220430852,-0.00430681220430852,0.5,1.0,0.0,
lagged_return_reversal,2024-07-26 23:00:00+00:00,70,-0.11131672688046924,-0.2543784445805266,0.37142857142857144,-0.009729741051776172,-0.010372598194633315,0.6428571428571428,1.0,0.0,
lagged_return_reversal,2024-07-29 23:00:00+00:00,70,-0.14807653970540793,-0.22445980229201296,0.42857142857142855,-0.016618694806405137,-0.017047266234976564,0.42857142857142855,1.0,0.0,
lagged_return_reversal,2024-07-30 23:00:00+00:00,70,0.06122065518144114,-0.0480272941999825,0.44285714285714284,0.006042452849589472,0.0055424528495894715,0.5,1.0,0.0,
lagged_return_reversal,2024-07-31 23:00:00+00:00,70,-0.021058097456267993,-0.1651838437981483,0.37142857142857144,0.005422766337047381,0.004994194908475953,0.42857142857142855,1.0,0.0,
lagged_return_reversal,2024-08-01 23:00:00+00:00,70,0.0624626080499288,0.023707462164290087,0.4857142857142857,0.005606125504455185,0.0051061255044551855,0.5,1.0,0.0,
lagged_return_reversal,2024-08-02 23:00:00+00:00,70,-0.1481661378742487,-0.1617881200244948,0.4857142857142857,-0.00926709333589563,-0.009552807621609915,0.2857142857142857,1.0,0.0,
lagged_return_reversal,2024-08-05 23:00:00+00:00,70,-0.08399128852161364,-0.1283702213279678,0.4,-0.0013290834356465622,-0.0016147977213608479,0.2857142857142857,1.0,0.0,
lagged_return_reversal,2024-08-06 23:00:00+00:00,70,-0.05128574695671753,0.021187997550520515,0.44285714285714284,-0.0014461557318007066,-0.0019461557318007066,0.5,1.0,0.0,
lagged_return_reversal,2024-08-07 23:00:00+00:00,70,0.15853155335705255,0.20759338640538885,0.4714285714285714,0.009696187046123243,0.008981901331837528,0.7142857142857142,1.0,0.0,
lagged_return_reversal,2024-08-08 23:00:00+00:00,70,0.03312936005297237,0.0067360685854255965,0.4857142857142857,0.0005338797698413071,-0.00032326308730154995,0.8571428571428571,1.0,0.0,
lagged_return_reversal,2024-08-09 23:00:00+00:00,70,0.32306133696885203,0.3655848132271892,0.6857142857142857,0.013786194553065274,0.012857623124493846,0.9285714285714285,1.0,0.0,
lagged_return_reversal,2024-08-12 23:00:00+00:00,70,0.20794924071504414,0.22246522613944536,0.42857142857142855,0.013386620759726815,0.012886620759726814,0.5,1.0,0.0,
lagged_return_reversal,2024-08-13 23:00:00+00:00,70,0.029487391564269848,0.03021607908319482,0.5571428571428572,-0.000698998572048493,-0.00155614142919135,0.8571428571428571,1.0,0.0,
lagged_return_reversal,2024-08-14 23:00:00+00:00,70,-0.03429937889968773,-0.11654273466888286,0.38571428571428573,-0.006596889428549306,-0.007239746571406449,0.6428571428571428,1.0,0.0,
lagged_return_reversal,2024-08-15 23:00:00+00:00,70,-0.058715887161941975,-0.021327967806841045,0.44285714285714284,-0.001082863703327071,-0.0016542922747556422,0.5714285714285714,1.0,0.0,
lagged_return_reversal,2024-08-16 23:00:00+00:00,70,-0.19485475360529275,-0.16609220540635114,0.4857142857142857,-0.002826311221343093,-0.003469168364200236,0.6428571428571428,1.0,0.0,
lagged_return_reversal,2024-08-19 23:00:00+00:00,70,0.030934905964366363,0.13648849619455866,0.5142857142857142,-0.0018781965367490854,-0.0022353393938919427,0.3571428571428571,1.0,0.0,
lagged_return_reversal,2024-08-20 23:00:00+00:00,70,0.13158200145703008,-0.1882075059049952,0.4857142857142857,-0.002961778048053782,-0.0033903494766252106,0.42857142857142855,1.0,0.0,
lagged_return_reversal,2024-08-21 23:00:00+00:00,70,0.18593744194428233,-0.005896247047502406,0.38571428571428573,0.01858793486744569,0.01815936343887426,0.42857142857142855,1.0,0.0,
lagged_return_reversal,2024-08-22 23:00:00+00:00,70,-0.21302753079666426,-0.13529874901583414,0.42857142857142855,-0.004048092689582743,-0.0049052355467256,0.8571428571428571,1.0,0.0,
lagged_return_reversal,2024-08-23 23:00:00+00:00,70,-0.20578735639694182,-0.21858296372950606,0.4142857142857143,-0.016185661640943542,-0.0165428044980864,0.3571428571428571,1.0,0.0,
lagged_return_reversal,2024-08-26 23:00:00+00:00,70,-0.2644324926264825,-0.3772231407994998,0.3142857142857143,-0.005070382604160614,-0.005641811175589186,0.5714285714285714,1.0,0.0,
lagged_return_reversal,2024-08-27 23:00:00+00:00,70,-0.0620297473702868,-0.04697751727757851,0.45714285714285713,-0.0008576759180388963,-0.0014291044894674677,0.5714285714285714,1.0,0.0,
lagged_return_reversal,2024-08-28 23:00:00+00:00,70,-0.11672918584985204,-0.151850231825737,0.37142857142857144,-0.005560121198855539,-0.00606012119885554,0.5,1.0,0.0,
lagged_return_reversal,2024-08-29 23:00:00+00:00,70,0.018536269733433572,-0.1825037179599335,0.44285714285714284,-0.008540498714977618,-0.008826213000691903,0.2857142857142857,1.0,0.0,
lagged_return_reversal,2024-08-30 23:00:00+00:00,70,0.17147558074601238,-0.02825649549470738,0.35714285714285715,-0.0019929536387384783,-0.0024929536387384784,0.5,1.0,0.0,
lagged_return_reversal,2024-09-02 23:00:00+00:00,70,0.008347739996414921,-0.07171726008223252,0.34285714285714286,-0.010887836549617702,-0.011316407978189131,0.42857142857142855,1.0,0.0,
lagged_return_reversal,2024-09-03 23:00:00+00:00,70,-0.4305063864946596,-0.3351762750415537,0.34285714285714286,-0.023134968099649135,-0.023706396671077705,0.5714285714285714,1.0,0.0,
lagged_return_reversal,2024-09-04 23:00:00+00:00,70,-0.16836700911629413,-0.20111976205056423,0.38571428571428573,-0.01220943221027306,-0.01270943221027306,0.5,1.0,0.0,
lagged_return_reversal,2024-09-05 23:00:00+00:00,70,-0.044906289691182454,0.2628664409727126,0.6428571428571429,0.002956038976286025,0.002527467547714596,0.42857142857142855,1.0,0.0,
lagged_return_reversal,2024-09-06 23:00:00+00:00,70,-0.18740965833267886,0.010655235762400489,0.4857142857142857,0.006824661467823852,0.006467518610680995,0.3571428571428571,1.0,0.0,
lagged_return_reversal,2024-09-09 23:00:00+00:00,70,-0.325855528304203,-0.3135508704400315,0.38571428571428573,-0.015971307098556518,-0.01668559281284223,0.7142857142857142,1.0,0.0,
lagged_return_reversal,2024-09-10 23:00:00+00:00,70,-0.558240070277958,-0.5560143469512728,0.32857142857142857,-0.031929564707939964,-0.032500993279368534,0.5714285714285714,1.0,0.0,
lagged_return_reversal,2024-09-11 23:00:00+00:00,70,-0.5671289406230647,-0.54474674131747,0.34285714285714286,-0.03222824589349066,-0.03279967446491923,0.5714285714285714,1.0,0.0,
lagged_return_reversal,2024-09-12 23:00:00+00:00,70,-0.1056555200413914,-0.05786020470649988,0.42857142857142855,-0.007490451044366556,-0.007776165330080842,0.2857142857142857,1.0,0.0,
lagged_return_reversal,2024-09-13 23:00:00+00:00,70,0.3178005889825982,0.2821275478960721,0.6285714285714286,0.013302818433194221,0.012945675576051363,0.3571428571428571,1.0,0.0,
lagged_return_reversal,2024-09-16 23:00:00+00:00,70,0.09310764967181356,0.11591286851544046,0.6142857142857143,0.01076172879208359,0.010476014506369305,0.2857142857142857,1.0,0.0,
lagged_return_reversal,2024-09-17 23:00:00+00:00,70,0.5326636090213803,0.540267693115213,0.7285714285714285,0.03771172790936409,0.037426013623649806,0.2857142857142857,1.0,0.0,
lagged_return_reversal,2024-09-18 23:00:00+00:00,70,0.2724528818102308,0.3291575540197708,0.6,0.025762655987849083,0.025405513130706225,0.3571428571428571,1.0,0.0,
lagged_return_reversal,2024-09-19 23:00:00+00:00,70,-0.23248654613209724,-0.17620505642550957,0.42857142857142855,0.0017984442943232975,0.0008698728657518689,0.9285714285714285,1.0,0.0,
lagged_return_reversal,2024-09-20 23:00:00+00:00,70,-0.06443652458139261,0.03151080395415974,0.6,-0.005613946457786871,-0.006256803600644014,0.6428571428571428,1.0,0.0,
lagged_return_reversal,2024-09-23 23:00:00+00:00,70,-0.2530179321006939,-0.041203744204356574,0.5428571428571428,-0.004734980457628533,-0.005306409029057105,0.5714285714285714,1.0,0.0,
lagged_return_reversal,2024-09-24 23:00:00+00:00,70,0.03202679027620209,0.11769748928352726,0.5571428571428572,0.0012178067623947028,0.0005035210481089886,0.7142857142857142,1.0,0.0,
lagged_return_reversal,2024-09-25 23:00:00+00:00,70,-0.008484075495967292,0.08001049776922403,0.5857142857142857,0.0007290647659146397,0.00022906476591463972,0.5,1.0,0.0,
lagged_return_reversal,2024-09-26 23:00:00+00:00,70,0.11362610560118207,0.20755839384130872,0.6571428571428571,0.006640915901056607,0.00628377304391375,0.3571428571428571,1.0,0.0,
lagged_return_reversal,2024-09-27 23:00:00+00:00,70,0.21363492436260575,0.36516490245822764,0.5285714285714286,0.009384695701784629,0.008813267130356057,0.5714285714285714,1.0,0.0,
lagged_return_reversal,2024-09-30 23:00:00+00:00,70,0.2554515458455028,0.4096054588399965,0.7,0.02301570499906586,0.022372847856208716,0.6428571428571428,1.0,0.0,
lagged_return_reversal,2024-10-01 23:00:00+00:00,70,0.09284267210392107,0.0226576852418861,0.5428571428571428,0.0029616504169361325,0.0021759361312218466,0.7857142857142857,1.0,0.0,
lagged_return_reversal,2024-10-02 23:00:00+00:00,70,0.024489201897119162,0.16623217566267168,0.5857142857142857,0.008660681880852736,0.008160681880852736,0.5,1.0,0.0,
lagged_return_reversal,2024-10-03 23:00:00+00:00,70,0.06581070220483712,0.051841483684717,0.6285714285714286,0.015298160640893557,0.014655303498036414,0.6428571428571428,1.0,0.0,
lagged_return_reversal,2024-10-04 23:00:00+00:00,70,-0.10052614373282001,0.07238211879975505,0.5285714285714286,0.008188161346503312,0.007402447060789026,0.7857142857142857,1.0,0.0,
lagged_return_reversal,2024-10-07 23:00:00+00:00,70,0.05882231797695696,-0.06839296649461989,0.4857142857142857,0.0029216560154757937,0.002493084586904365,0.42857142857142855,1.0,0.0,
lagged_return_reversal,2024-10-08 23:00:00+00:00,70,0.10657976769634044,-0.06475373983028605,0.5142857142857142,-0.0016470461222849917,-0.002361331836570706,0.7142857142857142,1.0,0.0,
lagged_return_reversal,2024-10-09 23:00:00+00:00,70,0.002468831542873637,-0.05649549470737467,0.4714285714285714,0.006085683896532242,0.005585683896532242,0.5,1.0,0.0,
lagged_return_reversal,2024-10-10 23:00:00+00:00,70,-0.01393711022172067,-0.04204356574227976,0.5428571428571428,0.0017304495450424448,0.0013733066878995877,0.3571428571428571,1.0,0.0,
lagged_return_reversal,2024-10-11 23:00:00+00:00,70,-0.297943940476655,0.006526113200944799,0.5857142857142857,-0.015412007842941574,-0.01569772212865586,0.2857142857142857,1.0,0.0,
lagged_return_reversal,2024-10-14 23:00:00+00:00,70,0.0839600197079458,0.17032630566004722,0.6571428571428571,0.004327450706850774,0.003756022135422203,0.5714285714285714,1.0,0.0,
lagged_return_reversal,2024-10-15 23:00:00+00:00,70,-0.0523485222483326,-0.1991251858979967,0.5285714285714286,-0.0013079920673008426,-0.0020937063530151283,0.7857142857142857,1.0,0.0,
lagged_return_reversal,2024-10-16 23:00:00+00:00,70,-0.16753566981061876,-0.06912781034030269,0.44285714285714284,0.0005872038508499824,0.0002300609937071253,0.3571428571428571,1.0,0.0,
lagged_return_reversal,2024-10-17 23:00:00+00:00,70,-0.22656427021346326,-0.3176100078733269,0.4,-0.017818534146533532,-0.018389962717962102,0.5714285714285714,1.0,0.0,
lagged_return_reversal,2024-10-18 23:00:00+00:00,70,-0.3512540987412723,-0.3187297699238911,0.32857142857142857,-0.01657924550217271,-0.016793531216458425,0.21428571428571427,1.0,0.0,
lagged_return_reversal,2024-10-21 23:00:00+00:00,70,-0.37027973052453894,-0.2863641533147223,0.4,-0.011826483013032116,-0.012255054441603545,0.42857142857142855,1.0,0.0,
lagged_return_reversal,2024-10-22 23:00:00+00:00,70,0.02967148184573196,0.17401954352466717,0.6142857142857143,-0.003442363287729032,-0.004085220430586175,0.6428571428571428,1.0,0.0,
lagged_return_reversal,2024-10-23 23:00:00+00:00,70,0.15935666167844567,0.31960738000855576,0.6714285714285714,0.00474277284402775,0.0046713442725991785,0.07142857142857142,1.0,0.0,
lagged_return_reversal,2024-10-24 23:00:00+00:00,70,0.2734975837628761,0.27211967456915404,0.6428571428571429,0.01168854379971384,0.011474258085428126,0.21428571428571427,1.0,0.0,
lagged_return_reversal,2024-10-25 23:00:00+00:00,70,0.26696196895419166,0.19051868182586978,0.6,0.0106053307921599,0.0101053307921599,0.5,1.0,0.0,
lagged_return_reversal,2024-10-28 23:00:00+00:00,70,0.24628334837266092,0.08342957162288604,0.4857142857142857,0.01126912422104851,0.010697695649619938,0.5714285714285714,1.0,0.0,
lagged_return_reversal,2024-10-29 23:00:00+00:00,70,-0.003978093280154679,-0.11384830723471262,0.42857142857142855,-0.0027714045817922466,-0.0035571188675065325,0.7857142857142857,1.0,0.0,
lagged_return_reversal,2024-10-30 23:00:00+00:00,70,0.2181539820681982,0.116052838771761,0.42857142857142855,-8.007591941663219e-05,-0.0005800759194166322,0.5,1.0,0.0,
lagged_return_reversal,2024-10-31 23:00:00+00:00,70,0.12732390262070853,0.0611844982941125,0.5571428571428572,-0.0019704239863434646,-0.0021132811292006075,0.14285714285714285,1.0,0.0,
lagged_return_reversal,2024-11-01 23:00:00+00:00,70,0.20474635313674505,0.15716910156591724,0.5714285714285714,0.004925301351028554,0.004425301351028555,0.5,1.0,0.0,
lagged_return_reversal,2024-11-04 23:00:00+00:00,70,0.44044784442654916,0.14072259644825474,0.44285714285714284,0.02263447726164868,0.02220590583307725,0.42857142857142855,1.0,0.0,
lagged_return_reversal,2024-11-05 23:00:00+00:00,70,0.13609768568237324,0.11769748928352726,0.5857142857142857,0.013960095309896352,0.013531523881324923,0.42857142857142855,1.0,0.0,
lagged_return_reversal,2024-11-06 23:00:00+00:00,70,0.014088859965407166,-0.07511219589296161,0.5857142857142857,-0.009165125820112887,-0.009736554391541459,0.5714285714285714,1.0,0.0,
lagged_return_reversal,2024-11-07 23:00:00+00:00,70,-0.2591809103089035,-0.14229726183186073,0.4857142857142857,-0.012432371821520407,-0.013003800392948978,0.5714285714285714,1.0,0.0,
lagged_return_reversal,2024-11-08 23:00:00+00:00,70,-0.009790730926962553,0.019508354474674132,0.5857142857142857,-0.0005395059630180647,-0.0010395059630180646,0.5,1.0,0.0,
lagged_return_reversal,2024-11-11 23:00:00+00:00,70,0.30528181888267875,0.35995101041028776,0.6571428571428571,0.029146766922744434,0.028575338351315864,0.5714285714285714,1.0,0.0,
lagged_return_reversal,2024-11-12 23:00:00+00:00,70,-0.019559513201347734,-0.0003674219228413962,0.5714285714285714,0.007958453260300322,0.007601310403157465,0.3571428571428571,1.0,0.0,
lagged_return_reversal,2024-11-13 23:00:00+00:00,70,-0.1575202456475925,-0.08854868340477648,0.44285714285714284,-0.020414343967957372,-0.02127148682510023,0.8571428571428571,1.0,0.0,
lagged_return_reversal,2024-11-14 23:00:00+00:00,70,0.047230501054187246,0.034415186772810774,0.5571428571428572,-0.010067872013750385,-0.010425014870893243,0.3571428571428571,1.0,0.0,
lagged_return_reversal,2024-11-15 23:00:00+00:00,70,-0.16022720168244492,-0.20124399654340655,0.5142857142857142,-0.015770284156164622,-0.016270284156164622,0.5,1.0,0.0,
lagged_return_reversal,2024-11-18 23:00:00+00:00,70,-0.12061478046695881,-0.1123436269792669,0.4714285714285714,-0.010594065070037743,-0.0109512079271806,0.3571428571428571,1.0,0.0,
lagged_return_reversal,2024-11-19 23:00:00+00:00,70,-0.03769087707066916,-0.11281701353780958,0.5857142857142857,-0.002618323607254365,-0.003261180750111508,0.6428571428571428,1.0,0.0,
lagged_return_reversal,2024-11-20 23:00:00+00:00,70,0.04073704242606448,0.16171813489633452,0.6571428571428571,0.0006081175861635071,0.00025097472902065,0.3571428571428571,1.0,0.0,
lagged_return_reversal,2024-11-21 23:00:00+00:00,70,-0.12917515609293923,-0.16252296387017756,0.44285714285714284,-0.0035560101731753587,-0.004413153030318216,0.8571428571428571,1.0,0.0,
lagged_return_reversal,2024-11-22 23:00:00+00:00,70,-0.07302038937150261,-0.061499431370833704,0.44285714285714284,-0.0012642194027011752,-0.001978505116986889,0.7142857142857142,1.0,0.0,
lagged_return_reversal,2024-11-25 23:00:00+00:00,70,0.10017318604263174,0.06629341264981191,0.4142857142857143,0.0055206443969288916,0.004806358682643177,0.7142857142857142,1.0,0.0,
lagged_return_reversal,2024-11-26 23:00:00+00:00,70,0.07775614987341391,0.04491295599685067,0.5142857142857142,0.0037861208431801004,0.003214692271751529,0.5714285714285714,1.0,0.0,
lagged_return_reversal,2024-11-27 23:00:00+00:00,70,0.15770790139417312,0.11374332954247222,0.5142857142857142,0.006918970575269431,0.006347542003840859,0.5714285714285714,1.0,0.0,
lagged_return_reversal,2024-11-28 23:00:00+00:00,70,0.29284225068540676,0.30329804916455255,0.5285714285714286,0.019454549771907234,0.019097406914764376,0.3571428571428571,1.0,0.0,
lagged_return_reversal,2024-11-29 23:00:00+00:00,70,0.061902615389800304,0.08679905520076983,0.5285714285714286,0.0025516393918113395,0.0019087822489541966,0.6428571428571428,1.0,0.0,
lagged_return_reversal,2024-12-02 23:00:00+00:00,70,-0.11817889396908492,-0.16059837284577028,0.35714285714285715,-0.010746451649480106,-0.011603594506622962,0.8571428571428571,1.0,0.0,
lagged_return_reversal,2024-12-03 23:00:00+00:00,70,0.11342039073036037,0.04589274779109439,0.5,0.003762279795972996,0.003333708367401568,0.42857142857142855,1.0,0.0,
lagged_return_reversal,2024-12-04 23:00:00+00:00,70,0.27449283525035445,0.3346863791444318,0.6285714285714286,0.01458358068144041,0.014297866395726125,0.2857142857142857,1.0,0.0,
lagged_return_reversal,2024-12-05 23:00:00+00:00,70,0.3475091052175825,0.325518327355437,0.5857142857142857,0.019945593335059096,0.01951702190648767,0.42857142857142855,1.0,0.0,
lagged_return_reversal,2024-12-06 23:00:00+00:00,70,0.011470651072537079,-0.019788294987315193,0.5142857142857142,0.008506670224510746,0.008078098795939317,0.42857142857142855,1.0,0.0,
lagged_return_reversal,2024-12-09 23:00:00+00:00,70,0.13956205924339385,0.06667833085469338,0.6285714285714286,0.0011306584859319786,0.0003449442002176928,0.7857142857142857,1.0,0.0,
lagged_return_reversal,2024-12-10 23:00:00+00:00,70,0.16344180374322528,-0.009360510891435568,0.5285714285714286,0.017299935813648706,0.016657078670791563,0.6428571428571428,1.0,0.0,
lagged_return_reversal,2024-12-11 23:00:00+00:00,70,-0.17471246337560625,-0.25782746766333153,0.4142857142857143,-0.008099123850934043,-0.008813409565219758,0.7142857142857142,1.0,0.0,
lagged_return_reversal,2024-12-12 23:00:00+00:00,70,-0.18394047900459973,-0.13659347388679907,0.4857142857142857,-0.0015374317862884535,-0.0018945746434313106,0.3571428571428571,1.0,0.0,
lagged_return_reversal,2024-12-13 23:00:00+00:00,70,-0.01659021904975887,-0.11003411774997814,0.4,-0.002366105641525524,-0.002723248498668381,0.3571428571428571,1.0,0.0,
lagged_return_reversal,2024-12-16 23:00:00+00:00,70,0.38153470572744747,0.3420698101653398,0.6142857142857143,0.018976806645002613,0.018476806645002612,0.5,1.0,0.0,
lagged_return_reversal,2024-12-17 23:00:00+00:00,70,0.3664745710351042,0.2669757676493745,0.5285714285714286,0.019423022753547813,0.019065879896404955,0.3571428571428571,1.0,0.0,
lagged_return_reversal,2024-12-18 23:00:00+00:00,70,-0.02023201968231006,-0.14282215029306272,0.42857142857142855,-0.006030086634749036,-0.006458658063320464,0.42857142857142855,1.0,0.0,
lagged_return_reversal,2024-12-19 23:00:00+00:00,70,-0.006555391178780163,0.014049514478173385,0.6285714285714286,0.0051445906574175745,0.0045017335145604315,0.6428571428571428,1.0,0.0,
lagged_return_reversal,2024-12-20 23:00:00+00:00,70,-0.3305939246734293,-0.1348438456827924,0.5428571428571428,-0.0016197642224307506,-0.0022626213652878935,0.6428571428571428,1.0,0.0,
lagged_return_reversal,2024-12-23 23:00:00+00:00,70,0.2444803021674356,0.28272242148543436,0.5571428571428572,0.012443801091034674,0.011872372519606102,0.5714285714285714,1.0,0.0,
lagged_return_reversal,2024-12-24 23:00:00+00:00,70,0.11725117206534902,0.2485083899129748,0.5285714285714286,0.006187128616415331,0.005829985759272474,0.3571428571428571,1.0,0.0,
lagged_return_reversal,2024-12-27 23:00:00+00:00,70,0.48862568985107757,0.469477735981104,0.6428571428571429,0.017469703883787303,0.01682684674093016,0.6428571428571428,1.0,0.0,
lagged_return_reversal,2024-12-30 23:00:00+00:00,70,0.46261940107563265,0.24122124048639662,0.5,0.01565055491121788,0.014864840625503594,0.7857142857142857,1.0,0.0,
lagged_return_reversal,2024-12-31 23:00:00+00:00,70,0.07850586341418989,0.12893010235324992,0.5142857142857142,0.0059575771200493,0.005314719977192157,0.6428571428571428,1.0,0.0,
ridge_wind_weather_only,2023-01-02 23:00:00+00:00,70,0.034707984130900295,0.06747172822193295,0.5571428571428572,0.0033169107904331497,0.0023169107904331496,1.0,1.0,0.0,
ridge_wind_weather_only,2023-01-03 23:00:00+00:00,70,0.01208345251124448,0.01628891935230211,0.45714285714285713,0.003710862966636771,0.003710862966636771,0.0,1.0,0.0,
ridge_wind_weather_only,2023-01-04 23:00:00+00:00,70,0.017116521613491868,0.010412567107555696,0.4714285714285714,0.0031909126888942318,0.0028337698317513747,0.3571428571428571,1.0,0.0,
ridge_wind_weather_only,2023-01-05 23:00:00+00:00,70,-0.011740811372061667,-0.07409383689953694,0.4857142857142857,-0.0025080679253123256,-0.0026509250681694685,0.14285714285714285,1.0,0.0,
ridge_wind_weather_only,2023-01-06 23:00:00+00:00,70,-0.07879128654770794,-0.1412395821445836,0.44285714285714284,-0.012813783864822782,-0.012885212436251353,0.07142857142857142,1.0,0.0,
ridge_wind_weather_only,2023-01-09 23:00:00+00:00,70,-0.024651037354792394,-0.09116738443619077,0.44285714285714284,-0.005889772539208425,-0.005961201110636996,0.07142857142857142,1.0,0.0,
ridge_wind_weather_only,2023-01-10 23:00:00+00:00,70,-0.10779909386765776,-0.14439780562389737,0.45714285714285713,-0.009332903927853381,-0.009475761070710523,0.14285714285714285,1.0,0.0,
ridge_wind_weather_only,2023-01-11 23:00:00+00:00,70,0.06442675284958893,-0.0106613968362289,0.5571428571428572,0.007586494870920568,0.007515066299491997,0.07142857142857142,1.0,0.0,
ridge_wind_weather_only,2023-01-12 23:00:00+00:00,70,0.07048696234948815,0.02067200822823557,0.5857142857142857,0.011761874755104323,0.01161901761224718,0.14285714285714285,1.0,0.0,
ridge_wind_weather_only,2023-01-13 23:00:00+00:00,70,0.03276394537475759,0.004057838652209204,0.5142857142857142,0.018689705375621046,0.018546848232763903,0.14285714285714285,1.0,0.0,
ridge_wind_weather_only,2023-01-16 23:00:00+00:00,70,0.0990022405923272,0.04898117505190262,0.4857142857142857,0.020146815054377265,0.020146815054377265,0.0,1.0,0.0,
ridge_wind_weather_only,2023-01-17 23:00:00+00:00,70,0.14880719769069425,0.08129075828270044,0.5571428571428572,0.021065900091033034,0.02099447151960446,0.07142857142857142,1.0,0.0,
ridge_wind_weather_only,2023-01-18 23:00:00+00:00,70,0.017455054516202016,0.0425690243514777,0.5142857142857142,0.0056180655274132,0.0056180655274132,0.0,1.0,0.0,
ridge_wind_weather_only,2023-01-19 23:00:00+00:00,70,-0.009088887546775509,-0.04262644659655612,0.4,0.0017166280102979144,0.0017166280102979144,0.0,1.0,0.0,
ridge_wind_weather_only,2023-01-20 23:00:00+00:00,70,-0.03100371985017397,-0.0507425678060551,0.4142857142857143,0.0018444201758107924,0.0017015630329536495,0.14285714285714285,1.0,0.0,
ridge_wind_weather_only,2023-01-23 23:00:00+00:00,70,-0.15815429695539007,-0.08240092168755013,0.4857142857142857,-0.007913354100838932,-0.007984782672267503,0.07142857142857142,1.0,0.0,
ridge_wind_weather_only,2023-01-24 23:00:00+00:00,70,-0.20216287989104778,-0.13530595015314562,0.5,-0.005436466704254786,-0.005579323847111928,0.14285714285714285,1.0,0.0,
ridge_wind_weather_only,2023-01-25 23:00:00+00:00,70,-0.158497138736726,-0.1401485594880934,0.4142857142857143,-0.005431165834981671,-0.005431165834981671,0.0,1.0,0.0,
ridge_wind_weather_only,2023-01-26 23:00:00+00:00,70,-0.10917518201803887,-0.0039047126653333863,0.5714285714285714,-0.0017075058350681856,-0.001778934406496757,0.07142857142857142,1.0,0.0,
ridge_wind_weather_only,2023-01-27 23:00:00+00:00,70,-0.050086133794794756,0.002507438035091537,0.5571428571428572,-0.0016880835567807783,-0.0016880835567807783,0.0,1.0,0.0,
ridge_wind_weather_only,2023-01-30 23:00:00+00:00,70,-0.18354154517044494,-0.08278373665473969,0.42857142857142855,-0.008763799048151765,-0.008835227619580336,0.07142857142857142,1.0,0.0,
ridge_wind_weather_only,2023-01-31 23:00:00+00:00,70,-0.08880938210377612,0.0033304902145490645,0.5714285714285714,-0.005502861852842228,-0.005788576138556514,0.2857142857142857,1.0,0.0,
ridge_wind_weather_only,2023-02-01 23:00:00+00:00,70,0.00907412106031886,0.03003183417602001,0.5428571428571428,0.0038920233633382606,0.003463451934766832,0.42857142857142855,1.0,0.0,
ridge_wind_weather_only,2023-02-02 23:00:00+00:00,70,-0.018819414859693014,0.05604411119654978,0.38571428571428573,0.016190195448166605,0.015118766876738033,1.0714285714285714,1.0,0.0,
ridge_wind_weather_only,2023-02-03 23:00:00+00:00,70,0.04773176804453867,-0.014738376236797584,0.35714285714285715,0.014288761958852985,0.013860190530281556,0.42857142857142855,1.0,0.0,
ridge_wind_weather_only,2023-02-06 23:00:00+00:00,70,-0.021818191083614366,-0.08213295121051745,0.38571428571428573,-0.0018099324356336385,-0.00188136100706221,0.07142857142857142,1.0,0.0,
ridge_wind_weather_only,2023-02-07 23:00:00+00:00,70,0.03337224754254008,-0.04189909815889599,0.5428571428571428,0.0009648291134879,0.0009648291134879,0.0,1.0,0.0,
ridge_wind_weather_only,2023-02-08 23:00:00+00:00,70,0.09373842297729107,0.04377489149812477,0.5428571428571428,-0.001915890144894986,-0.001915890144894986,0.0,1.0,0.0,
ridge_wind_weather_only,2023-02-09 23:00:00+00:00,70,0.047959768037572736,-0.011063352551777926,0.5571428571428572,-0.004156689413909064,-0.004156689413909064,0.0,1.0,0.0,
ridge_wind_weather_only,2023-02-10 23:00:00+00:00,70,0.059139734983685494,0.07072506518826893,0.5,0.001464689666907068,0.001464689666907068,0.0,1.0,0.0,
ridge_wind_weather_only,2023-02-13 23:00:00+00:00,70,0.06357177739634368,-0.03005097492437949,0.5,0.002924691734846353,0.002924691734846353,0.0,1.0,0.0,
ridge_wind_weather_only,2023-02-14 23:00:00+00:00,70,0.11430689864838531,0.029534174718673603,0.5714285714285714,0.011003471342606153,0.010932042771177581,0.07142857142857142,1.0,0.0,
ridge_wind_weather_only,2023-02-15 23:00:00+00:00,70,-0.001984642862703205,0.09107168069439339,0.4714285714285714,0.007618946692396817,0.007618946692396817,0.0,1.0,0.0,
ridge_wind_weather_only,2023-02-16 23:00:00+00:00,70,0.034870026611095103,0.19850870123613992,0.5285714285714286,0.008089640074176441,0.008089640074176441,0.0,1.0,0.0,
ridge_wind_weather_only,2023-02-17 23:00:00+00:00,70,-0.03448411359068917,-0.012939145891006712,0.5,-0.0006250928819052388,-0.0006965214533338102,0.07142857142857142,1.0,0.0,
ridge_wind_weather_only,2023-02-20 23:00:00+00:00,70,0.04601473738098442,0.1362629875711195,0.5714285714285714,0.006596314600641542,0.006524886029212971,0.07142857142857142,1.0,0.0,
ridge_wind_weather_only,2023-02-21 23:00:00+00:00,70,-0.005836153421810228,0.0071586398864445415,0.5285714285714286,0.003474305877543246,0.003474305877543246,0.0,1.0,0.0,
ridge_wind_weather_only,2023-02-22 23:00:00+00:00,70,0.10223986122643287,0.007809425330666773,0.4714285714285714,-0.004996003021178567,-0.005567431592607139,0.5714285714285714,1.0,0.0,
ridge_wind_weather_only,2023-02-23 23:00:00+00:00,70,0.10430015582638047,0.009953189146928238,0.5285714285714286,-0.0038978877811601358,-0.003969316352588707,0.07142857142857142,1.0,0.0,
ridge_wind_weather_only,2023-02-24 23:00:00+00:00,70,0.05806197542249946,0.05349839166473928,0.5571428571428572,-0.0008972461996728137,-0.0010401033425299566,0.14285714285714285,1.0,0.0,
ridge_wind_weather_only,2023-02-27 23:00:00+00:00,70,-0.004796578665927349,-0.2113904248820682,0.35714285714285715,-0.01368328666252559,-0.013969000948239874,0.2857142857142857,1.0,0.0,
ridge_wind_weather_only,2023-02-28 23:00:00+00:00,70,0.028648782475811412,-0.19230709876766924,0.35714285714285715,-0.013751675283689532,-0.013751675283689532,0.0,1.0,0.0,
ridge_wind_weather_only,2023-03-01 23:00:00+00:00,70,-0.03460059161698466,0.028672841042497118,0.4714285714285714,-0.0012439561603035353,-0.0026010990174463924,1.357142857142857,1.0,0.0,
ridge_wind_weather_only,2023-03-02 23:00:00+00:00,70,-0.11759254870716643,-0.1539298983069171,0.4,-0.009236929578679753,-0.009308358150108324,0.07142857142857142,1.0,0.0,
ridge_wind_weather_only,2023-03-03 23:00:00+00:00,70,-0.023818722409416262,-0.008230521794575273,0.4857142857142857,0.0011527292867647173,0.00029558642962186025,0.8571428571428571,1.0,0.0,
ridge_wind_weather_only,2023-03-06 23:00:00+00:00,70,0.03204645018827308,-0.02771580362452325,0.44285714285714284,0.010057337194522988,0.009628765765951558,0.42857142857142855,1.0,0.0,
ridge_wind_weather_only,2023-03-07 23:00:00+00:00,70,0.05372184983196057,0.13088443728210633,0.6,0.0012890287200365144,0.0005033144343222286,0.7857142857142857,1.0,0.0,
ridge_wind_weather_only,2023-03-08 23:00:00+00:00,70,-0.2571845667090248,-0.11666286125101463,0.4,-0.006949355219710181,-0.007020783791138753,0.07142857142857142,1.0,0.0,
ridge_wind_weather_only,2023-03-09 23:00:00+00:00,70,-0.12774958604749484,0.037783837261608354,0.5,0.0011284528816867569,0.0011284528816867569,0.0,1.0,0.0,
ridge_wind_weather_only,2023-03-10 23:00:00+00:00,70,-0.2582759170272459,-0.23992928068604896,0.34285714285714286,-0.014358809322680278,-0.015215952179823135,0.8571428571428571,1.0,0.0,
ridge_wind_weather_only,2023-03-13 23:00:00+00:00,70,-0.1456505132302312,-0.05726911909155633,0.5714285714285714,-0.0073670994224635,-0.007581385136749215,0.21428571428571427,1.0,0.0,
ridge_wind_weather_only,2023-03-14 23:00:00+00:00,70,-0.15355894658182848,-0.19475711455768235,0.5285714285714286,-0.008879826598278929,-0.009022683741136071,0.14285714285714285,1.0,0.0,
ridge_wind_weather_only,2023-03-15 23:00:00+00:00,70,-0.08417454529868328,-0.043621765511248946,0.5285714285714286,-0.0051859389390418635,-0.005257367510470435,0.07142857142857142,1.0,0.0,
ridge_wind_weather_only,2023-03-16 23:00:00+00:00,70,-0.014304243628566056,-0.018585666657052538,0.5142857142857142,-0.006405559030211854,-0.006405559030211854,0.0,1.0,0.0,
ridge_wind_weather_only,2023-03-17 23:00:00+00:00,70,0.11130213173266422,0.18237305036910048,0.5571428571428572,0.006859590644299582,0.0060024477871567245,0.8571428571428571,1.0,0.0,
ridge_wind_weather_only,2023-03-20 23:00:00+00:00,70,0.11716435751268056,0.1488384592432961,0.6,0.008747203458279243,0.007961489172564958,0.7857142857142857,1.0,0.0,
ridge_wind_weather_only,2023-03-21 23:00:00+00:00,70,0.08110186845422448,-0.032577553707830505,0.44285714285714284,0.0040208395043101,0.002735125218595814,1.2857142857142856,1.0,0.0,
ridge_wind_weather_only,2023-03-22 23:00:00+00:00,70,0.09760236970463314,0.1654526288193225,0.5857142857142857,0.010649379005113329,0.010149379005113328,0.5,1.0,0.0,
ridge_wind_weather_only,2023-03-23 23:00:00+00:00,70,-0.11390194019350844,-0.1918668615554013,0.4,-0.0075944607557750995,-0.0080944607557751,0.5,1.0,0.0,
ridge_wind_weather_only,2023-03-24 23:00:00+00:00,70,0.017232602946710182,-0.1677495186224598,0.4,-0.0075452186010504674,-0.007616647172479039,0.07142857142857142,1.0,0.0,
ridge_wind_weather_only,2023-03-27 23:00:00+00:00,70,0.09298280805068466,-0.009742640914973988,0.45714285714285713,-0.005459005172864335,-0.005816148030007192,0.3571428571428571,1.0,0.0,
ridge_wind_weather_only,2023-03-28 23:00:00+00:00,70,0.06713163735188209,0.02760095913436638,0.4,-0.00194565753710602,-0.0021599432513917344,0.21428571428571427,1.0,0.0,
ridge_wind_weather_only,2023-03-29 23:00:00+00:00,70,0.09681896611699514,0.08418101128498152,0.6,0.00046699619775830687,0.00010985334061544978,0.3571428571428571,1.0,0.0,
ridge_wind_weather_only,2023-03-30 23:00:00+00:00,70,0.16659272180600976,0.058266476935351336,0.5285714285714286,0.011254944351924112,0.010826372923352683,0.42857142857142855,1.0,0.0,
ridge_wind_weather_only,2023-03-31 23:00:00+00:00,70,0.13152310132253717,0.05623551868014454,0.6428571428571429,0.008622794074064556,0.008479936931207414,0.14285714285714285,1.0,0.0,
ridge_wind_weather_only,2023-04-03 23:00:00+00:00,70,0.2433618433672262,0.3109988793447885,0.7,0.0233622746086259,0.022719417465768756,0.6428571428571428,1.0,0.0,
ridge_wind_weather_only,2023-04-04 23:00:00+00:00,70,0.22329080726932032,0.1715393867976363,0.6142857142857143,0.017195488048822004,0.01712405947739343,0.07142857142857142,1.0,0.0,
ridge_wind_weather_only,2023-04-05 23:00:00+00:00,70,0.06705503491414727,0.0034644754530654062,0.4,-0.0021846064083050564,-0.0023274635511621993,0.14285714285714285,1.0,0.0,
ridge_wind_weather_only,2023-04-06 23:00:00+00:00,70,0.0053300078524267875,-0.041745972172020175,0.44285714285714284,-0.0029976243112579443,-0.003426195739829373,0.42857142857142855,1.0,0.0,
ridge_wind_weather_only,2023-04-11 23:00:00+00:00,70,0.058233387646155134,-0.023619683475595087,0.4,0.002866978793487097,0.0026526930792013827,0.21428571428571427,1.0,0.0,
ridge_wind_weather_only,2023-04-12 23:00:00+00:00,70,-0.23152055565054883,-0.2829768237465136,0.35714285714285715,-0.020616952236284434,-0.02104552366485586,0.42857142857142855,1.0,0.0,
ridge_wind_weather_only,2023-04-13 23:00:00+00:00,70,-0.21275592426956674,-0.1560545213748191,0.4,-0.013634798979150431,-0.013849084693436145,0.21428571428571427,1.0,0.0,
ridge_wind_weather_only,2023-04-14 23:00:00+00:00,70,-0.045609849114374455,-0.03297950942337953,0.5571428571428572,-0.0020634927293161857,-0.0023492070150304715,0.2857142857142857,1.0,0.0,
ridge_wind_weather_only,2023-04-17 23:00:00+00:00,70,-0.04748709977983666,0.005646520766045828,0.5285714285714286,0.0023350492716357214,0.00226362070020715,0.07142857142857142,1.0,0.0,
ridge_wind_weather_only,2023-04-18 23:00:00+00:00,70,-0.2099628656720987,-0.16836202256996305,0.38571428571428573,-0.010620939917745272,-0.011692368489173844,1.0714285714285714,1.0,0.0,
ridge_wind_weather_only,2023-04-19 23:00:00+00:00,70,-0.2136432066709821,-0.29105421955421307,0.37142857142857144,-0.006725227070251849,-0.007868084213108991,1.1428571428571428,1.0,0.0,
ridge_wind_weather_only,2023-04-20 23:00:00+00:00,70,-0.08064024650454216,-0.1061354496533021,0.4714285714285714,-0.0015860388177182329,-0.0016574673891468043,0.07142857142857142,1.0,0.0,
ridge_wind_weather_only,2023-04-21 23:00:00+00:00,70,-0.14281008662849298,-0.10523583448040665,0.5,-0.008692526459827918,-0.00883538360268506,0.14285714285714285,1.0,0.0,
ridge_wind_weather_only,2023-04-24 23:00:00+00:00,70,-0.09472937753444455,-0.1672327184167539,0.4857142857142857,-0.00962176698462496,-0.010264624127482103,0.6428571428571428,1.0,0.0,
ridge_wind_weather_only,2023-04-25 23:00:00+00:00,70,0.010695101257261919,0.07373016268070687,0.4714285714285714,-0.0013384122787080785,-0.001766983707279507,0.42857142857142855,1.0,0.0,
ridge_wind_weather_only,2023-04-26 23:00:00+00:00,70,0.22249425698147884,0.19747510082472816,0.6571428571428571,0.009701964574708639,0.008701964574708638,1.0,1.0,0.0,
ridge_wind_weather_only,2023-04-27 23:00:00+00:00,70,-0.031324405959298675,0.015829398893287796,0.5285714285714286,0.008345574453453502,0.008131288739167788,0.21428571428571427,1.0,0.0,
ridge_wind_weather_only,2023-04-28 23:00:00+00:00,70,0.013246564728790745,-0.024500157900131048,0.6,0.004853293492361085,0.00463900777807537,0.21428571428571427,1.0,0.0,
ridge_wind_weather_only,2023-05-01 23:00:00+00:00,70,0.012046945346538846,0.0014164153786013264,0.6142857142857143,0.00630819676177687,0.006165339618919728,0.14285714285714285,1.0,0.0,
ridge_wind_weather_only,2023-05-02 23:00:00+00:00,70,0.044377669593541155,0.148303815677599,0.6285714285714286,0.007286151708883046,0.006500437423168761,0.7857142857142857,1.0,0.0,
ridge_wind_weather_only,2023-05-03 23:00:00+00:00,70,0.07165428974774603,0.22136275477735592,0.5857142857142857,0.010961896795804317,0.010819039652947175,0.14285714285714285,1.0,0.0,
ridge_wind_weather_only,2023-05-04 23:00:00+00:00,70,0.11185662647232869,0.13165006721648542,0.5428571428571428,0.009236780109343954,0.008736780109343954,0.5,1.0,0.0,
ridge_wind_weather_only,2023-05-05 23:00:00+00:00,70,0.07412105344684929,0.17173079428123106,0.6142857142857143,0.002409773519699636,0.0023383449482710645,0.07142857142857142,1.0,0.0,
ridge_wind_weather_only,2023-05-08 23:00:00+00:00,70,0.12446573371169939,0.13819620315542672,0.5,0.003912253833505739,0.003912253833505739,0.0,1.0,0.0,
ridge_wind_weather_only,2023-05-09 23:00:00+00:00,70,0.07897579119990224,0.04283699482851039,0.5285714285714286,0.008639758965596843,0.00842547325131113,0.21428571428571427,1.0,0.0,
ridge_wind_weather_only,2023-05-10 23:00:00+00:00,70,0.10197997768396969,0.13655009879651164,0.5714285714285714,0.0077989164893107945,0.007727487917882223,0.07142857142857142,1.0,0.0,
ridge_wind_weather_only,2023-05-11 23:00:00+00:00,70,-0.030839873888535065,-0.10776618434495006,0.45714285714285713,-0.0008309014392015037,-0.0013309014392015037,0.5,1.0,0.0,
ridge_wind_weather_only,2023-05-12 23:00:00+00:00,70,0.1213900293622437,0.0894447170838378,0.5857142857142857,0.011160857570225079,0.009946571855939364,1.2142857142857142,1.0,0.0,
ridge_wind_weather_only,2023-05-15 23:00:00+00:00,70,0.10421644213619329,0.14177552309864896,0.5857142857142857,0.011910490292725786,0.01155334743558293,0.3571428571428571,1.0,0.0,
ridge_wind_weather_only,2023-05-16 23:00:00+00:00,70,0.21192975968305744,0.1962309521813621,0.5285714285714286,0.013337205605676606,0.012908634177105176,0.42857142857142855,1.0,0.0,
ridge_wind_weather_only,2023-05-17 23:00:00+00:00,70,0.2933386068818258,0.19753252306980656,0.5,0.011567266689631525,0.011138695261060096,0.42857142857142855,1.0,0.0,
ridge_wind_weather_only,2023-05-18 23:00:00+00:00,70,0.13256181560415495,0.14305795323873394,0.4142857142857143,0.009872252153431495,0.009729395010574352,0.14285714285714285,1.0,0.0,
ridge_wind_weather_only,2023-05-19 23:00:00+00:00,70,0.044331054390530845,0.02404077993950359,0.38571428571428573,-0.002965073857109382,-0.002965073857109382,0.0,1.0,0.0,
ridge_wind_weather_only,2023-05-22 23:00:00+00:00,70,0.21889257257673594,0.13182233395172072,0.44285714285714284,0.005918224002136288,0.005918224002136288,0.0,1.0,0.0,
ridge_wind_weather_only,2023-05-23 23:00:00+00:00,70,0.02534450405649651,-0.06842817538513164,0.44285714285714284,-3.389372088896422e-05,-0.0003910365780318213,0.3571428571428571,1.0,0.0,
ridge_wind_weather_only,2023-05-24 23:00:00+00:00,70,-0.1873333903184919,-0.07681182316658274,0.42857142857142855,-0.011023509865138328,-0.011380652722281184,0.3571428571428571,1.0,0.0,
ridge_wind_weather_only,2023-05-25 23:00:00+00:00,70,-0.2163024289593527,-0.23648394598134304,0.4142857142857143,-0.01910061151074266,-0.019243468653599802,0.14285714285714285,1.0,0.0,
ridge_wind_weather_only,2023-05-26 23:00:00+00:00,70,-0.07845897186230254,-0.03089343811353185,0.5142857142857142,-0.00791069034960763,-0.008696404635321916,0.7857142857142857,1.0,0.0,
ridge_wind_weather_only,2023-05-29 23:00:00+00:00,70,-0.2158249994470091,-0.18070780526182598,0.4,-0.0114296173318591,-0.011572474474716243,0.14285714285714285,1.0,0.0,
ridge_wind_weather_only,2023-05-30 23:00:00+00:00,70,-0.25387249130058887,-0.15544201742731584,0.44285714285714284,-0.004551492366771795,-0.00476577808105751,0.21428571428571427,1.0,0.0,
ridge_wind_weather_only,2023-05-31 23:00:00+00:00,70,-0.22889650733238856,-0.15192011972917197,0.42857142857142855,-0.010612509923553008,-0.010683938494981579,0.07142857142857142,1.0,0.0,
ridge_wind_weather_only,2023-06-01 23:00:00+00:00,70,-0.060823610672681286,-0.06569104836972638,0.5428571428571428,0.00039589485548287523,0.0002530377126257324,0.14285714285714285,1.0,0.0,
ridge_wind_weather_only,2023-06-02 23:00:00+00:00,70,-0.09401842741477262,-0.10630771638853738,0.6,-0.007922994577142004,-0.008422994577142004,0.5,1.0,0.0,
ridge_wind_weather_only,2023-06-05 23:00:00+00:00,70,-0.05990290273239819,-0.09922563949553076,0.5714285714285714,0.00030769061449032804,-0.000692309385509672,1.0,1.0,0.0,
ridge_wind_weather_only,2023-06-06 23:00:00+00:00,70,0.0181960985144872,0.06992115375717088,0.5857142857142857,0.006420263802633825,0.005277406659776682,1.1428571428571428,1.0,0.0,
ridge_wind_weather_only,2023-06-07 23:00:00+00:00,70,0.07125243893932548,0.03927681563364759,0.5571428571428572,0.010165094801374949,0.010093666229946377,0.07142857142857142,1.0,0.0,
ridge_wind_weather_only,2023-06-08 23:00:00+00:00,70,0.08336887333467828,0.17129055706896307,0.6714285714285714,0.010130280118085313,0.009915994403799599,0.21428571428571427,1.0,0.0,
ridge_wind_weather_only,2023-06-09 23:00:00+00:00,70,0.09861665763591156,0.14426382038538102,0.6285714285714286,0.010402438964743528,0.010402438964743528,0.0,1.0,0.0,
ridge_wind_weather_only,2023-06-12 23:00:00+00:00,70,-0.0007048738397853898,0.0014164153786013264,0.5714285714285714,-5.869536204499212e-05,-0.0005586953620449922,0.5,1.0,0.0,
ridge_wind_weather_only,2023-06-13 23:00:00+00:00,70,-0.0063277350108472226,-0.10961906585472696,0.44285714285714284,-0.004127180537183696,-0.0041986091086122675,0.07142857142857142,1.0,0.0,
ridge_wind_weather_only,2023-06-14 23:00:00+00:00,70,-0.05804917357760795,-0.1595955598213224,0.4142857142857143,-0.01328802584637867,-0.013359454417807242,0.07142857142857142,1.0,0.0,
ridge_wind_weather_only,2023-06-15 23:00:00+00:00,70,0.0423514402678233,0.0027371270154052654,0.44285714285714284,-0.00017698558114699218,-0.0006769855811469922,0.5,1.0,0.0,
ridge_wind_weather_only,2023-06-16 23:00:00+00:00,70,0.04878404676785657,-0.030912308600555976,0.44285714285714284,0.0023196581133696718,0.002176800970512529,0.14285714285714285,1.0,0.0,
ridge_wind_weather_only,2023-06-19 23:00:00+00:00,70,0.10986347705190183,0.0739598516610206,0.5142857142857142,0.00366059703922175,0.0034463113249360356,0.21428571428571427,1.0,0.0,
ridge_wind_weather_only,2023-06-20 23:00:00+00:00,70,0.24931021048976687,0.24199859855599953,0.6285714285714286,0.013935775268102132,0.01379291812524499,0.14285714285714285,1.0,0.0,
ridge_wind_weather_only,2023-06-21 23:00:00+00:00,70,0.1931719478723735,0.15517404695028314,0.5857142857142857,0.00723087729466635,0.006802305866094921,0.42857142857142855,1.0,0.0,
ridge_wind_weather_only,2023-06-22 23:00:00+00:00,70,-0.19757180760252546,-0.23656050897478095,0.45714285714285713,-0.006538689679944047,-0.006610118251372618,0.07142857142857142,1.0,0.0,
ridge_wind_weather_only,2023-06-23 23:00:00+00:00,70,-0.04117888043621388,-0.11721794295343947,0.37142857142857144,0.0045249690908447104,0.0045249690908447104,0.0,1.0,0.0,
ridge_wind_weather_only,2023-06-26 23:00:00+00:00,70,-0.015723363194208202,-0.1828898505748064,0.5285714285714286,0.0013293675097734655,0.0013293675097734655,0.0,1.0,0.0,
ridge_wind_weather_only,2023-06-27 23:00:00+00:00,70,-0.053887057491914796,-0.2579598656406767,0.4714285714285714,-0.005521497046613515,-0.005664354189470658,0.14285714285714285,1.0,0.0,
ridge_wind_weather_only,2023-06-28 23:00:00+00:00,70,-0.06553177957982521,-0.11955311425329573,0.42857142857142855,0.0022408199587768884,0.0018122485302054599,0.42857142857142855,1.0,0.0,
ridge_wind_weather_only,2023-06-29 23:00:00+00:00,70,0.0028851395387781116,-0.0023351712998562406,0.5571428571428572,0.011404796497116867,0.011047653639974009,0.3571428571428571,1.0,0.0,
ridge_wind_weather_only,2023-06-30 23:00:00+00:00,70,-0.21069211173394628,-0.1963266559231595,0.4142857142857143,-0.0024949805546179422,-0.0029949805546179422,0.5,1.0,0.0,
ridge_wind_weather_only,2023-07-03 23:00:00+00:00,70,-0.017122340108582317,-0.07930012045331479,0.5428571428571428,0.002517907308827454,0.002017907308827454,0.5,1.0,0.0,
ridge_wind_weather_only,2023-07-04 23:00:00+00:00,70,-0.1780472827066697,-0.2099548687551074,0.4142857142857143,-0.003809521630997442,-0.004238093059568871,0.42857142857142855,1.0,0.0,
ridge_wind_weather_only,2023-07-05 23:00:00+00:00,70,-0.26551731084618596,-0.25999105941518164,0.32857142857142857,-0.01160977008524186,-0.011752627228099003,0.14285714285714285,1.0,0.0,
ridge_wind_weather_only,2023-07-06 23:00:00+00:00,70,-0.11094363505309399,-0.03137168656118343,0.5,-0.00523972956014765,-0.005311158131576221,0.07142857142857142,1.0,0.0,
ridge_wind_weather_only,2023-07-07 23:00:00+00:00,70,-0.06066524948389918,-0.02840487056546443,0.4714285714285714,-0.0027120161588317132,-0.0027120161588317132,0.0,1.0,0.0,
ridge_wind_weather_only,2023-07-10 23:00:00+00:00,70,-0.09825158192029046,-0.05994882386188315,0.45714285714285713,-0.0034997809360358795,-0.003928352364607308,0.42857142857142855,1.0,0.0,
ridge_wind_weather_only,2023-07-11 23:00:00+00:00,70,0.006934895991405042,-0.027677522127804294,0.44285714285714284,-0.0019448224350861255,-0.002016251006514697,0.07142857142857142,1.0,0.0,
ridge_wind_weather_only,2023-07-12 23:00:00+00:00,70,0.019445321926251813,-0.0001914074835947738,0.42857142857142855,-0.003458727521389831,-0.003601584664246974,0.14285714285714285,1.0,0.0,
ridge_wind_weather_only,2023-07-13 23:00:00+00:00,70,-0.03553663858000234,0.01460439099828124,0.34285714285714286,-0.006379451480372727,-0.006379451480372727,0.0,1.0,0.0,
ridge_wind_weather_only,2023-07-14 23:00:00+00:00,70,-0.12043876781763335,-0.26295560096250026,0.38571428571428573,-0.00816771904714093,-0.00859629047571236,0.42857142857142855,1.0,0.0,
ridge_wind_weather_only,2023-07-17 23:00:00+00:00,70,0.02056026234292681,-0.004861750083307255,0.4857142857142857,0.004443061904747541,0.004300204761890398,0.14285714285714285,1.0,0.0,
ridge_wind_weather_only,2023-07-18 23:00:00+00:00,70,0.051028383277055306,-0.04117174972123585,0.45714285714285713,0.006722383042963005,0.006150954471534433,0.5714285714285714,1.0,0.0,
ridge_wind_weather_only,2023-07-19 23:00:00+00:00,70,0.11028178237622403,0.044023721226797985,0.4857142857142857,0.007959337944937054,0.0076736236592227685,0.2857142857142857,1.0,0.0,
ridge_wind_weather_only,2023-07-20 23:00:00+00:00,70,0.0644564167541753,0.05321128043934712,0.42857142857142855,0.006077179711517871,0.005862893997232156,0.21428571428571427,1.0,0.0,
ridge_wind_weather_only,2023-07-21 23:00:00+00:00,70,0.057115503950687485,0.04760304117002025,0.4142857142857143,0.00453930943577099,0.003967880864342418,0.5714285714285714,1.0,0.0,
ridge_wind_weather_only,2023-07-24 23:00:00+00:00,70,-0.12094885467503548,-0.17898513790947299,0.32857142857142857,-0.017807134720727466,-0.018164277577870324,0.3571428571428571,1.0,0.0,
ridge_wind_weather_only,2023-07-25 23:00:00+00:00,70,-0.14814413273789445,-0.12496994603902783,0.45714285714285713,-0.00336336575482895,-0.0036490800405432357,0.2857142857142857,1.0,0.0,
ridge_wind_weather_only,2023-07-26 23:00:00+00:00,70,-0.2231877527723868,-0.1867754224917803,0.45714285714285713,-0.004872288967852082,-0.004943717539280653,0.07142857142857142,1.0,0.0,
ridge_wind_weather_only,2023-07-27 23:00:00+00:00,70,-0.04988037176573602,-0.021265371427379373,0.4857142857142857,-0.0007923303782261182,-0.0007923303782261182,0.0,1.0,0.0,
ridge_wind_weather_only,2023-07-28 23:00:00+00:00,70,-0.00859103768311882,-0.06758598245731463,0.4,-0.003692853185788415,-0.003764281757216986,0.07142857142857142,1.0,0.0,
ridge_wind_weather_only,2023-07-31 23:00:00+00:00,70,-0.03617985796468962,-0.159538137576244,0.42857142857142855,-0.0020838252412054927,-0.0027266823840626357,0.6428571428571428,1.0,0.0,
ridge_wind_weather_only,2023-08-01 23:00:00+00:00,70,0.09683252221982534,-0.07011256124076565,0.42857142857142855,-0.0024224078000506747,-0.0025652649429078176,0.14285714285714285,1.0,0.0,
ridge_wind_weather_only,2023-08-02 23:00:00+00:00,70,0.12948430070108172,-0.038396341209111624,0.42857142857142855,0.00013359503272017542,-0.00015211925299411027,0.2857142857142857,1.0,0.0,
ridge_wind_weather_only,2023-08-03 23:00:00+00:00,70,0.018825004999353877,-0.03902798590497438,0.4857142857142857,-0.002333987867328164,-0.0026911307244710213,0.3571428571428571,1.0,0.0,
ridge_wind_weather_only,2023-08-04 23:00:00+00:00,70,0.06738377939548915,0.21003143174854533,0.5714285714285714,0.0048187868150803065,0.004604501100794592,0.21428571428571427,1.0,0.0,
ridge_wind_weather_only,2023-08-07 23:00:00+00:00,70,0.26213932097616416,0.16727099991347286,0.5857142857142857,0.008397600514538377,0.008183314800252663,0.21428571428571427,1.0,0.0,
ridge_wind_weather_only,2023-08-08 23:00:00+00:00,70,0.2731531860897488,0.23344056699218615,0.5714285714285714,0.010256848952680975,0.009399706095538118,0.8571428571428571,1.0,0.0,
ridge_wind_weather_only,2023-08-09 23:00:00+00:00,70,0.16311014168548132,0.14212005656911958,0.5571428571428572,0.00827903085964387,0.007779030859643869,0.5,1.0,0.0,
ridge_wind_weather_only,2023-08-10 23:00:00+00:00,70,0.03946381730490271,-0.029534174718673603,0.5428571428571428,-0.007849558532571192,-0.008920987103999764,1.0714285714285714,1.0,0.0,
ridge_wind_weather_only,2023-08-11 23:00:00+00:00,70,-0.2915023059177512,-0.3497588947727302,0.4714285714285714,-0.015382930946630935,-0.015597216660916648,0.21428571428571427,1.0,0.0,
ridge_wind_weather_only,2023-08-14 23:00:00+00:00,70,-0.19165308113412693,-0.12613753168895595,0.5428571428571428,-0.012360752971445649,-0.012717895828588507,0.3571428571428571,1.0,0.0,
ridge_wind_weather_only,2023-08-15 23:00:00+00:00,70,-0.15892751927067353,-0.11425112695772048,0.4142857142857143,-0.005682406901062911,-0.006110978329634339,0.42857142857142855,1.0,0.0,
ridge_wind_weather_only,2023-08-16 23:00:00+00:00,70,-0.25415685124819926,-0.11748591343047218,0.38571428571428573,-0.00625571124589292,-0.006469996960178635,0.21428571428571427,1.0,0.0,
ridge_wind_weather_only,2023-08-17 23:00:00+00:00,70,-0.31362154232448664,-0.2835893276940169,0.42857142857142855,-0.011349119645909594,-0.011777691074481024,0.42857142857142855,1.0,0.0,
ridge_wind_weather_only,2023-08-18 23:00:00+00:00,70,-0.3393269911361919,-0.3478448199367824,0.4,-0.011831122156154643,-0.011831122156154643,0.0,1.0,0.0,
ridge_wind_weather_only,2023-08-21 23:00:00+00:00,70,-0.4319760172804774,-0.31714305956818073,0.4857142857142857,-0.02186611458197498,-0.02272325743911784,0.8571428571428571,1.0,0.0,
ridge_wind_weather_only,2023-08-22 23:00:00+00:00,70,-0.20306107063181092,-0.2782107774050037,0.45714285714285713,-0.013519153705625885,-0.013519153705625885,0.0,1.0,0.0,
ridge_wind_weather_only,2023-08-23 23:00:00+00:00,70,-0.11971910077931655,-0.06272423237400739,0.5857142857142857,-0.011699038600366127,-0.01191332431465184,0.21428571428571427,1.0,0.0,
ridge_wind_weather_only,2023-08-24 23:00:00+00:00,70,0.0901551480220289,0.20524624465867597,0.6142857142857143,0.006629536655193771,0.006272393798050914,0.3571428571428571,1.0,0.0,
ridge_wind_weather_only,2023-08-25 23:00:00+00:00,70,0.08504549127589087,0.19726455259277392,0.6285714285714286,0.004673645515988753,0.004459359801703039,0.21428571428571427,1.0,0.0,
ridge_wind_weather_only,2023-08-28 23:00:00+00:00,70,0.13364031330040171,0.17056320863130295,0.6428571428571429,0.014115248958418081,0.013686677529846652,0.42857142857142855,1.0,0.0,
ridge_wind_weather_only,2023-08-29 23:00:00+00:00,70,0.12207600118024962,0.16979757869692386,0.6428571428571429,0.012632390010458287,0.012346675724744002,0.2857142857142857,1.0,0.0,
ridge_wind_weather_only,2023-08-30 23:00:00+00:00,70,0.02558255582115312,0.013398523851634167,0.5428571428571428,0.005020186866217085,0.004948758294788514,0.07142857142857142,1.0,0.0,
ridge_wind_weather_only,2023-08-31 23:00:00+00:00,70,-0.05066353123516367,-0.08806658320195544,0.4857142857142857,0.0031234340175822187,0.0030520054461536474,0.07142857142857142,1.0,0.0,
ridge_wind_weather_only,2023-09-01 23:00:00+00:00,70,0.016871996334673352,-0.02844315206218339,0.5142857142857142,0.00437566923927147,0.004304240667842899,0.07142857142857142,1.0,0.0,
ridge_wind_weather_only,2023-09-04 23:00:00+00:00,70,0.10277557181787401,0.14457007235913266,0.5,0.009708082192514062,0.009493796478228348,0.21428571428571427,1.0,0.0,
ridge_wind_weather_only,2023-09-05 23:00:00+00:00,70,0.06584279854202502,0.2067966452757936,0.5714285714285714,0.0016509068174594542,0.0013651925317451686,0.2857142857142857,1.0,0.0,
ridge_wind_weather_only,2023-09-06 23:00:00+00:00,70,0.187066108112133,0.1935321066626758,0.5,0.008258709140526082,0.008115851997668939,0.14285714285714285,1.0,0.0,
ridge_wind_weather_only,2023-09-07 23:00:00+00:00,70,0.284037566581076,0.32257903210227235,0.7428571428571429,0.011832028655858728,0.011546314370144443,0.2857142857142857,1.0,0.0,
ridge_wind_weather_only,2023-09-08 23:00:00+00:00,70,0.28234226345964775,0.25510789413511453,0.7428571428571429,0.0009938024381896278,0.0009223738667610564,0.07142857142857142,1.0,0.0,
ridge_wind_weather_only,2023-09-11 23:00:00+00:00,70,0.20730468386480852,0.1292191921748318,0.6571428571428571,-0.0059915500489885936,-0.006134407191845736,0.14285714285714285,1.0,0.0,
ridge_wind_weather_only,2023-09-12 23:00:00+00:00,70,0.24835770035683977,0.1537767723200413,0.5714285714285714,0.005586575394836979,0.005515146823408408,0.07142857142857142,1.0,0.0,
ridge_wind_weather_only,2023-09-13 23:00:00+00:00,70,0.3229016679826916,0.38702593182863265,0.6285714285714286,0.012011503286865713,0.011511503286865713,0.5,1.0,0.0,
ridge_wind_weather_only,2023-09-14 23:00:00+00:00,70,-0.032279891315535644,0.01439384276632699,0.5857142857142857,-0.0019452442684183956,-0.0023023871255612527,0.3571428571428571,1.0,0.0,
ridge_wind_weather_only,2023-09-15 23:00:00+00:00,70,-0.16076827813887345,-0.14313451623217188,0.4857142857142857,-0.006037565620147349,-0.0061089941915759205,0.07142857142857142,1.0,0.0,
ridge_wind_weather_only,2023-09-18 23:00:00+00:00,70,-0.031191336040904086,-0.016422762092431594,0.5285714285714286,3.5832117719761095e-05,-3.5596453708810325e-05,0.07142857142857142,1.0,0.0,
ridge_wind_weather_only,2023-09-19 23:00:00+00:00,70,-0.04855367406235209,-0.058896082702111906,0.45714285714285713,-0.0014507481171514428,-0.0015221766885800143,0.07142857142857142,1.0,0.0,
ridge_wind_weather_only,2023-09-20 23:00:00+00:00,70,-0.07330256736579908,-0.11337065253318454,0.4714285714285714,-0.006233371348819721,-0.0067333713488197215,0.5,1.0,0.0,
ridge_wind_weather_only,2023-09-21 23:00:00+00:00,70,0.018930520885073306,0.040788934754046303,0.5285714285714286,0.0004656470630539528,0.00032278992019681,0.14285714285714285,1.0,0.0,
ridge_wind_weather_only,2023-09-22 23:00:00+00:00,70,0.02345478384942687,0.04963196049612486,0.5285714285714286,-0.005262138369116904,-0.00554785265483119,0.2857142857142857,1.0,0.0,
ridge_wind_weather_only,2023-09-25 23:00:00+00:00,70,-0.07650981410415093,-0.019600126320104837,0.4142857142857143,-0.006263893409783518,-0.006478179124069233,0.21428571428571427,1.0,0.0,
ridge_wind_weather_only,2023-09-26 23:00:00+00:00,70,0.027140441806941078,0.11761989866898852,0.5428571428571428,-0.003950687871814313,-0.004022116443242884,0.07142857142857142,1.0,0.0,
ridge_wind_weather_only,2023-09-27 23:00:00+00:00,70,0.08341160674026224,0.0577093563038243,0.45714285714285713,-0.005985356031673398,-0.006199641745959113,0.21428571428571427,1.0,0.0,
ridge_wind_weather_only,2023-09-28 23:00:00+00:00,70,0.1812313043147971,0.18882348256624437,0.5571428571428572,0.023981673400039257,0.022838816257182114,1.1428571428571428,1.0,0.0,
ridge_wind_weather_only,2023-09-29 23:00:00+00:00,70,0.3580476064503656,0.2579981471373956,0.5285714285714286,0.022328323145003486,0.022185466002146343,0.14285714285714285,1.0,0.0,
ridge_wind_weather_only,2023-10-02 23:00:00+00:00,70,0.23602031500605408,0.17142454230747944,0.5142857142857142,0.01407389504476623,0.01407389504476623,0.0,1.0,0.0,
ridge_wind_weather_only,2023-10-03 23:00:00+00:00,70,0.21055115320825712,0.08820056844047176,0.5,0.02171505290375058,0.021286481475179152,0.42857142857142855,1.0,0.0,
ridge_wind_weather_only,2023-10-04 23:00:00+00:00,70,0.11976962801330965,0.13396609776798218,0.6142857142857143,0.019089637219482113,0.019089637219482113,0.0,1.0,0.0,
ridge_wind_weather_only,2023-10-05 23:00:00+00:00,70,-0.042224470899696116,-0.09767609336638976,0.5285714285714286,-0.0024910168047930312,-0.003276731090507317,0.7857142857142857,1.0,0.0,
ridge_wind_weather_only,2023-10-06 23:00:00+00:00,70,-0.042062933879460446,-0.0361377329026933,0.5857142857142857,0.0032049948320165746,0.0032049948320165746,0.0,1.0,0.0,
ridge_wind_weather_only,2023-10-09 23:00:00+00:00,70,-0.0032823835373770706,-0.048923752806824185,0.5142857142857142,0.0016738129557227928,0.0016738129557227928,0.0,1.0,0.0,
ridge_wind_weather_only,2023-10-10 23:00:00+00:00,70,0.06087834542334282,0.0693086498096676,0.5142857142857142,0.0049699481382385535,0.0049699481382385535,0.0,1.0,0.0,
ridge_wind_weather_only,2023-10-11 23:00:00+00:00,70,0.045738162290776825,0.012728597659052458,0.4714285714285714,0.001280641831035297,0.001280641831035297,0.0,1.0,0.0,
ridge_wind_weather_only,2023-10-12 23:00:00+00:00,70,-0.04892349356566208,-0.0788790239894063,0.44285714285714284,-0.003911184482577932,-0.004125470196863647,0.21428571428571427,1.0,0.0,
ridge_wind_weather_only,2023-10-13 23:00:00+00:00,70,-0.11537213904695758,-0.09888110602506017,0.44285714285714284,-0.010194302323480639,-0.010194302323480639,0.0,1.0,0.0,
ridge_wind_weather_only,2023-10-16 23:00:00+00:00,70,-0.13124331409067214,-0.11107376273004725,0.4142857142857143,-0.0064594512602913715,-0.0064594512602913715,0.0,1.0,0.0,
ridge_wind_weather_only,2023-10-17 23:00:00+00:00,70,-0.030869694689021517,-0.14319193847725029,0.37142857142857144,-0.007341044859252721,-0.007341044859252721,0.0,1.0,0.0,
ridge_wind_weather_only,2023-10-18 23:00:00+00:00,70,-0.03619224227984186,-0.23076086222185932,0.34285714285714286,-0.01248121687321323,-0.012981216873213231,0.5,1.0,0.0,
ridge_wind_weather_only,2023-10-19 23:00:00+00:00,70,0.07570479993171635,0.010871945068183151,0.35714285714285715,-0.0015444658979196638,-0.0016158944693482353,0.07142857142857142,1.0,0.0,
ridge_wind_weather_only,2023-10-20 23:00:00+00:00,70,-0.025312451801523157,-0.1017904997757007,0.32857142857142857,-0.009815251703048393,-0.009886680274476964,0.07142857142857142,1.0,0.0,
ridge_wind_weather_only,2023-10-23 23:00:00+00:00,70,-0.24446374790750106,-0.22473152648862393,0.3142857142857143,-0.01355516266603772,-0.013769448380323434,0.21428571428571427,1.0,0.0,
ridge_wind_weather_only,2023-10-24 23:00:00+00:00,70,-0.08836505755378478,-0.033285761397131165,0.38571428571428573,-0.0053215986649986155,-0.005393027236427187,0.07142857142857142,1.0,0.0,
ridge_wind_weather_only,2023-10-25 23:00:00+00:00,70,-0.12575673939198698,-0.1338895347745443,0.4,-0.011219292106901509,-0.01129072067833008,0.07142857142857142,1.0,0.0,
ridge_wind_weather_only,2023-10-26 23:00:00+00:00,70,-0.18555152712033446,-0.1909289648857869,0.37142857142857144,-0.02259250912954086,-0.022663937700969434,0.07142857142857142,1.0,0.0,
ridge_wind_weather_only,2023-10-27 23:00:00+00:00,70,-0.14974759671258248,-0.1456228135189039,0.4,-0.009579378981870144,-0.010007950410441573,0.42857142857142855,1.0,0.0,
ridge_wind_weather_only,2023-10-30 23:00:00+00:00,70,-0.17528306750536532,-0.13614933413974725,0.45714285714285713,-0.007549183250661825,-0.007549183250661825,0.0,1.0,0.0,
ridge_wind_weather_only,2023-10-31 23:00:00+00:00,70,-0.23742241036941614,-0.2186064870135912,0.44285714285714284,-0.009913930255235707,-0.009985358826664278,0.07142857142857142,1.0,0.0,
ridge_wind_weather_only,2023-11-01 23:00:00+00:00,70,-0.24362568096895518,-0.11404057872576624,0.37142857142857144,-0.008428781867726018,-0.008428781867726018,0.0,1.0,0.0,
ridge_wind_weather_only,2023-11-02 23:00:00+00:00,70,-0.06434900544967578,0.015102050455627656,0.42857142857142855,0.015666150586366848,0.015594722014938276,0.07142857142857142,1.0,0.0,
ridge_wind_weather_only,2023-11-03 23:00:00+00:00,70,-0.0968240656843345,-0.0817501362433279,0.4714285714285714,0.0029255678732244416,0.0025684250160815845,0.3571428571428571,1.0,0.0,
ridge_wind_weather_only,2023-11-06 23:00:00+00:00,70,-0.09988307851192334,-0.01799230345790874,0.5857142857142857,0.0007620008839533688,0.000619143741096226,0.14285714285714285,1.0,0.0,
ridge_wind_weather_only,2023-11-07 23:00:00+00:00,70,-0.07137087636248213,0.0023734527965751954,0.5285714285714286,0.007293292633137111,0.00722186406170854,0.07142857142857142,1.0,0.0,
ridge_wind_weather_only,2023-11-08 23:00:00+00:00,70,0.06690983743866287,0.11346635627498192,0.5857142857142857,0.007809296918726327,0.007737868347297756,0.07142857142857142,1.0,0.0,
ridge_wind_weather_only,2023-11-09 23:00:00+00:00,70,0.19645081723261767,0.34491628543778236,0.6714285714285714,0.011014075085892078,0.010871217943034936,0.14285714285714285,1.0,0.0,
ridge_wind_weather_only,2023-11-10 23:00:00+00:00,70,0.19379388663131716,0.2783064811468011,0.5,0.00826804032002465,0.008196611748596079,0.07142857142857142,1.0,0.0,
ridge_wind_weather_only,2023-11-13 23:00:00+00:00,70,0.1756447786344871,0.2316221958980358,0.6,0.008112595734817613,0.007684024306246185,0.42857142857142855,1.0,0.0,
ridge_wind_weather_only,2023-11-14 23:00:00+00:00,70,0.2100112711734227,0.23761325013455223,0.6,0.00781104779889863,0.00781104779889863,0.0,1.0,0.0,
ridge_wind_weather_only,2023-11-15 23:00:00+00:00,70,0.2142794148814294,0.13563134287525672,0.6,0.01517420280198099,0.01517420280198099,0.0,1.0,0.0,
ridge_wind_weather_only,2023-11-16 23:00:00+00:00,70,0.27925637108758294,0.1988532347066105,0.5571428571428572,0.020397094981266472,0.020397094981266472,0.0,1.0,0.0,
ridge_wind_weather_only,2023-11-17 23:00:00+00:00,70,0.27400894367527334,0.21035682447065646,0.6714285714285714,0.025331197994432064,0.025331197994432064,0.0,1.0,0.0,
ridge_wind_weather_only,2023-11-20 23:00:00+00:00,70,0.1255421693217371,0.07434266662821015,0.6285714285714286,0.010302146176172979,0.010302146176172979,0.0,1.0,0.0,
ridge_wind_weather_only,2023-11-21 23:00:00+00:00,70,-0.018177254986283344,-0.09574202329410586,0.4142857142857143,0.0025499135055462594,0.0025499135055462594,0.0,1.0,0.0,
ridge_wind_weather_only,2023-11-22 23:00:00+00:00,70,-0.10219785228214816,-0.18447853268864298,0.4142857142857143,-0.006289220720325288,-0.006360649291753859,0.07142857142857142,1.0,0.0,
ridge_wind_weather_only,2023-11-23 23:00:00+00:00,70,-0.20712571249263656,-0.22348737784525793,0.42857142857142855,-0.00572496104472401,-0.005867818187581152,0.14285714285714285,1.0,0.0,
ridge_wind_weather_only,2023-11-24 23:00:00+00:00,70,-0.22579220315896326,-0.20287279186210078,0.38571428571428573,-0.011360434355324788,-0.01150329149818193,0.14285714285714285,1.0,0.0,
ridge_wind_weather_only,2023-11-27 23:00:00+00:00,70,-0.18072439732191237,-0.22972726181044753,0.38571428571428573,-0.010525104922861152,-0.010525104922861152,0.0,1.0,0.0,
ridge_wind_weather_only,2023-11-28 23:00:00+00:00,70,-0.08560931017716646,-0.12347696766698858,0.35714285714285715,-0.0026472399986943425,-0.0030043828558371996,0.3571428571428571,1.0,0.0,
ridge_wind_weather_only,2023-11-29 23:00:00+00:00,70,-0.00894861199185355,0.03724789630754298,0.4857142857142857,-0.003961101142945902,-0.003961101142945902,0.0,1.0,0.0,
ridge_wind_weather_only,2023-11-30 23:00:00+00:00,70,0.18775361091732662,0.16143307166383222,0.5142857142857142,0.0007582750114436067,0.0007582750114436067,0.0,1.0,0.0,
ridge_wind_weather_only,2023-12-01 23:00:00+00:00,70,0.29516869586606714,0.2952651841932981,0.6142857142857143,0.005538318269029139,0.005538318269029139,0.0,1.0,0.0,
ridge_wind_weather_only,2023-12-04 23:00:00+00:00,70,0.2825077259619788,0.25755790992512767,0.6285714285714286,0.005404209260166063,0.005404209260166063,0.0,1.0,0.0,
ridge_wind_weather_only,2023-12-05 23:00:00+00:00,70,0.2847143106972991,0.2223197921953298,0.5857142857142857,0.0012818892618176498,0.0012818892618176498,0.0,1.0,0.0,
ridge_wind_weather_only,2023-12-06 23:00:00+00:00,70,0.2601422601806281,0.2527153005901799,0.6,0.00304842939116857,0.0029770008197399986,0.07142857142857142,1.0,0.0,
ridge_wind_weather_only,2023-12-07 23:00:00+00:00,70,0.03837890588416818,0.015446583926098247,0.5142857142857142,0.0013657493402599067,0.0012943207688313352,0.07142857142857142,1.0,0.0,
ridge_wind_weather_only,2023-12-08 23:00:00+00:00,70,-0.05266554057938224,0.03255841295947103,0.5,0.003867550256257665,0.003224693113400522,0.6428571428571428,1.0,0.0,
ridge_wind_weather_only,2023-12-11 23:00:00+00:00,70,-0.06129438720492895,0.03175561275813005,0.4142857142857143,0.009185547948101202,0.00904269080524406,0.14285714285714285,1.0,0.0,
ridge_wind_weather_only,2023-12-12 23:00:00+00:00,70,-0.05494489923990651,-0.0026606571268113785,0.4857142857142857,0.003661377654421622,0.0035899490829930506,0.07142857142857142,1.0,0.0,
ridge_wind_weather_only,2023-12-13 23:00:00+00:00,70,0.027537625754292982,-0.026127121510686628,0.45714285714285713,0.001786772186753421,0.0017153436153248495,0.07142857142857142,1.0,0.0,
ridge_wind_weather_only,2023-12-14 23:00:00+00:00,70,-0.007905500331382381,0.03763071127473253,0.5285714285714286,-0.004103349297292624,-0.004746206440149767,0.6428571428571428,1.0,0.0,
ridge_wind_weather_only,2023-12-15 23:00:00+00:00,70,-0.04669370759680846,-9.57037417973869e-05,0.5571428571428572,-0.006037359037736156,-0.006037359037736156,0.0,1.0,0.0,
ridge_wind_weather_only,2023-12-18 23:00:00+00:00,70,-0.022846156781791763,-0.04369832850468687,0.5428571428571428,-0.001682707942472388,-0.0019684222281866736,0.2857142857142857,1.0,0.0,
ridge_wind_weather_only,2023-12-19 23:00:00+00:00,70,0.08862099502244718,0.04205222414577181,0.5,0.0031228441237942037,0.0030514155523656324,0.07142857142857142,1.0,0.0,
ridge_wind_weather_only,2023-12-20 23:00:00+00:00,70,0.23092900053261042,0.11176282967098844,0.5571428571428572,0.003852841315286784,0.003781412743858213,0.07142857142857142,1.0,0.0,
ridge_wind_weather_only,2023-12-21 23:00:00+00:00,70,0.15638524028892675,0.1905078684218784,0.6285714285714286,0.007482715606615996,0.0069112870351874245,0.5714285714285714,1.0,0.0,
ridge_wind_weather_only,2023-12-22 23:00:00+00:00,70,0.0797130010085576,-0.01270945691069298,0.5142857142857142,0.004381591105668356,0.004381591105668356,0.0,1.0,0.0,
ridge_wind_weather_only,2023-12-27 23:00:00+00:00,70,0.1743601834403069,0.1836171990124665,0.6285714285714286,0.010184820974374243,0.010184820974374243,0.0,1.0,0.0,
ridge_wind_weather_only,2023-12-28 23:00:00+00:00,70,0.20816186853606772,0.2135033783629792,0.5857142857142857,0.007907028166707507,0.007907028166707507,0.0,1.0,0.0,
ridge_wind_weather_only,2023-12-29 23:00:00+00:00,70,0.20879924208002718,0.2740763757593566,0.6428571428571429,0.010106527374733084,0.009535098803304512,0.5714285714285714,1.0,0.0,
ridge_wind_weather_only,2024-07-01 23:00:00+00:00,70,0.02969189661400867,0.005110624520640027,0.6142857142857143,0.0006697622088276955,-0.0009730949340294472,1.6428571428571428,1.0,0.0,
ridge_wind_weather_only,2024-07-02 23:00:00+00:00,70,-0.01227551370169315,0.005148861308699415,0.5285714285714286,0.0033808309495876963,0.003166545235301982,0.21428571428571427,1.0,0.0,
ridge_wind_weather_only,2024-07-03 23:00:00+00:00,70,-0.0061164526287183696,-0.0665141005491839,0.4,-0.0031478307924326463,-0.0037192593638612176,0.5714285714285714,1.0,0.0,
ridge_wind_weather_only,2024-07-04 23:00:00+00:00,70,-0.07498611998524883,-0.1143276899511584,0.42857142857142855,-0.006443625217452799,-0.006657910931738514,0.21428571428571427,1.0,0.0,
ridge_wind_weather_only,2024-07-05 23:00:00+00:00,70,-0.08371945929285861,-0.09727328316286407,0.45714285714285713,-0.0102419999609623,-0.01031342853239087,0.07142857142857142,1.0,0.0,
ridge_wind_weather_only,2024-07-08 23:00:00+00:00,70,-0.08649798251580461,-0.18520588112630318,0.44285714285714284,-0.00697034205312044,-0.00697034205312044,0.0,1.0,0.0,
ridge_wind_weather_only,2024-07-09 23:00:00+00:00,70,-0.036442887362365325,-0.04086549774748421,0.4142857142857143,-0.014329843893453511,-0.014829843893453511,0.5,1.0,0.0,
ridge_wind_weather_only,2024-07-10 23:00:00+00:00,70,-0.01557187766193134,0.04578467007586989,0.5428571428571428,-0.006456588513137936,-0.006742302798852222,0.2857142857142857,1.0,0.0,
ridge_wind_weather_only,2024-07-11 23:00:00+00:00,70,-0.014429871568070053,-0.03296036867502005,0.5,-0.006786080145152435,-0.00700036585943815,0.21428571428571427,1.0,0.0,
ridge_wind_weather_only,2024-07-12 23:00:00+00:00,70,-0.16492106679076013,-0.1585811001582701,0.4,-0.0009008786653784712,-0.0009723072368070427,0.07142857142857142,1.0,0.0,
ridge_wind_weather_only,2024-07-15 23:00:00+00:00,70,-0.3437058681855274,-0.20968689827807474,0.38571428571428573,-0.014490829453273625,-0.015562258024702198,1.0714285714285714,1.0,0.0,
ridge_wind_weather_only,2024-07-16 23:00:00+00:00,70,-0.28638849423509505,-0.14864705175970136,0.37142857142857144,-0.016643331698025725,-0.01692904598374001,0.2857142857142857,1.0,0.0,
ridge_wind_weather_only,2024-07-17 23:00:00+00:00,70,-0.3174676890184138,-0.2716072192209841,0.4142857142857143,-0.019208899069588007,-0.019208899069588007,0.0,1.0,0.0,
ridge_wind_weather_only,2024-07-18 23:00:00+00:00,70,-0.428791679978142,-0.40362096065629954,0.42857142857142855,-0.025346928233071695,-0.025346928233071695,0.0,1.0,0.0,
ridge_wind_weather_only,2024-07-19 23:00:00+00:00,70,-0.1651833651774469,-0.2686595439736245,0.5714285714285714,-0.015086061813711239,-0.015086061813711239,0.0,1.0,0.0,
ridge_wind_weather_only,2024-07-22 23:00:00+00:00,70,-0.010684399745489665,0.13187975619679917,0.6285714285714286,-0.0024666658281623315,-0.0034666658281623315,1.0,1.0,0.0,
ridge_wind_weather_only,2024-07-23 23:00:00+00:00,70,0.051259624094592685,0.14382358317311306,0.6,-0.003640224194245606,-0.003925938479959892,0.2857142857142857,1.0,0.0,
ridge_wind_weather_only,2024-07-24 23:00:00+00:00,70,0.09108819636632272,0.14217747881419798,0.6714285714285714,0.0007242474633940213,0.0005813903205368785,0.14285714285714285,1.0,0.0,
ridge_wind_weather_only,2024-07-25 23:00:00+00:00,70,0.07639701042613259,0.1195722550016552,0.5285714285714286,0.0007344772107657968,0.000591620067908654,0.14285714285714285,1.0,0.0,
ridge_wind_weather_only,2024-07-26 23:00:00+00:00,70,0.1189780772102086,0.07290711050124934,0.5,0.0014778176396722893,0.0012635319253865751,0.21428571428571427,1.0,0.0,
ridge_wind_weather_only,2024-07-29 23:00:00+00:00,70,0.029947735106929475,-0.008498492271607958,0.5,0.0005798654036818165,0.0004370082608246737,0.14285714285714285,1.0,0.0,
ridge_wind_weather_only,2024-07-30 23:00:00+00:00,70,-0.08436107411966148,-0.09026776926329533,0.45714285714285713,-0.0022064996736458325,-0.0024207853879315466,0.21428571428571427,1.0,0.0,
ridge_wind_weather_only,2024-07-31 23:00:00+00:00,70,-0.17319413971026054,-0.2752272283980635,0.38571428571428573,-0.010313943450187043,-0.010456800593044185,0.14285714285714285,1.0,0.0,
ridge_wind_weather_only,2024-08-01 23:00:00+00:00,70,-0.15772365309577313,-0.2050739779234407,0.4,-0.00925282412333455,-0.009467109837620264,0.21428571428571427,1.0,0.0,
ridge_wind_weather_only,2024-08-02 23:00:00+00:00,70,0.06284003624785424,0.17362572836881932,0.5428571428571428,0.010030852247366124,0.009887995104508981,0.14285714285714285,1.0,0.0,
ridge_wind_weather_only,2024-08-05 23:00:00+00:00,70,0.2688246755454909,0.2954757324252523,0.7142857142857143,0.008847506198265846,0.008633220483980132,0.21428571428571427,1.0,0.0,
ridge_wind_weather_only,2024-08-06 23:00:00+00:00,70,0.19097342137780687,0.20137981349006154,0.6428571428571429,0.0013461396999037032,0.0010604254141894176,0.2857142857142857,1.0,0.0,
ridge_wind_weather_only,2024-08-07 23:00:00+00:00,70,0.29000899960986687,0.2543039827040165,0.6285714285714286,0.0021691411184843364,0.001954855404198622,0.21428571428571427,1.0,0.0,
ridge_wind_weather_only,2024-08-08 23:00:00+00:00,70,0.26011739892497604,0.22607137887378734,0.6428571428571429,0.006556418645622057,0.006413561502764915,0.14285714285714285,1.0,0.0,
ridge_wind_weather_only,2024-08-09 23:00:00+00:00,70,-0.19018396816639457,-0.15928930784757078,0.42857142857142855,-0.010044581165592804,-0.010187438308449946,0.14285714285714285,1.0,0.0,
ridge_wind_weather_only,2024-08-12 23:00:00+00:00,70,-0.027331865357176615,-0.061020705770013894,0.44285714285714284,-0.011077212372888228,-0.0111486409443168,0.07142857142857142,1.0,0.0,
ridge_wind_weather_only,2024-08-13 23:00:00+00:00,70,0.19384008617979434,0.17605660341047297,0.6,-0.0009690924587897854,-0.0010405210302183569,0.07142857142857142,1.0,0.0,
ridge_wind_weather_only,2024-08-14 23:00:00+00:00,70,0.21891038228545487,0.10724561305815176,0.6142857142857143,-0.0039479139793180745,-0.004090771122175217,0.14285714285714285,1.0,0.0,
ridge_wind_weather_only,2024-08-15 23:00:00+00:00,70,-0.0014977360546633656,-0.12060585541306698,0.45714285714285713,-0.005576192686961881,-0.005790478401247596,0.21428571428571427,1.0,0.0,
ridge_wind_weather_only,2024-08-16 23:00:00+00:00,70,0.06728301942021182,0.10734131679994915,0.5571428571428572,-0.004840501226669136,-0.004983358369526279,0.14285714285714285,1.0,0.0,
ridge_wind_weather_only,2024-08-19 23:00:00+00:00,70,-0.18413245031362116,-0.25600750930801003,0.38571428571428573,-0.007721141377786414,-0.007935427092072128,0.21428571428571427,1.0,0.0,
ridge_wind_weather_only,2024-08-20 23:00:00+00:00,70,-0.04438507552309845,-0.12835785849865533,0.37142857142857144,-0.005597854135381078,-0.005812139849666793,0.21428571428571427,1.0,0.0,
ridge_wind_weather_only,2024-08-21 23:00:00+00:00,70,-0.00131021839297925,-0.12897036244615862,0.4857142857142857,0.004297296341176283,0.004225867769747712,0.07142857142857142,1.0,0.0,
ridge_wind_weather_only,2024-08-22 23:00:00+00:00,70,0.11097304694759942,0.02419390592637941,0.5714285714285714,0.0065998366318950645,0.006099836631895065,0.5,1.0,0.0,
ridge_wind_weather_only,2024-08-23 23:00:00+00:00,70,0.09116795760515033,-0.10200194033891652,0.5,0.0028787744567194753,0.002807345885290904,0.07142857142857142,1.0,0.0,
ridge_wind_weather_only,2024-08-26 23:00:00+00:00,70,0.1475498918877862,-0.06142319882671854,0.5,0.005944888093585497,0.005802030950728354,0.14285714285714285,1.0,0.0,
ridge_wind_weather_only,2024-08-27 23:00:00+00:00,70,-0.06999712699054024,-0.16043775274913943,0.4714285714285714,-0.001755230784057843,-0.0018980879269149859,0.14285714285714285,1.0,0.0,
ridge_wind_weather_only,2024-08-28 23:00:00+00:00,70,-0.04091848790813701,-0.050512434920660806,0.4857142857142857,0.0017386030862383715,0.0017386030862383715,0.0,1.0,0.0,
ridge_wind_weather_only,2024-08-29 23:00:00+00:00,70,-0.20990276529574994,-0.30676877395734403,0.37142857142857144,-0.009220615614705786,-0.009363472757562928,0.14285714285714285,1.0,0.0,
ridge_wind_weather_only,2024-08-30 23:00:00+00:00,70,0.02151425134744878,-0.027734944372882722,0.4857142857142857,-0.0028872932596261712,-0.0031015789739118854,0.21428571428571427,1.0,0.0,
ridge_wind_weather_only,2024-09-02 23:00:00+00:00,70,0.07792724486013845,0.10938937687441322,0.5857142857142857,0.003723401366229336,0.003294829937657907,0.42857142857142855,1.0,0.0,
ridge_wind_weather_only,2024-09-03 23:00:00+00:00,70,0.04362215784763233,0.0867458715651515,0.5714285714285714,0.004047385678408021,0.00397595710697945,0.07142857142857142,1.0,0.0,
ridge_wind_weather_only,2024-09-04 23:00:00+00:00,70,0.026430083820279258,0.1335641420524332,0.6714285714285714,0.0025420919023305118,0.0024706633309019405,0.07142857142857142,1.0,0.0,
ridge_wind_weather_only,2024-09-05 23:00:00+00:00,70,0.11086945009321979,-0.006574904579924531,0.6285714285714286,0.005364890035864713,0.005007747178721856,0.3571428571428571,1.0,0.0,
ridge_wind_weather_only,2024-09-06 23:00:00+00:00,70,0.1579128182653688,0.39489277940437784,0.6285714285714286,0.018756040282687247,0.01797032599697296,0.7857142857142857,1.0,0.0,
ridge_wind_weather_only,2024-09-09 23:00:00+00:00,70,0.15435313032915016,0.10261355195515824,0.6571428571428571,0.001233013208869899,0.0005187274945841849,0.7142857142857142,1.0,0.0,
ridge_wind_weather_only,2024-09-10 23:00:00+00:00,70,0.23438259788171456,0.30403164694193874,0.6571428571428571,0.006183293108231061,0.006040435965373918,0.14285714285714285,1.0,0.0,
ridge_wind_weather_only,2024-09-11 23:00:00+00:00,70,0.12034376160770903,0.11972538098853103,0.6142857142857143,0.001058644658472907,0.001058644658472907,0.0,1.0,0.0,
ridge_wind_weather_only,2024-09-12 23:00:00+00:00,70,0.1271524795342803,0.11080579225301457,0.5428571428571428,0.0058532441854702,0.0058532441854702,0.0,1.0,0.0,
ridge_wind_weather_only,2024-09-13 23:00:00+00:00,70,-0.13976548239644637,-0.16583544378651202,0.38571428571428573,-0.0036006875783146167,-0.0037435447211717596,0.14285714285714285,1.0,0.0,
ridge_wind_weather_only,2024-09-16 23:00:00+00:00,70,-0.15724809275300547,-0.10626943489181842,0.37142857142857144,-0.0024489986297543676,-0.002520427201182939,0.07142857142857142,1.0,0.0,
ridge_wind_weather_only,2024-09-17 23:00:00+00:00,70,-0.2908252782553021,-0.10860460619167465,0.34285714285714286,-0.011726662034853307,-0.012083804891996165,0.3571428571428571,1.0,0.0,
ridge_wind_weather_only,2024-09-18 23:00:00+00:00,70,-0.23124848033369463,-0.08460210774889002,0.32857142857142857,-0.007545615481634483,-0.007617044053063054,0.07142857142857142,1.0,0.0,
ridge_wind_weather_only,2024-09-19 23:00:00+00:00,70,-0.27987069880935334,-0.22199439947321867,0.32857142857142857,-0.009451928851456006,-0.009880500280027436,0.42857142857142855,1.0,0.0,
ridge_wind_weather_only,2024-09-20 23:00:00+00:00,70,0.10213646699994075,0.06526995190581786,0.45714285714285713,0.004851191031075602,0.004636905316789887,0.21428571428571427,1.0,0.0,
ridge_wind_weather_only,2024-09-23 23:00:00+00:00,70,0.06981694130855585,0.11084407374973353,0.4714285714285714,0.005417242220812451,0.00534581364938388,0.07142857142857142,1.0,0.0,
ridge_wind_weather_only,2024-09-24 23:00:00+00:00,70,0.28889179996340797,0.2604481629274087,0.5714285714285714,0.014332227364042122,0.014117941649756409,0.21428571428571427,1.0,0.0,
ridge_wind_weather_only,2024-09-25 23:00:00+00:00,70,0.3464907998349897,0.4324852091823915,0.7142857142857143,0.0208176161518015,0.020603330437515784,0.21428571428571427,1.0,0.0,
ridge_wind_weather_only,2024-09-26 23:00:00+00:00,70,0.20863136125662132,0.3209137869949978,0.7,0.015054721956569586,0.014911864813712443,0.14285714285714285,1.0,0.0,
ridge_wind_weather_only,2024-09-27 23:00:00+00:00,70,-0.21600220344316945,-0.19975284987950598,0.37142857142857144,-0.00324432209527203,-0.003958607809557744,0.7142857142857142,1.0,0.0,
ridge_wind_weather_only,2024-09-30 23:00:00+00:00,70,-0.07733166113397566,-0.3063476774934355,0.3,-0.015418518568696932,-0.015489947140125504,0.07142857142857142,1.0,0.0,
ridge_wind_weather_only,2024-10-01 23:00:00+00:00,70,-0.1565051282619426,-0.239489043473781,0.2857142857142857,-0.011847596831945927,-0.012347596831945928,0.5,1.0,0.0,
ridge_wind_weather_only,2024-10-02 23:00:00+00:00,70,-0.04531145407808387,-0.12831957700193639,0.38571428571428573,-0.012898630120963983,-0.013470058692392555,0.5714285714285714,1.0,0.0,
ridge_wind_weather_only,2024-10-03 23:00:00+00:00,70,-0.08143623158582819,-0.05315385819426869,0.4,-0.012767617336880914,-0.012981903051166628,0.21428571428571427,1.0,0.0,
ridge_wind_weather_only,2024-10-04 23:00:00+00:00,70,0.012425650872169174,0.0630496250961185,0.5428571428571428,-0.0012112278545718107,-0.0015683707117146678,0.3571428571428571,1.0,0.0,
ridge_wind_weather_only,2024-10-07 23:00:00+00:00,70,0.10088126345427283,0.1979344787853556,0.4857142857142857,0.014788311245855676,0.013574025531569962,1.2142857142857142,1.0,0.0,
ridge_wind_weather_only,2024-10-08 23:00:00+00:00,70,0.2634212290144823,0.20367670329319884,0.5571428571428572,0.019154570100180433,0.018940284385894717,0.21428571428571427,1.0,0.0,
ridge_wind_weather_only,2024-10-09 23:00:00+00:00,70,0.2429319052533503,0.14315365698053134,0.5571428571428572,0.022837110811360823,0.02269425366850368,0.14285714285714285,1.0,0.0,
ridge_wind_weather_only,2024-10-10 23:00:00+00:00,70,0.21107230664771293,0.008670759006843253,0.44285714285714284,0.01247857238173141,0.011764286667445696,0.7142857142857142,1.0,0.0,
ridge_wind_weather_only,2024-10-11 23:00:00+00:00,70,-0.09029411642647239,0.0302998046530527,0.5,0.009066389137621299,0.008494960566192727,0.5714285714285714,1.0,0.0,
ridge_wind_weather_only,2024-10-14 23:00:00+00:00,70,0.11996036622198625,0.08816228694375282,0.5142857142857142,0.007933143819157886,0.0071474295334436,0.7857142857142857,1.0,0.0,
ridge_wind_weather_only,2024-10-15 23:00:00+00:00,70,0.1467297768106602,0.24848519520273535,0.5714285714285714,0.00722922385847531,0.006729223858475309,0.5,1.0,0.0,
ridge_wind_weather_only,2024-10-16 23:00:00+00:00,70,0.20106561242092386,0.3120324797562003,0.5857142857142857,0.013620855434218378,0.013549426862789806,0.07142857142857142,1.0,0.0,
ridge_wind_weather_only,2024-10-17 23:00:00+00:00,70,0.1581448994598597,0.23575659754368292,0.6,0.01134336817492735,0.011271939603498779,0.07142857142857142,1.0,0.0,
ridge_wind_weather_only,2024-10-18 23:00:00+00:00,70,0.1758554215681473,0.22938272833997694,0.5857142857142857,0.01679564007184404,0.016509925786129757,0.2857142857142857,1.0,0.0,
ridge_wind_weather_only,2024-10-21 23:00:00+00:00,70,0.07052420012351066,0.13381414241121511,0.5714285714285714,-0.0019997866042579643,-0.0025712151756865356,0.5714285714285714,1.0,0.0,
ridge_wind_weather_only,2024-10-22 23:00:00+00:00,70,-0.05599775511886379,-0.039516420684873925,0.4714285714285714,7.544808947229988e-05,-0.0004245519105277001,0.5,1.0,0.0,
ridge_wind_weather_only,2024-10-23 23:00:00+00:00,70,-0.06423702752005794,-0.0849091025226935,0.4,-0.007421528986190621,-0.007992957557619192,0.5714285714285714,1.0,0.0,
ridge_wind_weather_only,2024-10-24 23:00:00+00:00,70,0.10608205544363955,-0.016977843794856437,0.4714285714285714,0.0037813675620785568,0.0034242247049356997,0.3571428571428571,1.0,0.0,
ridge_wind_weather_only,2024-10-25 23:00:00+00:00,70,-0.01823657798825601,-0.1290863362067279,0.4857142857142857,-0.005333133415442968,-0.005833133415442967,0.5,1.0,0.0,
ridge_wind_weather_only,2024-10-28 23:00:00+00:00,70,-0.03037695840138584,-0.14950232393376478,0.45714285714285713,-0.000608140794327825,-0.0007509979371849679,0.14285714285714285,1.0,0.0,
ridge_wind_weather_only,2024-10-29 23:00:00+00:00,70,0.12193355724630453,0.10552294570579882,0.5714285714285714,0.0043475341889183455,0.004133248474632631,0.21428571428571427,1.0,0.0,
ridge_wind_weather_only,2024-10-30 23:00:00+00:00,70,0.017232801210618844,0.014202435282732215,0.5285714285714286,0.0029377966231083964,0.0029377966231083964,0.0,1.0,0.0,
ridge_wind_weather_only,2024-10-31 23:00:00+00:00,70,-0.05190912107657171,-0.056503489157177234,0.37142857142857144,0.010054551782963274,0.00984026606867756,0.21428571428571427,1.0,0.0,
ridge_wind_weather_only,2024-11-01 23:00:00+00:00,70,-0.18557105502192672,-0.26653492090572256,0.45714285714285713,-0.007577665269665438,-0.008577665269665437,1.0,1.0,0.0,
ridge_wind_weather_only,2024-11-04 23:00:00+00:00,70,-0.1310988514818531,-0.1136577637585767,0.5142857142857142,-0.004002543311236743,-0.0042168290255224575,0.21428571428571427,1.0,0.0,
ridge_wind_weather_only,2024-11-05 23:00:00+00:00,70,-0.0589214670175372,-0.06988287226045191,0.5,-0.0050940906031988606,-0.005165519174627432,0.07142857142857142,1.0,0.0,
ridge_wind_weather_only,2024-11-06 23:00:00+00:00,70,-0.09019316760410576,-0.12066433325136605,0.4714285714285714,-0.009380768245434464,-0.010023625388291607,0.6428571428571428,1.0,0.0,
ridge_wind_weather_only,2024-11-07 23:00:00+00:00,70,0.02059977679788106,-0.0700742797440467,0.44285714285714284,-0.0033068433637140214,-0.0034497005065711643,0.14285714285714285,1.0,0.0,
ridge_wind_weather_only,2024-11-08 23:00:00+00:00,70,0.1290511222902201,0.057824200793981165,0.5285714285714286,0.006196042805743384,0.005767471377171956,0.42857142857142855,1.0,0.0,
ridge_wind_weather_only,2024-11-11 23:00:00+00:00,70,0.04082887479491217,-0.00972350016661451,0.6285714285714286,0.0023338294854367433,0.0019052580568653147,0.42857142857142855,1.0,0.0,
ridge_wind_weather_only,2024-11-12 23:00:00+00:00,70,0.06305040424594067,0.10921711013917794,0.5714285714285714,0.009564836886682297,0.009279122600968012,0.2857142857142857,1.0,0.0,
ridge_wind_weather_only,2024-11-13 23:00:00+00:00,70,0.03519353459695797,0.04044440128357571,0.5285714285714286,0.0023070155511143715,0.0021641584082572286,0.14285714285714285,1.0,0.0,
ridge_wind_weather_only,2024-11-14 23:00:00+00:00,70,0.12382980641497314,0.10133112181507326,0.6142857142857143,0.0036691153615379603,0.003597686790109389,0.07142857142857142,1.0,0.0,
ridge_wind_weather_only,2024-11-15 23:00:00+00:00,70,0.03104004964928433,-0.01072848331018253,0.5285714285714286,0.00021208103013509646,0.00014065245870652503,0.07142857142857142,1.0,0.0,
ridge_wind_weather_only,2024-11-18 23:00:00+00:00,70,0.17260224555830075,0.16193073112117864,0.6142857142857143,0.009523520615067642,0.009380663472210499,0.14285714285714285,1.0,0.0,
ridge_wind_weather_only,2024-11-19 23:00:00+00:00,70,0.00232408367529011,0.025036317876393845,0.5571428571428572,0.005432596939377935,0.005432596939377935,0.0,1.0,0.0,
ridge_wind_weather_only,2024-11-20 23:00:00+00:00,70,0.0814552161844984,0.07579736350353043,0.6142857142857143,0.003939398131306614,0.003939398131306614,0.0,1.0,0.0,
ridge_wind_weather_only,2024-11-21 23:00:00+00:00,70,0.08106282913578368,0.23328744100531032,0.5714285714285714,0.0016786426912482285,0.0011072141198196573,0.5714285714285714,1.0,0.0,
ridge_wind_weather_only,2024-11-22 23:00:00+00:00,70,0.1925733763790672,0.38109229983719467,0.6428571428571429,0.011178533881180513,0.010892819595466228,0.2857142857142857,1.0,0.0,
ridge_wind_weather_only,2024-11-25 23:00:00+00:00,70,0.06725933270552233,0.1757503514367213,0.6428571428571429,0.005976659137765963,0.005690944852051677,0.2857142857142857,1.0,0.0,
ridge_wind_weather_only,2024-11-26 23:00:00+00:00,70,0.13098884107515812,0.07323250322336047,0.6285714285714286,0.00656596124579905,0.005708818388656193,0.8571428571428571,1.0,0.0,
ridge_wind_weather_only,2024-11-27 23:00:00+00:00,70,0.18504863838869254,0.18445939194028352,0.6428571428571429,0.015464264010268798,0.014892835438840226,0.5714285714285714,1.0,0.0,
ridge_wind_weather_only,2024-11-28 23:00:00+00:00,70,0.1373229253290949,0.1039151228436027,0.6,0.013300523014090841,0.013300523014090841,0.0,1.0,0.0,
ridge_wind_weather_only,2024-11-29 23:00:00+00:00,70,0.13477805295603923,0.19339812142415946,0.5571428571428572,0.01796120802492304,0.01796120802492304,0.0,1.0,0.0,
ridge_wind_weather_only,2024-12-02 23:00:00+00:00,70,0.2023173499572424,0.19203912829063657,0.6285714285714286,0.017538184773016968,0.017395327630159826,0.14285714285714285,1.0,0.0,
ridge_wind_weather_only,2024-12-03 23:00:00+00:00,70,0.1303914194269059,0.0648297146935499,0.45714285714285713,0.0073239196841314025,0.0073239196841314025,0.0,1.0,0.0,
ridge_wind_weather_only,2024-12-04 23:00:00+00:00,70,0.12432035056100388,-0.019179029856196336,0.5285714285714286,0.0037153773564650716,0.0033582344993222145,0.3571428571428571,1.0,0.0,
ridge_wind_weather_only,2024-12-05 23:00:00+00:00,70,0.105190947600028,0.11968709949181208,0.5,0.01576061517992606,0.015260615179926058,0.5,1.0,0.0,
ridge_wind_weather_only,2024-12-06 23:00:00+00:00,70,-0.03629810638276548,-0.03795610399684365,0.5428571428571428,0.011890170922528592,0.011675885208242878,0.21428571428571427,1.0,0.0,
ridge_wind_weather_only,2024-12-09 23:00:00+00:00,70,0.015562039454460778,-0.08171185474660894,0.5714285714285714,0.009084679113508493,0.00894182197065135,0.14285714285714285,1.0,0.0,
ridge_wind_weather_only,2024-12-10 23:00:00+00:00,70,0.17349078913385516,0.1189788918025114,0.6857142857142857,0.016284757413834595,0.015641900270977453,0.6428571428571428,1.0,0.0,
ridge_wind_weather_only,2024-12-11 23:00:00+00:00,70,0.07754342017003199,0.17794352380573045,0.38571428571428573,0.012908797302996993,0.01269451158871128,0.21428571428571427,1.0,0.0,
ridge_wind_weather_only,2024-12-12 23:00:00+00:00,70,0.07138625139845099,0.11807927662961597,0.4857142857142857,0.0053535150551971816,0.00528208648376861,0.07142857142857142,1.0,0.0,
ridge_wind_weather_only,2024-12-13 23:00:00+00:00,70,0.034782344017651665,0.08710954578398157,0.5571428571428572,0.0006176827307200743,0.0006176827307200743,0.0,1.0,0.0,
ridge_wind_weather_only,2024-12-16 23:00:00+00:00,70,-0.16834195222945053,-0.21562053026951272,0.37142857142857144,-0.005290768788639828,-0.005505054502925543,0.21428571428571427,1.0,0.0,
ridge_wind_weather_only,2024-12-17 23:00:00+00:00,70,-0.3064962041032366,-0.2658458539647814,0.34285714285714286,-0.0094773343779158,-0.0094773343779158,0.0,1.0,0.0,
ridge_wind_weather_only,2024-12-18 23:00:00+00:00,70,-0.26447255853103807,-0.28986749315592547,0.38571428571428573,-0.015401611119893398,-0.016258753977036255,0.8571428571428571,1.0,0.0,
ridge_wind_weather_only,2024-12-19 23:00:00+00:00,70,-0.07069851982280269,-0.06821762715317738,0.5285714285714286,-0.00947517197084453,-0.009832314827987389,0.3571428571428571,1.0,0.0,
ridge_wind_weather_only,2024-12-20 23:00:00+00:00,70,0.1705078989160724,0.1876176154195973,0.6285714285714286,0.00042173253816480403,0.00020744682387908975,0.21428571428571427,1.0,0.0,
ridge_wind_weather_only,2024-12-23 23:00:00+00:00,70,0.03724735341380635,0.06697347850981136,0.4714285714285714,-0.0035661398918248135,-0.0036375684632533847,0.07142857142857142,1.0,0.0,
ridge_wind_weather_only,2024-12-24 23:00:00+00:00,70,0.025390397678283577,0.040273543847562154,0.4857142857142857,-0.0020767066718718505,-0.0022195638147289934,0.14285714285714285,1.0,0.0,
ridge_wind_weather_only,2024-12-27 23:00:00+00:00,70,0.10071866658996617,0.167998348351133,0.5714285714285714,0.002021520426174485,0.0018786632833173423,0.14285714285714285,1.0,0.0,
ridge_wind_weather_only,2024-12-30 23:00:00+00:00,70,0.09405679998682556,0.22402331879932327,0.6142857142857143,0.005770925764716156,0.005556640050430442,0.21428571428571427,1.0,0.0,
ridge_wind_weather_only,2024-12-31 23:00:00+00:00,70,-0.0028914017669268324,0.034147095073307654,0.5428571428571428,-0.004557656902657933,-0.005271942616943647,0.7142857142857142,1.0,0.0,
rolling_momentum_21d,2023-01-02 23:00:00+00:00,70,-0.20240164457876447,-0.07154292313215001,0.45714285714285713,-0.005586671148202585,-0.006586671148202585,1.0,1.0,0.0,
rolling_momentum_21d,2023-01-03 23:00:00+00:00,70,-0.2614679890261401,-0.2677829392363796,0.38571428571428573,-0.010087653671807388,-0.010087653671807388,0.0,1.0,0.0,
rolling_momentum_21d,2023-01-04 23:00:00+00:00,70,-0.3937453284343115,-0.3344064386317907,0.34285714285714286,-0.025163165140635043,-0.025163165140635043,0.0,1.0,0.0,
rolling_momentum_21d,2023-01-05 23:00:00+00:00,70,-0.23552280550510146,-0.23656722946373893,0.37142857142857144,-0.013682788412544292,-0.013682788412544292,0.0,1.0,0.0,
rolling_momentum_21d,2023-01-06 23:00:00+00:00,70,-0.2300401132206058,-0.20577377307322192,0.3142857142857143,-0.01607972055011369,-0.01607972055011369,0.0,1.0,0.0,
rolling_momentum_21d,2023-01-09 23:00:00+00:00,70,-0.23188473465852932,-0.2031843233312921,0.35714285714285715,-0.023656157610236834,-0.023656157610236834,0.0,1.0,0.0,
rolling_momentum_21d,2023-01-10 23:00:00+00:00,70,-0.2805117547081786,-0.22096054588399963,0.37142857142857144,-0.021855846645369274,-0.021927275216797847,0.07142857142857142,1.0,0.0,
rolling_momentum_21d,2023-01-11 23:00:00+00:00,70,-0.036360699457340925,-0.11692765287376433,0.44285714285714284,-0.0019379283214556262,-0.0020093568928841975,0.07142857142857142,1.0,0.0,
rolling_momentum_21d,2023-01-12 23:00:00+00:00,70,-0.10274173936655694,-0.12368121774122999,0.42857142857142855,-0.008056571049811133,-0.008270856764096847,0.21428571428571427,1.0,0.0,
rolling_momentum_21d,2023-01-13 23:00:00+00:00,70,-0.16709440374830467,-0.22778409587962556,0.4,-0.01076186764636802,-0.010904724789225162,0.14285714285714285,1.0,0.0,
rolling_momentum_21d,2023-01-16 23:00:00+00:00,70,-0.05970548694053884,-0.15653923541247483,0.38571428571428573,-0.0019276990042922757,-0.00214198471857799,0.21428571428571427,1.0,0.0,
rolling_momentum_21d,2023-01-17 23:00:00+00:00,70,0.06107934020767952,-0.03070597498031668,0.4857142857142857,0.005880032168255953,0.005808603596827382,0.07142857142857142,1.0,0.0,
rolling_momentum_21d,2023-01-18 23:00:00+00:00,70,-0.1971764152421893,-0.24017146356399266,0.38571428571428573,-0.01269364089254385,-0.012765069463972422,0.07142857142857142,1.0,0.0,
rolling_momentum_21d,2023-01-19 23:00:00+00:00,70,-0.19904539769230015,-0.18932726795555946,0.4714285714285714,-0.01133120765959291,-0.01133120765959291,0.0,1.0,0.0,
rolling_momentum_21d,2023-01-20 23:00:00+00:00,70,-0.15726061152232348,-0.07469228145051318,0.5142857142857142,-0.004712629303174143,-0.0047840578746027144,0.07142857142857142,1.0,0.0,
rolling_momentum_21d,2023-01-23 23:00:00+00:00,70,-0.1830320501228485,-0.05576065086169189,0.5142857142857142,-0.006499721626555954,-0.006571150197984525,0.07142857142857142,1.0,0.0,
rolling_momentum_21d,2023-01-24 23:00:00+00:00,70,-0.225777646591277,-0.1632928002799405,0.38571428571428573,-0.011022629041352438,-0.011236914755638152,0.21428571428571427,1.0,0.0,
rolling_momentum_21d,2023-01-25 23:00:00+00:00,70,-0.19506047976438906,-0.2829323768699151,0.45714285714285713,-0.009273296788311217,-0.009273296788311217,0.0,1.0,0.0,
rolling_momentum_21d,2023-01-26 23:00:00+00:00,70,0.08241104449081259,0.14530662234275216,0.4714285714285714,0.0027318081602876174,0.0025175224460019033,0.21428571428571427,1.0,0.0,
rolling_momentum_21d,2023-01-27 23:00:00+00:00,70,0.12905959745856105,0.14915580439156678,0.4714285714285714,0.0032027997606834317,0.0031313711892548605,0.07142857142857142,1.0,0.0,
rolling_momentum_21d,2023-01-30 23:00:00+00:00,70,0.201894061374391,0.19706062461726884,0.5857142857142857,0.00805303891414528,0.007910181771288138,0.14285714285714285,1.0,0.0,
rolling_momentum_21d,2023-01-31 23:00:00+00:00,70,0.18265178953950376,0.1887673869302773,0.4714285714285714,0.004373311442089018,0.004230454299231875,0.14285714285714285,1.0,0.0,
rolling_momentum_21d,2023-02-01 23:00:00+00:00,70,0.20830264544459645,0.21518677281077772,0.45714285714285713,0.009400005858718778,0.009400005858718778,0.0,1.0,0.0,
rolling_momentum_21d,2023-02-02 23:00:00+00:00,70,0.21581713490859436,0.2081882599947511,0.45714285714285713,0.00622654200313697,0.0061551134317083984,0.07142857142857142,1.0,0.0,
rolling_momentum_21d,2023-02-03 23:00:00+00:00,70,0.20139101360590209,0.2260694602396991,0.4142857142857143,0.008906446508795933,0.008906446508795933,0.0,1.0,0.0,
rolling_momentum_21d,2023-02-06 23:00:00+00:00,70,0.15326009147286326,0.2352025194646138,0.38571428571428573,0.0034476018775026433,0.0033047447346455003,0.14285714285714285,1.0,0.0,
rolling_momentum_21d,2023-02-07 23:00:00+00:00,70,0.12870594420007575,0.08043040853818564,0.44285714285714284,0.001532166239687968,0.001532166239687968,0.0,1.0,0.0,
rolling_momentum_21d,2023-02-08 23:00:00+00:00,70,-0.07923939403153546,-0.05751027906569854,0.4,-0.01145739450972447,-0.011528823081153041,0.07142857142857142,1.0,0.0,
rolling_momentum_21d,2023-02-09 23:00:00+00:00,70,-0.26531615450041507,-0.16262794156241797,0.4714285714285714,-0.021823585329263658,-0.0219664424721208,0.14285714285714285,1.0,0.0,
rolling_momentum_21d,2023-02-10 23:00:00+00:00,70,-0.42100544615365854,-0.3690490770711224,0.4,-0.02832155639214715,-0.028392984963575722,0.07142857142857142,1.0,0.0,
rolling_momentum_21d,2023-02-13 23:00:00+00:00,70,-0.3794212608540784,-0.30588749890648237,0.4714285714285714,-0.020791867563233007,-0.02093472470609015,0.14285714285714285,1.0,0.0,
rolling_momentum_21d,2023-02-14 23:00:00+00:00,70,-0.28291962516083224,-0.2727145481585163,0.44285714285714284,-0.02119267331573961,-0.021335530458596753,0.14285714285714285,1.0,0.0,
rolling_momentum_21d,2023-02-15 23:00:00+00:00,70,-0.2112923824630359,-0.19223165077421048,0.44285714285714284,-0.007749543666876314,-0.007892400809733456,0.14285714285714285,1.0,0.0,
rolling_momentum_21d,2023-02-16 23:00:00+00:00,70,-0.15068654719751856,-0.13032980491645524,0.44285714285714284,-0.00902154204610464,-0.009092970617533211,0.07142857142857142,1.0,0.0,
rolling_momentum_21d,2023-02-17 23:00:00+00:00,70,-0.1302233456273662,0.04697751727757851,0.5571428571428572,-0.0018120385425017859,-0.0018834671139303573,0.07142857142857142,1.0,0.0,
rolling_momentum_21d,2023-02-20 23:00:00+00:00,70,-0.20095094186276818,-0.1586037966932027,0.45714285714285713,-0.007730838521176611,-0.007730838521176611,0.0,1.0,0.0,
rolling_momentum_21d,2023-02-21 23:00:00+00:00,70,-0.2554808651096627,-0.20692852768786632,0.44285714285714284,-0.008307624448019814,-0.008450481590876956,0.14285714285714285,1.0,0.0,
rolling_momentum_21d,2023-02-22 23:00:00+00:00,70,-0.02489971335245085,-0.10048114775610184,0.4857142857142857,0.0006358471219446788,0.000492989979087536,0.14285714285714285,1.0,0.0,
rolling_momentum_21d,2023-02-23 23:00:00+00:00,70,-0.02804910485468178,-0.04410812702300761,0.5285714285714286,0.005398799974360578,0.005327371402932006,0.07142857142857142,1.0,0.0,
rolling_momentum_21d,2023-02-24 23:00:00+00:00,70,0.017666868743019842,-0.049392004199107685,0.5142857142857142,0.0020220719155581426,0.0020220719155581426,0.0,1.0,0.0,
rolling_momentum_21d,2023-02-27 23:00:00+00:00,70,0.13555067526110962,0.14681130259819788,0.6142857142857143,0.013302555206696844,0.013231126635268273,0.07142857142857142,1.0,0.0,
rolling_momentum_21d,2023-02-28 23:00:00+00:00,70,0.1366194514124587,0.1771848482197533,0.6285714285714286,0.01651446933306529,0.01637161219020815,0.14285714285714285,1.0,0.0,
rolling_momentum_21d,2023-03-01 23:00:00+00:00,70,0.16949199752572697,0.15146531362085558,0.5,0.014648160576185253,0.01450530343332811,0.14285714285714285,1.0,0.0,
rolling_momentum_21d,2023-03-02 23:00:00+00:00,70,-0.01936284921706691,0.015799142682180037,0.44285714285714284,-0.0023832680612964536,-0.002454696632725025,0.07142857142857142,1.0,0.0,
rolling_momentum_21d,2023-03-03 23:00:00+00:00,70,0.12121488576125271,0.17151605283877175,0.5,0.012904370908862671,0.012904370908862671,0.0,1.0,0.0,
rolling_momentum_21d,2023-03-06 23:00:00+00:00,70,-0.07256088288951204,0.16990639489108567,0.5857142857142857,0.003910766476507536,0.003839337905078965,0.07142857142857142,1.0,0.0,
rolling_momentum_21d,2023-03-07 23:00:00+00:00,70,-0.1909148361405002,0.17561018283614732,0.6285714285714286,0.0006107215026595854,0.000539292931231014,0.07142857142857142,1.0,0.0,
rolling_momentum_21d,2023-03-08 23:00:00+00:00,70,-0.18365717059614078,0.10461027031755753,0.5857142857142857,-0.0043371523489946695,-0.004408580920423241,0.07142857142857142,1.0,0.0,
rolling_momentum_21d,2023-03-09 23:00:00+00:00,70,0.036045535208435744,0.09439244160615869,0.5714285714285714,0.005259774379237056,0.005188345807808485,0.07142857142857142,1.0,0.0,
rolling_momentum_21d,2023-03-10 23:00:00+00:00,70,0.035038568715127776,0.05744029393753827,0.5285714285714286,-0.0013069574609603887,-0.0014498146038175316,0.14285714285714285,1.0,0.0,
rolling_momentum_21d,2023-03-13 23:00:00+00:00,70,0.03893644382858766,-0.0012422360248447203,0.45714285714285713,-0.006711188372967289,-0.00678261694439586,0.07142857142857142,1.0,0.0,
rolling_momentum_21d,2023-03-14 23:00:00+00:00,70,-0.02463802772951223,-0.005336366022220278,0.4142857142857143,-0.0058155038497260106,-0.0058155038497260106,0.0,1.0,0.0,
rolling_momentum_21d,2023-03-15 23:00:00+00:00,70,-0.10952231423088153,-0.11972705800017497,0.4142857142857143,-0.008205954087250625,-0.008205954087250625,0.0,1.0,0.0,
rolling_momentum_21d,2023-03-16 23:00:00+00:00,70,-0.1291207395607816,-0.19471612282389994,0.4,-0.009981516270446711,-0.010052944841875282,0.07142857142857142,1.0,0.0,
rolling_momentum_21d,2023-03-17 23:00:00+00:00,70,-0.06998250261056368,-0.12347126235674918,0.4142857142857143,-0.0039693885880281565,-0.004040817159456728,0.07142857142857142,1.0,0.0,
rolling_momentum_21d,2023-03-20 23:00:00+00:00,70,0.08047407600306557,0.05946986265418598,0.5428571428571428,0.005145954052406417,0.004931668338120703,0.21428571428571427,1.0,0.0,
rolling_momentum_21d,2023-03-21 23:00:00+00:00,70,0.09846554173599562,0.05943487009010585,0.5142857142857142,0.0007660546669083964,0.0006231975240512536,0.14285714285714285,1.0,0.0,
rolling_momentum_21d,2023-03-22 23:00:00+00:00,70,0.18005050438407225,0.11486309159303648,0.4857142857142857,0.009623477670832546,0.009480620527975403,0.14285714285714285,1.0,0.0,
rolling_momentum_21d,2023-03-23 23:00:00+00:00,70,0.13769776873562373,0.06657335316245297,0.45714285714285713,0.0036261462525651387,0.003483289109707996,0.14285714285714285,1.0,0.0,
rolling_momentum_21d,2023-03-24 23:00:00+00:00,70,0.16137352521578285,0.18764762487971304,0.5857142857142857,0.009516732523376842,0.009302446809091128,0.21428571428571427,1.0,0.0,
rolling_momentum_21d,2023-03-27 23:00:00+00:00,70,0.1865625858642483,0.1750852943749453,0.5,0.010340645287460742,0.010340645287460742,0.0,1.0,0.0,
rolling_momentum_21d,2023-03-28 23:00:00+00:00,70,0.4162473753036103,0.3763975155279503,0.4857142857142857,0.025980184849156086,0.025837327706298943,0.14285714285714285,1.0,0.0,
rolling_momentum_21d,2023-03-29 23:00:00+00:00,70,0.3685517050095732,0.34885836759688565,0.5428571428571428,0.0173342701108296,0.01726284153940103,0.07142857142857142,1.0,0.0,
rolling_momentum_21d,2023-03-30 23:00:00+00:00,70,0.03748576537600661,0.08302276351031933,0.5285714285714286,0.0022837746508598718,0.0022837746508598718,0.0,1.0,0.0,
rolling_momentum_21d,2023-03-31 23:00:00+00:00,70,-0.17543499942478533,-0.14688128772635817,0.42857142857142855,-0.005366880645995092,-0.005581166360280806,0.21428571428571427,1.0,0.0,
rolling_momentum_21d,2023-04-03 23:00:00+00:00,70,-0.20801809154258585,-0.2123173825562068,0.5285714285714286,-0.015477659877744299,-0.015477659877744299,0.0,1.0,0.0,
rolling_momentum_21d,2023-04-04 23:00:00+00:00,70,-0.15097008442001258,-0.16640713848307234,0.45714285714285713,-0.012060236473732255,-0.012131665045160826,0.07142857142857142,1.0,0.0,
rolling_momentum_21d,2023-04-05 23:00:00+00:00,70,0.041786946829002275,0.03207068497944187,0.5428571428571428,0.003298169864672415,0.003298169864672415,0.0,1.0,0.0,
rolling_momentum_21d,2023-04-06 23:00:00+00:00,70,0.28769303215434544,0.24500043740705096,0.5857142857142857,0.01930477848659612,0.019161921343738977,0.14285714285714285,1.0,0.0,
rolling_momentum_21d,2023-04-11 23:00:00+00:00,70,0.31836604410595265,0.26193683842183535,0.5571428571428572,0.023836308314069257,0.023764879742640684,0.07142857142857142,1.0,0.0,
rolling_momentum_21d,2023-04-12 23:00:00+00:00,70,0.3966854764563859,0.42206281165252385,0.6714285714285714,0.02768796905351704,0.02761654048208847,0.07142857142857142,1.0,0.0,
rolling_momentum_21d,2023-04-13 23:00:00+00:00,70,0.35827939780503687,0.36047589887148984,0.6428571428571429,0.015627452062828954,0.015556023491400383,0.07142857142857142,1.0,0.0,
rolling_momentum_21d,2023-04-14 23:00:00+00:00,70,-0.004336711075377466,-0.12644563030356049,0.4142857142857143,-0.006515393356112614,-0.006515393356112614,0.0,1.0,0.0,
rolling_momentum_21d,2023-04-17 23:00:00+00:00,70,-0.16730943766668244,-0.21375207768349225,0.34285714285714286,-0.012882763886395398,-0.01295419245782397,0.07142857142857142,1.0,0.0,
rolling_momentum_21d,2023-04-18 23:00:00+00:00,70,-0.1304308453357074,-0.19506604846470124,0.3142857142857143,-0.00526795097301655,-0.005410808115873692,0.14285714285714285,1.0,0.0,
rolling_momentum_21d,2023-04-19 23:00:00+00:00,70,-0.023431058761154786,-0.12287638876738693,0.42857142857142855,0.0011603243042969536,0.0011603243042969536,0.0,1.0,0.0,
rolling_momentum_21d,2023-04-20 23:00:00+00:00,70,-0.04788314306790805,-0.07917067623130085,0.4714285714285714,0.0027804949688140968,0.0027804949688140968,0.0,1.0,0.0,
rolling_momentum_21d,2023-04-21 23:00:00+00:00,70,0.3299312365162018,0.35708162015571693,0.6428571428571429,0.02292422023419004,0.02292422023419004,0.0,1.0,0.0,
rolling_momentum_21d,2023-04-24 23:00:00+00:00,70,0.3254563983301596,0.30844195608433206,0.6571428571428571,0.018891137715710788,0.018819709144282215,0.07142857142857142,1.0,0.0,
rolling_momentum_21d,2023-04-25 23:00:00+00:00,70,0.3029347734199491,0.29811914968069286,0.6285714285714286,0.01741162167572892,0.017340193104300346,0.07142857142857142,1.0,0.0,
rolling_momentum_21d,2023-04-26 23:00:00+00:00,70,0.22240090164740564,0.28653661097016886,0.6571428571428571,0.011976383149199714,0.011976383149199714,0.0,1.0,0.0,
rolling_momentum_21d,2023-04-27 23:00:00+00:00,70,-0.15666505546852325,-0.04344326830548508,0.4857142857142857,-0.0040015133236502454,-0.0040015133236502454,0.0,1.0,0.0,
rolling_momentum_21d,2023-04-28 23:00:00+00:00,70,-0.4296900924451521,-0.2574227976554982,0.37142857142857144,-0.020442146880617747,-0.02051357545204632,0.07142857142857142,1.0,0.0,
rolling_momentum_21d,2023-05-01 23:00:00+00:00,70,-0.4030367747582745,-0.15751902720671856,0.4,-0.018706150524546272,-0.018706150524546272,0.0,1.0,0.0,
rolling_momentum_21d,2023-05-02 23:00:00+00:00,70,-0.35154531126462146,-0.19198838237443927,0.44285714285714284,-0.014818009852944092,-0.014889438424372663,0.07142857142857142,1.0,0.0,
rolling_momentum_21d,2023-05-03 23:00:00+00:00,70,-0.11876545618466994,-0.027906569853906046,0.4857142857142857,-0.004656888295828168,-0.0047997454386853105,0.14285714285714285,1.0,0.0,
rolling_momentum_21d,2023-05-04 23:00:00+00:00,70,0.1260379324500779,0.051841483684717,0.5714285714285714,0.004917635544156257,0.004917635544156257,0.0,1.0,0.0,
rolling_momentum_21d,2023-05-05 23:00:00+00:00,70,0.19039752818318598,0.10282564954947075,0.45714285714285713,0.011322472899227495,0.010893901470656065,0.42857142857142855,1.0,0.0,
rolling_momentum_21d,2023-05-08 23:00:00+00:00,70,0.22731015643884622,0.16301285976729943,0.4142857142857143,0.009470638491322677,0.009399209919894106,0.07142857142857142,1.0,0.0,
rolling_momentum_21d,2023-05-09 23:00:00+00:00,70,0.20710616469834822,0.15825387105240135,0.5714285714285714,0.01199877263904078,0.011927344067612209,0.07142857142857142,1.0,0.0,
rolling_momentum_21d,2023-05-10 23:00:00+00:00,70,-0.012753479010580986,-0.04837721984078383,0.37142857142857144,0.0052879698163814035,0.005216541244952832,0.07142857142857142,1.0,0.0,
rolling_momentum_21d,2023-05-11 23:00:00+00:00,70,0.013725124437821106,-0.10762339691295558,0.4,0.004113146620718313,0.004041718049289742,0.07142857142857142,1.0,0.0,
rolling_momentum_21d,2023-05-12 23:00:00+00:00,70,0.0708023658959013,0.10478523313795816,0.5285714285714286,0.00881352883736962,0.00881352883736962,0.0,1.0,0.0,
rolling_momentum_21d,2023-05-15 23:00:00+00:00,70,0.0003496171262168303,0.055060799580089234,0.5142857142857142,0.010344002742384928,0.010272574170956356,0.07142857142857142,1.0,0.0,
rolling_momentum_21d,2023-05-16 23:00:00+00:00,70,-0.10359788998096664,-0.00488146268917855,0.44285714285714284,0.003521058392151946,0.0034496298207233747,0.07142857142857142,1.0,0.0,
rolling_momentum_21d,2023-05-17 23:00:00+00:00,70,-0.025133136888399406,0.09565217391304348,0.5714285714285714,0.0063435977178083955,0.006200740574951253,0.14285714285714285,1.0,0.0,
rolling_momentum_21d,2023-05-18 23:00:00+00:00,70,-0.06743413375047827,-0.009535473711836235,0.5428571428571428,-0.002430182174332993,-0.002644467888618707,0.21428571428571427,1.0,0.0,
rolling_momentum_21d,2023-05-19 23:00:00+00:00,70,-0.11285662805011297,-0.0819000962295512,0.4857142857142857,-0.009082531882904485,-0.009082531882904485,0.0,1.0,0.0,
rolling_momentum_21d,2023-05-22 23:00:00+00:00,70,-0.009866350213661237,0.07931064648762139,0.4714285714285714,0.0013985382683109281,0.0012556811254537852,0.14285714285714285,1.0,0.0,
rolling_momentum_21d,2023-05-23 23:00:00+00:00,70,-0.22900939071625123,-0.19944011897471783,0.34285714285714286,-0.006181331590440646,-0.006181331590440646,0.0,1.0,0.0,
rolling_momentum_21d,2023-05-24 23:00:00+00:00,70,-0.019596250037513585,-0.0036567229463738958,0.5428571428571428,-0.0032736903743220604,-0.0033451189457506317,0.07142857142857142,1.0,0.0,
rolling_momentum_21d,2023-05-25 23:00:00+00:00,70,0.27283831313510165,0.25098416586475375,0.6,0.006219638119848992,0.006148209548420421,0.07142857142857142,1.0,0.0,
rolling_momentum_21d,2023-05-26 23:00:00+00:00,70,0.39449360674976464,0.31028178009918034,0.6142857142857143,0.008079014569085554,0.008007585997656982,0.07142857142857142,1.0,0.0,
rolling_momentum_21d,2023-05-29 23:00:00+00:00,70,0.3061598742928103,0.17214591899221413,0.5,0.005880830965106536,0.005666545250820821,0.21428571428571427,1.0,0.0,
rolling_momentum_21d,2023-05-30 23:00:00+00:00,70,0.3618827659324906,0.3463738955471962,0.6428571428571429,0.010220506521164614,0.010149077949736043,0.07142857142857142,1.0,0.0,
rolling_momentum_21d,2023-05-31 23:00:00+00:00,70,0.3589595665705299,0.4046715073046977,0.6714285714285714,0.02434572410419348,0.024274295532764906,0.07142857142857142,1.0,0.0,
rolling_momentum_21d,2023-06-01 23:00:00+00:00,70,0.2873908289470036,0.38070160090980665,0.6714285714285714,0.019403660636491495,0.019260803493634352,0.14285714285714285,1.0,0.0,
rolling_momentum_21d,2023-06-02 23:00:00+00:00,70,0.2238753173999671,0.201854605896247,0.5714285714285714,0.00991446871980052,0.00991446871980052,0.0,1.0,0.0,
rolling_momentum_21d,2023-06-05 23:00:00+00:00,70,0.21792224326543772,0.214486921529175,0.5285714285714286,0.010945011894562033,0.010873583323133462,0.07142857142857142,1.0,0.0,
rolling_momentum_21d,2023-06-06 23:00:00+00:00,70,0.10862210758738516,0.07507654623392529,0.4857142857142857,0.008417690970253485,0.008346262398824914,0.07142857142857142,1.0,0.0,
rolling_momentum_21d,2023-06-07 23:00:00+00:00,70,-0.07909131005040142,-0.04690753214941824,0.4714285714285714,-0.006656542884269964,-0.006656542884269964,0.0,1.0,0.0,
rolling_momentum_21d,2023-06-08 23:00:00+00:00,70,-0.16589981942333615,-0.17812964744991688,0.45714285714285713,-0.010211453329610216,-0.010282881901038788,0.07142857142857142,1.0,0.0,
rolling_momentum_21d,2023-06-09 23:00:00+00:00,70,-0.18764825633585688,-0.12434607645875251,0.45714285714285713,-0.009728049780212763,-0.009870906923069906,0.14285714285714285,1.0,0.0,
rolling_momentum_21d,2023-06-12 23:00:00+00:00,70,-0.20807168733457912,-0.22998862741667392,0.4,-0.01318026847033776,-0.013251697041766331,0.07142857142857142,1.0,0.0,
rolling_momentum_21d,2023-06-13 23:00:00+00:00,70,-0.3004835299544549,-0.22141544921704137,0.5428571428571428,-0.016936037217200033,-0.017078894360057176,0.14285714285714285,1.0,0.0,
rolling_momentum_21d,2023-06-14 23:00:00+00:00,70,-0.35139869481884256,-0.2468200507392179,0.45714285714285713,-0.021307417068234736,-0.02137884563966331,0.07142857142857142,1.0,0.0,
rolling_momentum_21d,2023-06-15 23:00:00+00:00,70,-0.3398639172279149,-0.25448342227276705,0.4857142857142857,-0.020113208461104978,-0.020113208461104978,0.0,1.0,0.0,
rolling_momentum_21d,2023-06-16 23:00:00+00:00,70,-0.37596763733542876,-0.2552882512466101,0.4857142857142857,-0.022329155396018863,-0.022400583967447436,0.07142857142857142,1.0,0.0,
rolling_momentum_21d,2023-06-19 23:00:00+00:00,70,-0.3010282985857154,-0.1805791269355262,0.4714285714285714,-0.015841946477769604,-0.015913375049198177,0.07142857142857142,1.0,0.0,
rolling_momentum_21d,2023-06-20 23:00:00+00:00,70,-0.24213414205468614,-0.2511438294543608,0.32857142857142857,-0.01373057568232993,-0.013802004253758502,0.07142857142857142,1.0,0.0,
rolling_momentum_21d,2023-06-21 23:00:00+00:00,70,-0.09933914080891276,-0.11251858979966756,0.4714285714285714,-0.009571707477725672,-0.009785993192011386,0.21428571428571427,1.0,0.0,
rolling_momentum_21d,2023-06-22 23:00:00+00:00,70,-0.18171691039229096,-0.24038141894847342,0.37142857142857144,-0.005491378661690035,-0.00570566437597575,0.21428571428571427,1.0,0.0,
rolling_momentum_21d,2023-06-23 23:00:00+00:00,70,-0.07302539347084461,-0.12417111363835186,0.45714285714285713,-0.005664379452848646,-0.005878665167134361,0.21428571428571427,1.0,0.0,
rolling_momentum_21d,2023-06-26 23:00:00+00:00,70,-0.020650169082145585,-0.03301548420960546,0.4714285714285714,-0.0006340836084620439,-0.0006340836084620439,0.0,1.0,0.0,
rolling_momentum_21d,2023-06-27 23:00:00+00:00,70,-0.060357822994601566,-0.06275916367771849,0.4857142857142857,-0.00026173462237192837,-0.00047602033665764264,0.21428571428571427,1.0,0.0,
rolling_momentum_21d,2023-06-28 23:00:00+00:00,70,-0.040796721659991965,-0.01394453678593299,0.4714285714285714,0.0009937532684365887,0.0009937532684365887,0.0,1.0,0.0,
rolling_momentum_21d,2023-06-29 23:00:00+00:00,70,0.010037455877660655,0.12126673081970081,0.6,-0.003820450182010628,-0.003963307324867771,0.14285714285714285,1.0,0.0,
rolling_momentum_21d,2023-06-30 23:00:00+00:00,70,-0.0005462312052915603,-0.05243635727407926,0.5142857142857142,-0.0003973531968658288,-0.0004687817682944002,0.07142857142857142,1.0,0.0,
rolling_momentum_21d,2023-07-03 23:00:00+00:00,70,-0.2752497753044299,-0.04970693727582889,0.5428571428571428,-0.007186440780418943,-0.0075435836375618,0.3571428571428571,1.0,0.0,
rolling_momentum_21d,2023-07-04 23:00:00+00:00,70,-0.23906169103737002,-0.19510104102878137,0.45714285714285713,-0.005333056042526818,-0.005333056042526818,0.0,1.0,0.0,
rolling_momentum_21d,2023-07-05 23:00:00+00:00,70,-0.033375884177291995,-0.18402750440302126,0.5428571428571428,-0.008125278447162728,-0.0081967070185913,0.07142857142857142,1.0,0.0,
rolling_momentum_21d,2023-07-06 23:00:00+00:00,70,0.044877136749000096,-0.04172863266555857,0.5571428571428572,-0.001789494892967493,-0.0018609234643960644,0.07142857142857142,1.0,0.0,
rolling_momentum_21d,2023-07-07 23:00:00+00:00,70,0.07159568821283141,-0.008275741404951447,0.4857142857142857,-0.00030455435981232426,-0.00044741150266946713,0.14285714285714285,1.0,0.0,
rolling_momentum_21d,2023-07-10 23:00:00+00:00,70,0.07368295829135331,-1.7496282040066486e-05,0.5142857142857142,0.0009427728276005474,0.0009427728276005474,0.0,1.0,0.0,
rolling_momentum_21d,2023-07-11 23:00:00+00:00,70,0.051591145710446706,-0.02878138395590937,0.4714285714285714,0.001314833790183297,0.001171976647326154,0.14285714285714285,1.0,0.0,
rolling_momentum_21d,2023-07-12 23:00:00+00:00,70,-0.054189354958337266,-0.04127372933251684,0.5142857142857142,0.004657064118387663,0.004442778404101949,0.21428571428571427,1.0,0.0,
rolling_momentum_21d,2023-07-13 23:00:00+00:00,70,-0.22794739382285087,-0.2650861691890473,0.44285714285714284,-0.01869196274495731,-0.018906248459243026,0.21428571428571427,1.0,0.0,
rolling_momentum_21d,2023-07-14 23:00:00+00:00,70,-0.19013348076233913,-0.25535823637477034,0.38571428571428573,-0.00979818667305596,-0.00979818667305596,0.0,1.0,0.0,
rolling_momentum_21d,2023-07-17 23:00:00+00:00,70,-0.12360936447088992,-0.2245647799842533,0.44285714285714284,-0.009579489707043724,-0.009650918278472295,0.07142857142857142,1.0,0.0,
rolling_momentum_21d,2023-07-18 23:00:00+00:00,70,-0.12987213307656775,-0.23698714023270054,0.4857142857142857,-0.012262204662506025,-0.012476490376791738,0.21428571428571427,1.0,0.0,
rolling_momentum_21d,2023-07-19 23:00:00+00:00,70,-0.1520086325690036,-0.09225789519727058,0.5714285714285714,-0.0034614032335808327,-0.0036042603764379756,0.14285714285714285,1.0,0.0,
rolling_momentum_21d,2023-07-20 23:00:00+00:00,70,0.045185305267229796,0.01194996063336541,0.5285714285714286,0.0015051543546133182,0.0014337257831847467,0.07142857142857142,1.0,0.0,
rolling_momentum_21d,2023-07-21 23:00:00+00:00,70,0.0035653890910868576,0.045857755227014255,0.5142857142857142,-0.0007884571631020535,-0.0007884571631020535,0.0,1.0,0.0,
rolling_momentum_21d,2023-07-24 23:00:00+00:00,70,-0.1329084523275524,-0.09218791006911031,0.4857142857142857,-0.001390604916002066,-0.0016763192017163516,0.2857142857142857,1.0,0.0,
rolling_momentum_21d,2023-07-25 23:00:00+00:00,70,0.0393348904222067,-0.0951622780159216,0.44285714285714284,0.002522947623378689,0.002451519051950118,0.07142857142857142,1.0,0.0,
rolling_momentum_21d,2023-07-26 23:00:00+00:00,70,-0.3158897298085667,-0.28223252558831247,0.35714285714285715,-0.008006352273140982,-0.008006352273140982,0.0,1.0,0.0,
rolling_momentum_21d,2023-07-27 23:00:00+00:00,70,-0.2318976064961,-0.17466538360598372,0.44285714285714284,-0.011835874199551932,-0.011835874199551932,0.0,1.0,0.0,
rolling_momentum_21d,2023-07-28 23:00:00+00:00,70,-0.25879738405070996,0.007610882687428921,0.5142857142857142,-0.010527818986271599,-0.010742104700557312,0.21428571428571427,1.0,0.0,
rolling_momentum_21d,2023-07-31 23:00:00+00:00,70,-0.03186565563420131,0.12242148543434521,0.6285714285714286,0.0048768478809004786,0.004733990738043336,0.14285714285714285,1.0,0.0,
rolling_momentum_21d,2023-08-01 23:00:00+00:00,70,0.02396350259209174,0.16374770361298224,0.5285714285714286,0.008731371689245248,0.008731371689245248,0.0,1.0,0.0,
rolling_momentum_21d,2023-08-02 23:00:00+00:00,70,0.19838812440600764,0.14961070772460852,0.5714285714285714,0.020389869313946176,0.020389869313946176,0.0,1.0,0.0,
rolling_momentum_21d,2023-08-03 23:00:00+00:00,70,0.2210174029282531,0.24517540022745163,0.5857142857142857,0.010179839439362815,0.010108410867934244,0.07142857142857142,1.0,0.0,
rolling_momentum_21d,2023-08-04 23:00:00+00:00,70,0.13160816378669954,0.11384830723471262,0.5142857142857142,0.010764696049493667,0.010621838906636524,0.14285714285714285,1.0,0.0,
rolling_momentum_21d,2023-08-07 23:00:00+00:00,70,-0.14611213691311117,0.00033242935876126324,0.5,0.0005520376230208716,0.00040918048016372875,0.14285714285714285,1.0,0.0,
rolling_momentum_21d,2023-08-08 23:00:00+00:00,70,-0.13092178660454448,-0.027066748315982853,0.5142857142857142,-0.0007468586253397709,-0.0007468586253397709,0.0,1.0,0.0,
rolling_momentum_21d,2023-08-09 23:00:00+00:00,70,-0.15820875730306475,-0.07612632315632928,0.5142857142857142,-0.002814199435802556,-0.002885628007231127,0.07142857142857142,1.0,0.0,
rolling_momentum_21d,2023-08-10 23:00:00+00:00,70,0.17900444979654784,0.04270842445980229,0.44285714285714284,0.0061546061103337855,0.006083177538905214,0.07142857142857142,1.0,0.0,
rolling_momentum_21d,2023-08-11 23:00:00+00:00,70,0.2670643102519711,0.12357624004898961,0.5285714285714286,0.007668374220392729,0.0075969456489641575,0.07142857142857142,1.0,0.0,
rolling_momentum_21d,2023-08-14 23:00:00+00:00,70,0.38520001449558455,0.13519377132359373,0.5,0.011483223632165106,0.011411795060736534,0.07142857142857142,1.0,0.0,
rolling_momentum_21d,2023-08-15 23:00:00+00:00,70,0.40806254934144237,0.2735543696964395,0.5857142857142857,0.011518393268131335,0.011518393268131335,0.0,1.0,0.0,
rolling_momentum_21d,2023-08-16 23:00:00+00:00,70,0.2408686523193094,0.22844895459714812,0.5714285714285714,0.01009194900604516,0.01009194900604516,0.0,1.0,0.0,
rolling_momentum_21d,2023-08-17 23:00:00+00:00,70,0.33409886146087603,0.2897909194296212,0.5428571428571428,0.015163106484867657,0.015020249342010515,0.14285714285714285,1.0,0.0,
rolling_momentum_21d,2023-08-18 23:00:00+00:00,70,0.3835838187617135,0.2997987927565392,0.5428571428571428,0.013648542933959448,0.013648542933959448,0.0,1.0,0.0,
rolling_momentum_21d,2023-08-21 23:00:00+00:00,70,0.27496622012468025,0.257107864578777,0.5428571428571428,0.014995412769216895,0.014781127054931181,0.21428571428571427,1.0,0.0,
rolling_momentum_21d,2023-08-22 23:00:00+00:00,70,0.08922808298601129,0.18169888898609046,0.5714285714285714,0.007696843376244613,0.007696843376244613,0.0,1.0,0.0,
rolling_momentum_21d,2023-08-23 23:00:00+00:00,70,0.14195493898520975,0.20314933076721198,0.5,0.005469372738124071,0.005397944166695499,0.07142857142857142,1.0,0.0,
rolling_momentum_21d,2023-08-24 23:00:00+00:00,70,-0.13768067344510507,-0.09271279853031231,0.4,-0.007886714773173717,-0.007886714773173717,0.0,1.0,0.0,
rolling_momentum_21d,2023-08-25 23:00:00+00:00,70,-0.0887500497281077,-0.14453678593298924,0.42857142857142855,-0.00604858296390945,-0.006191440106766592,0.14285714285714285,1.0,0.0,
rolling_momentum_21d,2023-08-28 23:00:00+00:00,70,-0.2146508637526842,-0.2711048902108302,0.37142857142857144,-0.011824965341787496,-0.011967822484644638,0.14285714285714285,1.0,0.0,
rolling_momentum_21d,2023-08-29 23:00:00+00:00,70,-0.11190809723847163,-0.2479748053538623,0.37142857142857144,-0.014894452112310616,-0.014894452112310616,0.0,1.0,0.0,
rolling_momentum_21d,2023-08-30 23:00:00+00:00,70,0.03764348045946289,0.08627416673956785,0.5285714285714286,0.003542814253508744,0.003399957110651601,0.14285714285714285,1.0,0.0,
rolling_momentum_21d,2023-08-31 23:00:00+00:00,70,0.028250933250422494,-0.035569941387455166,0.5142857142857142,0.004992049286884908,0.004992049286884908,0.0,1.0,0.0,
rolling_momentum_21d,2023-09-01 23:00:00+00:00,70,0.03533505021431171,0.010515265506079959,0.5857142857142857,0.007765599970317983,0.007694171398889412,0.07142857142857142,1.0,0.0,
rolling_momentum_21d,2023-09-04 23:00:00+00:00,70,0.048156403789291174,0.009780421660397165,0.5428571428571428,0.006283928165043328,0.006212499593614757,0.07142857142857142,1.0,0.0,
rolling_momentum_21d,2023-09-05 23:00:00+00:00,70,0.21417875560386196,0.15545446592599074,0.5285714285714286,0.02841567539460299,0.028272818251745848,0.14285714285714285,1.0,0.0,
rolling_momentum_21d,2023-09-06 23:00:00+00:00,70,0.28896086187117526,0.28223252558831247,0.6,0.01652192732166557,0.016450498750237,0.07142857142857142,1.0,0.0,
rolling_momentum_21d,2023-09-07 23:00:00+00:00,70,0.4144093927283601,0.4672032193158953,0.5285714285714286,0.02809728837721712,0.02809728837721712,0.0,1.0,0.0,
rolling_momentum_21d,2023-09-08 23:00:00+00:00,70,0.5690985187289155,0.6152917505030181,0.6571428571428571,0.04127443417108945,0.04091729131394659,0.3571428571428571,1.0,0.0,
rolling_momentum_21d,2023-09-11 23:00:00+00:00,70,0.612907485298281,0.6542734668882862,0.6285714285714286,0.035127615301049596,0.035127615301049596,0.0,1.0,0.0,
rolling_momentum_21d,2023-09-12 23:00:00+00:00,70,0.242320418619714,0.4654535911118888,0.6,0.019244945085673624,0.019244945085673624,0.0,1.0,0.0,
rolling_momentum_21d,2023-09-13 23:00:00+00:00,70,0.11055518954574153,0.27351937713235935,0.6571428571428571,0.012168918178810313,0.012097489607381742,0.07142857142857142,1.0,0.0,
rolling_momentum_21d,2023-09-14 23:00:00+00:00,70,-0.07809067791777785,0.07458665033680342,0.6,0.0037701572314869816,0.0036987286600584104,0.07142857142857142,1.0,0.0,
rolling_momentum_21d,2023-09-15 23:00:00+00:00,70,-0.18870823789213018,-0.12389117312571078,0.5142857142857142,-0.0026025751353037857,-0.0026025751353037857,0.0,1.0,0.0,
rolling_momentum_21d,2023-09-18 23:00:00+00:00,70,-0.16844541349778833,0.06898784008398215,0.5857142857142857,-0.00018754992116840682,-0.0002589784925969782,0.07142857142857142,1.0,0.0,
rolling_momentum_21d,2023-09-19 23:00:00+00:00,70,-0.00506199228765616,0.14054763362785408,0.6142857142857143,0.003833371474008904,0.003833371474008904,0.0,1.0,0.0,
rolling_momentum_21d,2023-09-20 23:00:00+00:00,70,-0.1893764036733017,-0.008380719097191845,0.5571428571428572,0.0015926053671031244,0.0015211767956745529,0.07142857142857142,1.0,0.0,
rolling_momentum_21d,2023-09-21 23:00:00+00:00,70,0.014210634597477829,0.07448167264456303,0.5142857142857142,0.004373450001467195,0.004230592858610053,0.14285714285714285,1.0,0.0,
rolling_momentum_21d,2023-09-22 23:00:00+00:00,70,-0.021434917406555825,0.03347038754264719,0.5571428571428572,0.0022211444451094957,0.0022211444451094957,0.0,1.0,0.0,
rolling_momentum_21d,2023-09-25 23:00:00+00:00,70,0.123147209692152,0.10482022570203832,0.5285714285714286,0.003629475939398789,0.003629475939398789,0.0,1.0,0.0,
rolling_momentum_21d,2023-09-26 23:00:00+00:00,70,0.13066090424860435,0.0940775085294375,0.6,0.004830845147547679,0.004830845147547679,0.0,1.0,0.0,
rolling_momentum_21d,2023-09-27 23:00:00+00:00,70,0.16983065533352248,0.07535648674656635,0.5,0.00654205409925286,0.006470625527824288,0.07142857142857142,1.0,0.0,
rolling_momentum_21d,2023-09-28 23:00:00+00:00,70,0.15285091579525376,0.0911031405826262,0.4714285714285714,0.0015677219215957437,0.0015677219215957437,0.0,1.0,0.0,
rolling_momentum_21d,2023-09-29 23:00:00+00:00,70,0.15058755248610972,0.07854081007785844,0.4714285714285714,-0.0014097428687833173,-0.0014811714402118887,0.07142857142857142,1.0,0.0,
rolling_momentum_21d,2023-10-02 23:00:00+00:00,70,0.2212874563093845,0.14306709824162364,0.4857142857142857,0.009304777269761378,0.009090491555475665,0.21428571428571427,1.0,0.0,
rolling_momentum_21d,2023-10-03 23:00:00+00:00,70,0.301637217745673,0.2522089056075584,0.5571428571428572,0.013502998480344608,0.013431569908916037,0.07142857142857142,1.0,0.0,
rolling_momentum_21d,2023-10-04 23:00:00+00:00,70,0.4162810741488914,0.3200944799230163,0.5714285714285714,0.02273587196322773,0.02266444339179916,0.07142857142857142,1.0,0.0,
rolling_momentum_21d,2023-10-05 23:00:00+00:00,70,0.32379728019118176,0.21821553859236367,0.4857142857142857,0.012957001690138581,0.01288557311871001,0.07142857142857142,1.0,0.0,
rolling_momentum_21d,2023-10-06 23:00:00+00:00,70,0.46085051695909884,0.24856967894322457,0.42857142857142855,0.023874699482711516,0.023874699482711516,0.0,1.0,0.0,
rolling_momentum_21d,2023-10-09 23:00:00+00:00,70,0.36119568657733886,0.2584025894497419,0.45714285714285713,0.01780442848401065,0.017590142769724936,0.21428571428571427,1.0,0.0,
rolling_momentum_21d,2023-10-10 23:00:00+00:00,70,-0.1219374870871048,-0.16570728720146968,0.42857142857142855,-0.012134139463823976,-0.012134139463823976,0.0,1.0,0.0,
rolling_momentum_21d,2023-10-11 23:00:00+00:00,70,-0.024665341297557163,0.008660659609832911,0.45714285714285713,-0.0002463844656028113,-0.0003892416084599541,0.14285714285714285,1.0,0.0,
rolling_momentum_21d,2023-10-12 23:00:00+00:00,70,0.1174951646901243,0.1492607820838072,0.45714285714285713,0.004543688391394886,0.004543688391394886,0.0,1.0,0.0,
rolling_momentum_21d,2023-10-13 23:00:00+00:00,70,0.10427280579623617,0.15146531362085558,0.5285714285714286,0.008319145145579507,0.008247716574150936,0.07142857142857142,1.0,0.0,
rolling_momentum_21d,2023-10-16 23:00:00+00:00,70,0.004497856243653135,0.07182223777447293,0.4857142857142857,0.008065070448754168,0.007922213305897026,0.14285714285714285,1.0,0.0,
rolling_momentum_21d,2023-10-17 23:00:00+00:00,70,0.22131552076957897,0.23828186510366547,0.5,0.01639902721221062,0.016327598640782048,0.07142857142857142,1.0,0.0,
rolling_momentum_21d,2023-10-18 23:00:00+00:00,70,0.16986572332719108,0.061429446242673436,0.4714285714285714,0.01529248629787952,0.015149629155022378,0.14285714285714285,1.0,0.0,
rolling_momentum_21d,2023-10-19 23:00:00+00:00,70,0.16326304425674706,0.006526113200944799,0.42857142857142855,0.007029980240882837,0.0068871230980256945,0.14285714285714285,1.0,0.0,
rolling_momentum_21d,2023-10-20 23:00:00+00:00,70,0.1861682618534136,0.03896422010322806,0.42857142857142855,0.010771341010162635,0.010771341010162635,0.0,1.0,0.0,
rolling_momentum_21d,2023-10-23 23:00:00+00:00,70,0.23137696512657166,0.1024757239086694,0.44285714285714284,0.012149746297628636,0.012149746297628636,0.0,1.0,0.0,
rolling_momentum_21d,2023-10-24 23:00:00+00:00,70,0.11359535357391343,-0.08193508879363136,0.4142857142857143,-0.00134033312436946,-0.0014117616957980315,0.07142857142857142,1.0,0.0,
rolling_momentum_21d,2023-10-25 23:00:00+00:00,70,0.26191687834035804,-0.013804566529612459,0.4142857142857143,0.01044601923290574,0.01037459066147717,0.07142857142857142,1.0,0.0,
rolling_momentum_21d,2023-10-26 23:00:00+00:00,70,0.14857125203661342,0.0015921616656460504,0.38571428571428573,0.009234276009010745,0.009234276009010745,0.0,1.0,0.0,
rolling_momentum_21d,2023-10-27 23:00:00+00:00,70,0.10319302618765004,0.013314670632490595,0.5,-0.003957559847950611,-0.004171845562236326,0.21428571428571427,1.0,0.0,
rolling_momentum_21d,2023-10-30 23:00:00+00:00,70,0.2658121527741251,0.00873072111590679,0.37142857142857144,0.0018780484267109572,0.0018066198552823857,0.07142857142857142,1.0,0.0,
rolling_momentum_21d,2023-10-31 23:00:00+00:00,70,0.182615753590388,0.11314845595310997,0.44285714285714284,0.010215822067864672,0.010001536353578958,0.21428571428571427,1.0,0.0,
rolling_momentum_21d,2023-11-01 23:00:00+00:00,70,-0.04200382813757476,-0.05925990726970518,0.4,0.004481739481914657,0.004267453767628942,0.21428571428571427,1.0,0.0,
rolling_momentum_21d,2023-11-02 23:00:00+00:00,70,-0.35117601330866927,-0.3249584463301548,0.4,-0.017787074259014622,-0.017858502830443195,0.07142857142857142,1.0,0.0,
rolling_momentum_21d,2023-11-03 23:00:00+00:00,70,-0.40753607609074827,-0.3826611844982941,0.4714285714285714,-0.025786976095140888,-0.025786976095140888,0.0,1.0,0.0,
rolling_momentum_21d,2023-11-06 23:00:00+00:00,70,-0.36958295784159473,-0.35627679118187383,0.44285714285714284,-0.020413242832447148,-0.020413242832447148,0.0,1.0,0.0,
rolling_momentum_21d,2023-11-07 23:00:00+00:00,70,-0.3060086841526263,-0.2544134371446068,0.37142857142857144,-0.012094956904098756,-0.012237814046955899,0.14285714285714285,1.0,0.0,
rolling_momentum_21d,2023-11-08 23:00:00+00:00,70,-0.35917569556280804,-0.3464788732394366,0.35714285714285715,-0.02738921712649935,-0.027460645697927923,0.07142857142857142,1.0,0.0,
rolling_momentum_21d,2023-11-09 23:00:00+00:00,70,-0.18607692735737333,-0.22473974280465397,0.4,0.0015940181248539243,0.0013083038391396387,0.2857142857142857,1.0,0.0,
rolling_momentum_21d,2023-11-10 23:00:00+00:00,70,0.05387030260866706,-0.14548158516315282,0.5,0.009906980592418228,0.009621266306703943,0.2857142857142857,1.0,0.0,
rolling_momentum_21d,2023-11-13 23:00:00+00:00,70,-0.1553165730681574,-0.32782783658472575,0.4,-0.007813669561567337,-0.007813669561567337,0.0,1.0,0.0,
rolling_momentum_21d,2023-11-14 23:00:00+00:00,70,-0.22231084979976662,-0.20843320794331205,0.4,-0.013739956729852646,-0.013739956729852646,0.0,1.0,0.0,
rolling_momentum_21d,2023-11-15 23:00:00+00:00,70,-0.36497995495732044,-0.24283089843408273,0.42857142857142855,-0.03135486146365629,-0.03142629003508486,0.07142857142857142,1.0,0.0,
rolling_momentum_21d,2023-11-16 23:00:00+00:00,70,-0.10654915915661914,0.022517714985565564,0.5571428571428572,-0.015341602113503876,-0.015341602113503876,0.0,1.0,0.0,
rolling_momentum_21d,2023-11-17 23:00:00+00:00,70,-0.213228150669186,-0.0642638439331642,0.42857142857142855,-0.021370707834113403,-0.021370707834113403,0.0,1.0,0.0,
rolling_momentum_21d,2023-11-20 23:00:00+00:00,70,-0.2428275699261357,0.02034817601259732,0.5142857142857142,-0.010996484132333843,-0.011067912703762414,0.07142857142857142,1.0,0.0,
rolling_momentum_21d,2023-11-21 23:00:00+00:00,70,0.06437965612195995,0.17851456565479834,0.5857142857142857,0.00288012504955779,0.002665839335272076,0.21428571428571427,1.0,0.0,
rolling_momentum_21d,2023-11-22 23:00:00+00:00,70,0.2981079240225729,0.3123961158253871,0.6428571428571429,0.018971226948660484,0.018828369805803342,0.14285714285714285,1.0,0.0,
rolling_momentum_21d,2023-11-23 23:00:00+00:00,70,-0.004709779118753571,-0.021852856268043043,0.5142857142857142,0.0055303969912214,0.005458968419792829,0.07142857142857142,1.0,0.0,
rolling_momentum_21d,2023-11-24 23:00:00+00:00,70,-0.021744215358141424,-0.029971131134633885,0.6142857142857143,0.008614674588134627,0.008400388873848913,0.21428571428571427,1.0,0.0,
rolling_momentum_21d,2023-11-27 23:00:00+00:00,70,0.19855014597272852,0.23145831510803958,0.6285714285714286,0.024100717108931472,0.024100717108931472,0.0,1.0,0.0,
rolling_momentum_21d,2023-11-28 23:00:00+00:00,70,0.2200413834041054,0.3330767211967457,0.6571428571428571,0.022948955514648275,0.022806098371791133,0.14285714285714285,1.0,0.0,
rolling_momentum_21d,2023-11-29 23:00:00+00:00,70,0.23714475831867649,0.37916192809028076,0.6714285714285714,0.019941272257154422,0.019941272257154422,0.0,1.0,0.0,
rolling_momentum_21d,2023-11-30 23:00:00+00:00,70,0.436172115528293,0.49257282827399174,0.6285714285714286,0.02862056526336823,0.028549136691939658,0.07142857142857142,1.0,0.0,
rolling_momentum_21d,2023-12-01 23:00:00+00:00,70,0.37476744380147986,0.4559356136820925,0.5285714285714286,0.02518493345994458,0.025042076317087436,0.14285714285714285,1.0,0.0,
rolling_momentum_21d,2023-12-04 23:00:00+00:00,70,0.1640174374195652,0.3064473799317645,0.5,0.011414483131492788,0.011414483131492788,0.0,1.0,0.0,
rolling_momentum_21d,2023-12-05 23:00:00+00:00,70,-0.07007523289285955,0.11846732569329017,0.4,0.0054649540524897,0.005393525481061129,0.07142857142857142,1.0,0.0,
rolling_momentum_21d,2023-12-06 23:00:00+00:00,70,0.10246313121119469,0.1384480797830461,0.44285714285714284,0.008425361494150347,0.008425361494150347,0.0,1.0,0.0,
rolling_momentum_21d,2023-12-07 23:00:00+00:00,70,0.07714184041077599,0.1783396028343977,0.5857142857142857,0.006430466864578995,0.006430466864578995,0.0,1.0,0.0,
rolling_momentum_21d,2023-12-08 23:00:00+00:00,70,0.036000357889952525,0.12532586825299624,0.5142857142857142,0.004199530447588436,0.004056673304731293,0.14285714285714285,1.0,0.0,
rolling_momentum_21d,2023-12-11 23:00:00+00:00,70,0.19394017764337843,0.19328819146438303,0.5285714285714286,0.008399761665404315,0.008256904522547173,0.14285714285714285,1.0,0.0,
rolling_momentum_21d,2023-12-12 23:00:00+00:00,70,0.24826354610508516,0.12351057694822846,0.6,0.007553363764236725,0.007553363764236725,0.0,1.0,0.0,
rolling_momentum_21d,2023-12-13 23:00:00+00:00,70,0.1841558446040866,0.09435744904207856,0.5714285714285714,0.004080089590731155,0.004080089590731155,0.0,1.0,0.0,
rolling_momentum_21d,2023-12-14 23:00:00+00:00,70,0.16605874160836642,0.07969556469250283,0.44285714285714284,0.001118598733882035,0.001118598733882035,0.0,1.0,0.0,
rolling_momentum_21d,2023-12-15 23:00:00+00:00,70,0.22035031474575661,0.17368559181174,0.5,0.004152067920125,0.004152067920125,0.0,1.0,0.0,
rolling_momentum_21d,2023-12-18 23:00:00+00:00,70,0.09810719456850653,0.05026681830111101,0.45714285714285713,0.0028664759624745604,0.002795047391045989,0.07142857142857142,1.0,0.0,
rolling_momentum_21d,2023-12-19 23:00:00+00:00,70,-0.1393053448362653,-0.030286064211355084,0.45714285714285713,-0.004841231186086894,-0.004912659757515465,0.07142857142857142,1.0,0.0,
rolling_momentum_21d,2023-12-20 23:00:00+00:00,70,-0.2741684486372229,-0.09512728545184147,0.44285714285714284,-0.003768949676944111,-0.0038403782483726824,0.07142857142857142,1.0,0.0,
rolling_momentum_21d,2023-12-21 23:00:00+00:00,70,-0.08393878671337396,0.022097804216603973,0.4714285714285714,0.00012857985112857813,-1.4277291728564712e-05,0.14285714285714285,1.0,0.0,
rolling_momentum_21d,2023-12-22 23:00:00+00:00,70,-0.04585231345307903,0.14320706849794418,0.5,-0.0013010829840855885,-0.0013010829840855885,0.0,1.0,0.0,
rolling_momentum_21d,2023-12-27 23:00:00+00:00,70,-0.1549159912257471,0.040293937538273115,0.45714285714285713,-0.004537180122386929,-0.004537180122386929,0.0,1.0,0.0,
rolling_momentum_21d,2023-12-28 23:00:00+00:00,70,0.2442287850398181,0.2031214460677128,0.4,0.00994011755007591,0.009868688978647339,0.07142857142857142,1.0,0.0,
rolling_momentum_21d,2023-12-29 23:00:00+00:00,70,0.18199779261207738,0.21028781383955905,0.4142857142857143,0.006671015845246013,0.00652815870238887,0.14285714285714285,1.0,0.0,
rolling_momentum_21d,2024-07-01 23:00:00+00:00,70,0.13449695564678005,0.06174491947502015,0.4857142857142857,0.0019066391415291368,0.0006923534272434227,1.2142857142857142,1.0,0.0,
rolling_momentum_21d,2024-07-02 23:00:00+00:00,70,0.07870047969232795,-0.02864141369958884,0.4,0.016465020090075198,0.016393591518646625,0.07142857142857142,1.0,0.0,
rolling_momentum_21d,2024-07-03 23:00:00+00:00,70,-0.35176586443558405,-0.3225789519727058,0.42857142857142855,-0.02219368845821613,-0.022336545601073274,0.14285714285714285,1.0,0.0,
rolling_momentum_21d,2024-07-04 23:00:00+00:00,70,-0.4082617828902445,-0.3622955122036567,0.4714285714285714,-0.016577158083601832,-0.016577158083601832,0.0,1.0,0.0,
rolling_momentum_21d,2024-07-05 23:00:00+00:00,70,-0.4414884686937195,-0.5359636077333566,0.42857142857142855,-0.02207765911959561,-0.022149087691024184,0.07142857142857142,1.0,0.0,
rolling_momentum_21d,2024-07-08 23:00:00+00:00,70,-0.262188728750041,-0.4529262531712011,0.45714285714285713,-0.025789072666374847,-0.02586050123780342,0.07142857142857142,1.0,0.0,
rolling_momentum_21d,2024-07-09 23:00:00+00:00,70,-0.11465400399500966,-0.30676231300848567,0.4857142857142857,-0.01482448034859025,-0.014895908920018821,0.07142857142857142,1.0,0.0,
rolling_momentum_21d,2024-07-10 23:00:00+00:00,70,-0.01648542745810866,-0.16014346951272854,0.5,-0.006977664808356825,-0.006977664808356825,0.0,1.0,0.0,
rolling_momentum_21d,2024-07-11 23:00:00+00:00,70,-0.3070003341762826,-0.3712186160440907,0.42857142857142855,-0.019328325314428473,-0.01954261102871419,0.21428571428571427,1.0,0.0,
rolling_momentum_21d,2024-07-12 23:00:00+00:00,70,-0.22125158677462173,-0.19594086256670457,0.44285714285714284,-0.01919733254525533,-0.019340189688112474,0.14285714285714285,1.0,0.0,
rolling_momentum_21d,2024-07-15 23:00:00+00:00,70,-0.16078908167707975,-0.17693990027119236,0.35714285714285715,-0.006797156816032447,-0.006797156816032447,0.0,1.0,0.0,
rolling_momentum_21d,2024-07-16 23:00:00+00:00,70,-0.15155117254044612,-0.23898171638526813,0.45714285714285713,-0.012545723125549031,-0.012545723125549031,0.0,1.0,0.0,
rolling_momentum_21d,2024-07-17 23:00:00+00:00,70,-0.12709273196037044,-0.19863529000087482,0.42857142857142855,-0.009016470650375056,-0.009302184936089341,0.2857142857142857,1.0,0.0,
rolling_momentum_21d,2024-07-18 23:00:00+00:00,70,0.08119069711791153,-0.06923278803254308,0.4714285714285714,-0.00130943338270759,-0.0013808619541361615,0.07142857142857142,1.0,0.0,
rolling_momentum_21d,2024-07-19 23:00:00+00:00,70,0.16644642985746944,-0.043548245997725485,0.5,0.005535332832378578,0.005249618546664292,0.2857142857142857,1.0,0.0,
rolling_momentum_21d,2024-07-22 23:00:00+00:00,70,0.17080364060381015,-0.1672469600209955,0.4,-0.004259503686878807,-0.0044737894011645215,0.21428571428571427,1.0,0.0,
rolling_momentum_21d,2024-07-23 23:00:00+00:00,70,0.1106010558027466,-0.17109614206981016,0.4714285714285714,-0.0024420788941042506,-0.002513507465532822,0.07142857142857142,1.0,0.0,
rolling_momentum_21d,2024-07-24 23:00:00+00:00,70,0.08136573758617903,-0.024302335753652347,0.5285714285714286,-0.0032587417595011004,-0.0033301703309296716,0.07142857142857142,1.0,0.0,
rolling_momentum_21d,2024-07-25 23:00:00+00:00,70,0.15489048214583231,0.07458665033680342,0.4857142857142857,0.0024404765504845495,0.0022976194076274065,0.14285714285714285,1.0,0.0,
rolling_momentum_21d,2024-07-26 23:00:00+00:00,70,0.2922282570624183,0.27232962995363486,0.6,0.014900056718984063,0.014828628147555492,0.07142857142857142,1.0,0.0,
rolling_momentum_21d,2024-07-29 23:00:00+00:00,70,0.2703390434296038,0.19359636077333567,0.5714285714285714,0.014154447847063748,0.014154447847063748,0.0,1.0,0.0,
rolling_momentum_21d,2024-07-30 23:00:00+00:00,70,0.07071132883036634,0.053661097016883916,0.4857142857142857,0.009124606555043342,0.008910320840757628,0.21428571428571427,1.0,0.0,
rolling_momentum_21d,2024-07-31 23:00:00+00:00,70,0.13095966711528928,0.19753475230177886,0.5714285714285714,0.011431545322381902,0.011431545322381902,0.0,1.0,0.0,
rolling_momentum_21d,2024-08-01 23:00:00+00:00,70,0.13420966995635986,0.024547283702213277,0.5142857142857142,0.005678764695173393,0.0055359075523162505,0.14285714285714285,1.0,0.0,
rolling_momentum_21d,2024-08-02 23:00:00+00:00,70,0.0401005122821275,0.026261919342139797,0.5,-0.0009142770360543096,-0.0009142770360543096,0.0,1.0,0.0,
rolling_momentum_21d,2024-08-05 23:00:00+00:00,70,-0.0028298515941310846,0.1255008310733969,0.5571428571428572,-0.0009544910204741263,-0.001240205306188412,0.2857142857142857,1.0,0.0,
rolling_momentum_21d,2024-08-06 23:00:00+00:00,70,0.1370036196532431,0.2065086169189047,0.6285714285714286,0.007497571991277517,0.007426143419848946,0.07142857142857142,1.0,0.0,
rolling_momentum_21d,2024-08-07 23:00:00+00:00,70,0.07392997735888988,0.14733619105939988,0.6285714285714286,0.0017721290709598139,0.0017007004995312424,0.07142857142857142,1.0,0.0,
rolling_momentum_21d,2024-08-08 23:00:00+00:00,70,0.06635006010249546,0.27638876738693025,0.6428571428571429,0.00715077608791783,0.007079347516489259,0.07142857142857142,1.0,0.0,
rolling_momentum_21d,2024-08-09 23:00:00+00:00,70,-0.1340327723411809,-0.1843233312921004,0.4142857142857143,-0.005571501758439939,-0.005714358901297081,0.14285714285714285,1.0,0.0,
rolling_momentum_21d,2024-08-12 23:00:00+00:00,70,0.05320050159896346,-0.05747528650161841,0.45714285714285713,0.005181736577307534,0.005038879434450392,0.14285714285714285,1.0,0.0,
rolling_momentum_21d,2024-08-13 23:00:00+00:00,70,0.047351486822557486,0.00194208730644738,0.4857142857142857,0.005560848102470435,0.005489419531041864,0.07142857142857142,1.0,0.0,
rolling_momentum_21d,2024-08-14 23:00:00+00:00,70,0.15631004064090975,0.10964919954509666,0.4857142857142857,0.009523927017962532,0.00938106987510539,0.14285714285714285,1.0,0.0,
rolling_momentum_21d,2024-08-15 23:00:00+00:00,70,-0.11300415898943658,-0.11699763800192459,0.5142857142857142,-0.004929039594952127,-0.005000468166380698,0.07142857142857142,1.0,0.0,
rolling_momentum_21d,2024-08-16 23:00:00+00:00,70,0.06473111988497583,-0.023427521651649026,0.5,0.0012544481105631325,0.001183019539134561,0.07142857142857142,1.0,0.0,
rolling_momentum_21d,2024-08-19 23:00:00+00:00,70,0.015422240165066572,-0.06569853906044966,0.5,-0.005455165579498679,-0.00552659415092725,0.07142857142857142,1.0,0.0,
rolling_momentum_21d,2024-08-20 23:00:00+00:00,70,-0.0746396108304698,-0.1836584725745779,0.44285714285714284,-0.01860739968819945,-0.01860739968819945,0.0,1.0,0.0,
rolling_momentum_21d,2024-08-21 23:00:00+00:00,70,-0.22469387349374811,-0.2716647712361123,0.4,-0.026109055827928156,-0.026109055827928156,0.0,1.0,0.0,
rolling_momentum_21d,2024-08-22 23:00:00+00:00,70,-0.0370217194824413,-0.027906569853906046,0.42857142857142855,-0.012203381308495574,-0.012203381308495574,0.0,1.0,0.0,
rolling_momentum_21d,2024-08-23 23:00:00+00:00,70,-0.17409321224109492,-0.1513791565026564,0.42857142857142855,-0.019932477206884142,-0.019932477206884142,0.0,1.0,0.0,
rolling_momentum_21d,2024-08-26 23:00:00+00:00,70,-0.06917809200738384,-0.03523782029546347,0.4714285714285714,-0.00980570733773558,-0.009948564480592722,0.14285714285714285,1.0,0.0,
rolling_momentum_21d,2024-08-27 23:00:00+00:00,70,-0.09725324860986662,-0.08812877263581488,0.5142857142857142,-0.001961138080692064,-0.002175423794977778,0.21428571428571427,1.0,0.0,
rolling_momentum_21d,2024-08-28 23:00:00+00:00,70,0.33562382080259623,0.31201119762050566,0.6285714285714286,0.012303366029109952,0.01223193745768138,0.07142857142857142,1.0,0.0,
rolling_momentum_21d,2024-08-29 23:00:00+00:00,70,0.08429705158537465,-0.018353599860029744,0.4857142857142857,0.010754838147212531,0.010611981004355389,0.14285714285714285,1.0,0.0,
rolling_momentum_21d,2024-08-30 23:00:00+00:00,70,0.17981839374868003,0.06937275828886362,0.5428571428571428,0.014364485084737685,0.014293056513309114,0.07142857142857142,1.0,0.0,
rolling_momentum_21d,2024-09-02 23:00:00+00:00,70,0.21247207789132647,0.06114950573003237,0.5,0.011330036118733726,0.011187178975876583,0.14285714285714285,1.0,0.0,
rolling_momentum_21d,2024-09-03 23:00:00+00:00,70,0.4482807289633357,0.35183273554369693,0.5857142857142857,0.03072232662392112,0.030650898052492548,0.07142857142857142,1.0,0.0,
rolling_momentum_21d,2024-09-04 23:00:00+00:00,70,0.2755179474014611,0.161053276178812,0.5428571428571428,0.0274722514037989,0.0274722514037989,0.0,1.0,0.0,
rolling_momentum_21d,2024-09-05 23:00:00+00:00,70,0.20203534721982866,0.15340874297449042,0.5428571428571428,0.026833687624522727,0.026833687624522727,0.0,1.0,0.0,
rolling_momentum_21d,2024-09-06 23:00:00+00:00,70,0.2874038498078394,0.2511591286851544,0.5857142857142857,0.0393018872733367,0.03923045870190813,0.07142857142857142,1.0,0.0,
rolling_momentum_21d,2024-09-09 23:00:00+00:00,70,0.29506644114151537,0.22309509229288776,0.6,0.03428423883441351,0.0340699531201278,0.21428571428571427,1.0,0.0,
rolling_momentum_21d,2024-09-10 23:00:00+00:00,70,0.3565360515137954,0.22155541947336188,0.6142857142857143,0.027170546953649916,0.027099118382221343,0.07142857142857142,1.0,0.0,
rolling_momentum_21d,2024-09-11 23:00:00+00:00,70,0.35292306158501835,0.23684716997638,0.7,0.019591636144638956,0.019520207573210383,0.07142857142857142,1.0,0.0,
rolling_momentum_21d,2024-09-12 23:00:00+00:00,70,0.4383584600875284,0.3052926253171201,0.6142857142857143,0.018662665407173477,0.018662665407173477,0.0,1.0,0.0,
rolling_momentum_21d,2024-09-13 23:00:00+00:00,70,-0.01345641039354991,-0.07654623392529088,0.42857142857142855,0.005970729116272628,0.005970729116272628,0.0,1.0,0.0,
rolling_momentum_21d,2024-09-16 23:00:00+00:00,70,-0.01856868720100094,0.031545796518239876,0.4142857142857143,0.005405259872249896,0.005333831300821325,0.07142857142857142,1.0,0.0,
rolling_momentum_21d,2024-09-17 23:00:00+00:00,70,-0.30745732415364097,-0.24286589099816286,0.35714285714285715,-0.012359618528892974,-0.012431047100321545,0.07142857142857142,1.0,0.0,
rolling_momentum_21d,2024-09-18 23:00:00+00:00,70,-0.26125670576126087,-0.3058175137783221,0.45714285714285713,-0.00959735259119909,-0.009668781162627661,0.07142857142857142,1.0,0.0,
rolling_momentum_21d,2024-09-19 23:00:00+00:00,70,-0.20648384895766334,-0.2611320094479923,0.42857142857142855,-0.012469749115301286,-0.012541177686729858,0.07142857142857142,1.0,0.0,
rolling_momentum_21d,2024-09-20 23:00:00+00:00,70,-0.003962308749671733,-0.0029918642288513687,0.5571428571428572,0.00021945823237741878,5.172518091704504e-06,0.21428571428571427,1.0,0.0,
rolling_momentum_21d,2024-09-23 23:00:00+00:00,70,-0.13965671271153848,-0.14551657772723295,0.5142857142857142,-0.0026444417943634066,-0.002715870365791978,0.07142857142857142,1.0,0.0,
rolling_momentum_21d,2024-09-24 23:00:00+00:00,70,0.00035248694426884134,-0.01985828011547546,0.4714285714285714,0.003194573128848986,0.003194573128848986,0.0,1.0,0.0,
rolling_momentum_21d,2024-09-25 23:00:00+00:00,70,0.11220313242591173,0.0995013559618581,0.5571428571428572,0.009452685304930635,0.009452685304930635,0.0,1.0,0.0,
rolling_momentum_21d,2024-09-26 23:00:00+00:00,70,0.017298067475207946,0.12035692415361735,0.5857142857142857,0.0066316183844717675,0.0066316183844717675,0.0,1.0,0.0,
rolling_momentum_21d,2024-09-27 23:00:00+00:00,70,-0.1785424184839623,-0.2103577989677194,0.4,-0.003458677601018407,-0.00360153474387555,0.14285714285714285,1.0,0.0,
rolling_momentum_21d,2024-09-30 23:00:00+00:00,70,-0.20084410700931363,-0.3831510803954159,0.2714285714285714,-0.015204420671062724,-0.015275849242491295,0.07142857142857142,1.0,0.0,
rolling_momentum_21d,2024-10-01 23:00:00+00:00,70,-0.1271719256315511,-0.352112676056338,0.3,-0.0068213883510341395,-0.0068213883510341395,0.0,1.0,0.0,
rolling_momentum_21d,2024-10-02 23:00:00+00:00,70,-0.17054677930179732,-0.3980579126935526,0.3142857142857143,-0.015532576890431731,-0.015604005461860302,0.07142857142857142,1.0,0.0,
rolling_momentum_21d,2024-10-03 23:00:00+00:00,70,-0.09326921763240018,-0.28821625404601525,0.3142857142857143,-0.01203743630001501,-0.01203743630001501,0.0,1.0,0.0,
rolling_momentum_21d,2024-10-04 23:00:00+00:00,70,-0.025852167555859867,-0.27820838071909715,0.3142857142857143,-0.009178788743803207,-0.009250217315231778,0.07142857142857142,1.0,0.0,
rolling_momentum_21d,2024-10-07 23:00:00+00:00,70,-0.06224688516586614,-0.25815764150118103,0.38571428571428573,-0.010235272150572995,-0.010449557864858709,0.21428571428571427,1.0,0.0,
rolling_momentum_21d,2024-10-08 23:00:00+00:00,70,-0.0020909851007103034,-0.12959496107077245,0.42857142857142855,-0.013323725407603144,-0.013466582550460286,0.14285714285714285,1.0,0.0,
rolling_momentum_21d,2024-10-09 23:00:00+00:00,70,0.05189741611131206,-0.02381243985653049,0.4142857142857143,-0.009251247468436948,-0.009322676039865519,0.07142857142857142,1.0,0.0,
rolling_momentum_21d,2024-10-10 23:00:00+00:00,70,0.025950676753088743,0.052366372145918993,0.5,-0.009932559718403941,-0.010075416861261084,0.14285714285714285,1.0,0.0,
rolling_momentum_21d,2024-10-11 23:00:00+00:00,70,0.16667224563203936,0.08144519289650949,0.5714285714285714,0.003044862704002136,0.0026162912754307075,0.42857142857142855,1.0,0.0,
rolling_momentum_21d,2024-10-14 23:00:00+00:00,70,-0.06906146970409,-0.10478523313795816,0.4857142857142857,-0.005100196582946821,-0.005314482297232535,0.21428571428571427,1.0,0.0,
rolling_momentum_21d,2024-10-15 23:00:00+00:00,70,-0.2099587805494178,-0.21007785845507826,0.45714285714285713,-0.010305970599788706,-0.010448827742645848,0.14285714285714285,1.0,0.0,
rolling_momentum_21d,2024-10-16 23:00:00+00:00,70,-0.35690065049186226,-0.27169976380019245,0.44285714285714284,-0.0173142661764695,-0.017385694747898073,0.07142857142857142,1.0,0.0,
rolling_momentum_21d,2024-10-17 23:00:00+00:00,70,-0.3018377129949882,-0.16437756976642462,0.4,-0.009351189347203285,-0.009565475061488998,0.21428571428571427,1.0,0.0,
rolling_momentum_21d,2024-10-18 23:00:00+00:00,70,-0.2330265376659727,-0.11969206543609483,0.4,-0.0037620321804853283,-0.0038334607519138995,0.07142857142857142,1.0,0.0,
rolling_momentum_21d,2024-10-21 23:00:00+00:00,70,-0.17607932874370377,-0.12492454662840576,0.44285714285714284,-0.0012679003143078321,-0.0014821860285935463,0.21428571428571427,1.0,0.0,
rolling_momentum_21d,2024-10-22 23:00:00+00:00,70,-0.01876445977745265,0.17972338136792493,0.6142857142857143,0.005789125472332682,0.00571769690090411,0.07142857142857142,1.0,0.0,
rolling_momentum_21d,2024-10-23 23:00:00+00:00,70,-0.01173815035536333,0.12361231399575445,0.5714285714285714,0.005405389979210611,0.00533396140778204,0.07142857142857142,1.0,0.0,
rolling_momentum_21d,2024-10-24 23:00:00+00:00,70,-0.31351555093558786,-0.06356399265156154,0.4857142857142857,-0.006996709309565881,-0.007068137880994452,0.07142857142857142,1.0,0.0,
rolling_momentum_21d,2024-10-25 23:00:00+00:00,70,-0.2597391407398234,-0.13596479717777887,0.38571428571428573,-0.006698854500797882,-0.006698854500797882,0.0,1.0,0.0,
rolling_momentum_21d,2024-10-28 23:00:00+00:00,70,-0.1636375607683049,-0.16757655357222728,0.38571428571428573,-0.00761505653074836,-0.00761505653074836,0.0,1.0,0.0,
rolling_momentum_21d,2024-10-29 23:00:00+00:00,70,-0.023415745940487308,0.003971656023095092,0.5142857142857142,-0.0025026186744968775,-0.0025740472459254487,0.07142857142857142,1.0,0.0,
rolling_momentum_21d,2024-10-30 23:00:00+00:00,70,-0.15940094234998406,-0.05936488496194558,0.4714285714285714,-0.0047757444523976065,-0.004918601595254749,0.14285714285714285,1.0,0.0,
rolling_momentum_21d,2024-10-31 23:00:00+00:00,70,0.037093547805652875,0.1152130172338378,0.5428571428571428,0.0037026256250905307,0.0036311970536619595,0.07142857142857142,1.0,0.0,
rolling_momentum_21d,2024-11-01 23:00:00+00:00,70,-0.042854716386455396,-0.07574140495144782,0.5285714285714286,-3.627080975217555e-05,-0.0001791279526093184,0.14285714285714285,1.0,0.0,
rolling_momentum_21d,2024-11-04 23:00:00+00:00,70,-0.20400913335117565,-0.010095354737118362,0.5571428571428572,-0.004879198922204066,-0.004950627493632637,0.07142857142857142,1.0,0.0,
rolling_momentum_21d,2024-11-05 23:00:00+00:00,70,-0.14811447319704596,-0.01688391216866416,0.44285714285714284,-0.0014454230471078074,-0.0015882801899649503,0.14285714285714285,1.0,0.0,
rolling_momentum_21d,2024-11-06 23:00:00+00:00,70,0.3760509929485931,0.31019429792367026,0.5,0.03415144974867951,0.03400859260582236,0.14285714285714285,1.0,0.0,
rolling_momentum_21d,2024-11-07 23:00:00+00:00,70,0.20832704371064145,0.21144256845420345,0.5285714285714286,0.0225786452476202,0.022507216676191627,0.07142857142857142,1.0,0.0,
rolling_momentum_21d,2024-11-08 23:00:00+00:00,70,0.1497961138369,0.18463826436882164,0.5428571428571428,0.023070835566155554,0.022927978423298412,0.14285714285714285,1.0,0.0,
rolling_momentum_21d,2024-11-11 23:00:00+00:00,70,0.15261544694843188,0.11237861954334702,0.4142857142857143,0.031376035472641,0.03130460690121243,0.07142857142857142,1.0,0.0,
rolling_momentum_21d,2024-11-12 23:00:00+00:00,70,0.3330370068490799,0.25934738867990553,0.4857142857142857,0.036488977373688745,0.036417548802260176,0.07142857142857142,1.0,0.0,
rolling_momentum_21d,2024-11-13 23:00:00+00:00,70,0.2812968846057773,0.2300236199807541,0.5285714285714286,0.01648304033385603,0.016340183190998888,0.14285714285714285,1.0,0.0,
rolling_momentum_21d,2024-11-14 23:00:00+00:00,70,0.3923427187659205,0.326848044790482,0.5285714285714286,0.03111731641765844,0.0309744592748013,0.14285714285714285,1.0,0.0,
rolling_momentum_21d,2024-11-15 23:00:00+00:00,70,0.23099334206414054,0.10384134233047454,0.45714285714285713,0.017279731938253183,0.01720830336682461,0.07142857142857142,1.0,0.0,
rolling_momentum_21d,2024-11-18 23:00:00+00:00,70,0.3021877908018147,0.1692415361735631,0.4,0.019810995881658876,0.019810995881658876,0.0,1.0,0.0,
rolling_momentum_21d,2024-11-19 23:00:00+00:00,70,0.18009399150130068,0.07875145439418127,0.4142857142857143,0.0128342668246132,0.0128342668246132,0.0,1.0,0.0,
rolling_momentum_21d,2024-11-20 23:00:00+00:00,70,0.22802182495088308,0.05716035342489721,0.38571428571428573,0.015963193600855487,0.015820336457998345,0.14285714285714285,1.0,0.0,
rolling_momentum_21d,2024-11-21 23:00:00+00:00,70,0.25224142702016794,0.13284926953022483,0.4142857142857143,0.015719135741618203,0.01557627859876106,0.14285714285714285,1.0,0.0,
rolling_momentum_21d,2024-11-22 23:00:00+00:00,70,0.42613539926377164,0.3241186247922317,0.4142857142857143,0.024751523021808046,0.024751523021808046,0.0,1.0,0.0,
rolling_momentum_21d,2024-11-25 23:00:00+00:00,70,0.21501089419580494,0.122631440818826,0.4714285714285714,0.015993057113227963,0.01592162854179939,0.07142857142857142,1.0,0.0,
rolling_momentum_21d,2024-11-26 23:00:00+00:00,70,0.16220855298989964,0.023217566267168227,0.4857142857142857,0.011791112157847741,0.01171968358641917,0.07142857142857142,1.0,0.0,
rolling_momentum_21d,2024-11-27 23:00:00+00:00,70,-0.19799529498036833,-0.23702213279678067,0.5,-0.007945557864075171,-0.008088415006932314,0.14285714285714285,1.0,0.0,
rolling_momentum_21d,2024-11-28 23:00:00+00:00,70,-0.2916355325856803,-0.3862654185985478,0.4142857142857143,-0.019335081736299387,-0.01940651030772796,0.07142857142857142,1.0,0.0,
rolling_momentum_21d,2024-11-29 23:00:00+00:00,70,-0.30462958520340394,-0.2905607558393841,0.42857142857142855,-0.013732233918580689,-0.013732233918580689,0.0,1.0,0.0,
rolling_momentum_21d,2024-12-02 23:00:00+00:00,70,0.04103809485897695,0.21053276178812,0.5142857142857142,0.006981410675835495,0.0069099821044069235,0.07142857142857142,1.0,0.0,
rolling_momentum_21d,2024-12-03 23:00:00+00:00,70,0.17430568446034897,0.2554632140670107,0.5714285714285714,0.00880806653344285,0.00880806653344285,0.0,1.0,0.0,
rolling_momentum_21d,2024-12-04 23:00:00+00:00,70,0.3202858874579918,0.35708162015571693,0.5571428571428572,0.01748724846571512,0.017415819894286547,0.07142857142857142,1.0,0.0,
rolling_momentum_21d,2024-12-05 23:00:00+00:00,70,0.1252378757450168,0.12767037004636514,0.5142857142857142,0.01646137234718699,0.01646137234718699,0.0,1.0,0.0,
rolling_momentum_21d,2024-12-06 23:00:00+00:00,70,-0.07466163342607338,-0.027311696264543783,0.5142857142857142,0.002347752650175821,0.002347752650175821,0.0,1.0,0.0,
rolling_momentum_21d,2024-12-09 23:00:00+00:00,70,-0.22511110488899275,-0.1054500918554807,0.4857142857142857,-0.00828089843085245,-0.008423755573709592,0.14285714285714285,1.0,0.0,
rolling_momentum_21d,2024-12-10 23:00:00+00:00,70,-0.3702337212381934,-0.1927915317994926,0.5285714285714286,-0.022471305381761543,-0.022471305381761543,0.0,1.0,0.0,
rolling_momentum_21d,2024-12-11 23:00:00+00:00,70,-0.3082197616586933,-0.2017863860315691,0.5428571428571428,-0.01821425000864796,-0.01821425000864796,0.0,1.0,0.0,
rolling_momentum_21d,2024-12-12 23:00:00+00:00,70,-0.33446172211740843,-0.24671507304697754,0.44285714285714284,-0.015376231396922182,-0.015447659968350753,0.07142857142857142,1.0,0.0,
rolling_momentum_21d,2024-12-13 23:00:00+00:00,70,-0.04867912366381176,0.049426996763187826,0.44285714285714284,-0.00223899602373635,-0.00223899602373635,0.0,1.0,0.0,
rolling_momentum_21d,2024-12-16 23:00:00+00:00,70,0.1956104407385437,0.20664858717522525,0.6,0.008404075607685038,0.008261218464827896,0.14285714285714285,1.0,0.0,
rolling_momentum_21d,2024-12-17 23:00:00+00:00,70,0.15428841833848034,0.1565042428483947,0.5571428571428572,0.010190196872021284,0.010190196872021284,0.0,1.0,0.0,
rolling_momentum_21d,2024-12-18 23:00:00+00:00,70,-0.0910474738364404,0.021852856268043043,0.5571428571428572,-0.011688961532281057,-0.011903247246566771,0.21428571428571427,1.0,0.0,
rolling_momentum_21d,2024-12-19 23:00:00+00:00,70,-0.040027609955289124,0.10716472749540723,0.5285714285714286,-0.004789705516758525,-0.004861134088187096,0.07142857142857142,1.0,0.0,
rolling_momentum_21d,2024-12-20 23:00:00+00:00,70,0.03306428810313212,0.08343976904907707,0.5,-0.0016268257827947218,-0.0016982543542232932,0.07142857142857142,1.0,0.0,
rolling_momentum_21d,2024-12-23 23:00:00+00:00,70,0.03266505552342655,0.03525500831073397,0.4714285714285714,-0.0078503209175541,-0.0078503209175541,0.0,1.0,0.0,
rolling_momentum_21d,2024-12-24 23:00:00+00:00,70,0.009816615090497213,0.007226217350845497,0.4142857142857143,-0.0025414020069695503,-0.002684259149826693,0.14285714285714285,1.0,0.0,
rolling_momentum_21d,2024-12-27 23:00:00+00:00,70,0.018094405738611173,-0.02965619805791269,0.5142857142857142,0.0020350333705129405,0.0018921762276557976,0.14285714285714285,1.0,0.0,
rolling_momentum_21d,2024-12-30 23:00:00+00:00,70,0.1517982304081068,0.10475024057387805,0.4714285714285714,0.004516029086095818,0.004444600514667247,0.07142857142857142,1.0,0.0,
rolling_momentum_21d,2024-12-31 23:00:00+00:00,70,0.07446370978635963,-0.003061849357011635,0.45714285714285713,0.004309610633361967,0.004238182061933396,0.07142857142857142,1.0,0.0,
